<?xml version="1.0" encoding="UTF-8"?>
<gpx xmlns="http://www.topografix.com/GPX/1/1" xmlns:xsi="http://www.w3.org/2001/XMLSchema-instance" xsi:schemaLocation="http://www.topografix.com/GPX/1/1 http://www.topografix.com/GPX/1/1/gpx.xsd" version="1.1" creator="gpx.py -- https://github.com/tkrajina/gpxpy">
  <trk>
    <name>Sat: Bamboo Garden Lodge to Fisherman's Camp</name>
    <trkseg>
      <trkpt lat="-0.979663" lon="36.640091">
        <ele>2406.7</ele>
      </trkpt>
      <trkpt lat="-0.9802" lon="36.6407809">
        <ele>2414.5</ele>
      </trkpt>
      <trkpt lat="-0.98022" lon="36.6408">
        <ele>2414.9</ele>
      </trkpt>
      <trkpt lat="-0.97995" lon="36.64099">
        <ele>2413.8</ele>
      </trkpt>
      <trkpt lat="-0.97976" lon="36.6409499">
        <ele>2413.9</ele>
      </trkpt>
      <trkpt lat="-0.97934" lon="36.64092">
        <ele>2414.1</ele>
      </trkpt>
      <trkpt lat="-0.97888" lon="36.64084">
        <ele>2416.1</ele>
      </trkpt>
      <trkpt lat="-0.97847" lon="36.640778">
        <ele>2417.7539062</ele>
      </trkpt>
      <trkpt lat="-0.977826" lon="36.6405839">
        <ele>2422.4179687</ele>
      </trkpt>
      <trkpt lat="-0.977333" lon="36.640391">
        <ele>2424.03125</ele>
      </trkpt>
      <trkpt lat="-0.976667" lon="36.640091">
        <ele>2424.5234375</ele>
      </trkpt>
      <trkpt lat="-0.976603" lon="36.640048">
        <ele>2424.3945312</ele>
      </trkpt>
      <trkpt lat="-0.976496" lon="36.639919">
        <ele>2423.40625</ele>
      </trkpt>
      <trkpt lat="-0.976431" lon="36.639812">
        <ele>2422.421875</ele>
      </trkpt>
      <trkpt lat="-0.976024" lon="36.639361">
        <ele>2420.1210937</ele>
      </trkpt>
      <trkpt lat="-0.975916" lon="36.639276">
        <ele>2420.78125</ele>
      </trkpt>
      <trkpt lat="-0.975795" lon="36.639195">
        <ele>2421.5</ele>
      </trkpt>
      <trkpt lat="-0.975723" lon="36.639168">
        <ele>2422.1875</ele>
      </trkpt>
      <trkpt lat="-0.975444" lon="36.639082">
        <ele>2424.75</ele>
      </trkpt>
      <trkpt lat="-0.974135" lon="36.638761">
        <ele>2429.640625</ele>
      </trkpt>
      <trkpt lat="-0.973191" lon="36.63846">
        <ele>2428.0</ele>
      </trkpt>
      <trkpt lat="-0.972784" lon="36.638353">
        <ele>2425.0898437</ele>
      </trkpt>
      <trkpt lat="-0.972633" lon="36.638331">
        <ele>2424.5703125</ele>
      </trkpt>
      <trkpt lat="-0.972462" lon="36.638331">
        <ele>2424.453125</ele>
      </trkpt>
      <trkpt lat="-0.97229" lon="36.638353">
        <ele>2424.5898437</ele>
      </trkpt>
      <trkpt lat="-0.971882" lon="36.638439">
        <ele>2425.3554687</ele>
      </trkpt>
      <trkpt lat="-0.96787" lon="36.639469">
        <ele>2466.3515625</ele>
      </trkpt>
      <trkpt lat="-0.966926" lon="36.639769">
        <ele>2473.2109375</ele>
      </trkpt>
      <trkpt lat="-0.966883" lon="36.639791">
        <ele>2473.3085937</ele>
      </trkpt>
      <trkpt lat="-0.966818" lon="36.639833">
        <ele>2473.4140625</ele>
      </trkpt>
      <trkpt lat="-0.966711" lon="36.639984">
        <ele>2474.8242187</ele>
      </trkpt>
      <trkpt lat="-0.96669" lon="36.64022">
        <ele>2478.6757812</ele>
      </trkpt>
      <trkpt lat="-0.966711" lon="36.640885">
        <ele>2491.953125</ele>
      </trkpt>
      <trkpt lat="-0.966604" lon="36.640992">
        <ele>2492.6289062</ele>
      </trkpt>
      <trkpt lat="-0.966024" lon="36.641164">
        <ele>2492.1796875</ele>
      </trkpt>
      <trkpt lat="-0.965681" lon="36.641293">
        <ele>2495.6640625</ele>
      </trkpt>
      <trkpt lat="-0.965316" lon="36.6414">
        <ele>2497.203125</ele>
      </trkpt>
      <trkpt lat="-0.965016" lon="36.6414">
        <ele>2498.0351562</ele>
      </trkpt>
      <trkpt lat="-0.964329" lon="36.641335">
        <ele>2500.0117187</ele>
      </trkpt>
      <trkpt lat="-0.962763" lon="36.641335">
        <ele>2500.0625</ele>
      </trkpt>
      <trkpt lat="-0.961819" lon="36.641228">
        <ele>2500.03125</ele>
      </trkpt>
      <trkpt lat="-0.958729" lon="36.641314">
        <ele>2520.5117187</ele>
      </trkpt>
      <trkpt lat="-0.956111" lon="36.641164">
        <ele>2519.6328125</ele>
      </trkpt>
      <trkpt lat="-0.955145" lon="36.6410989">
        <ele>2518.8789062</ele>
      </trkpt>
      <trkpt lat="-0.95463" lon="36.641014">
        <ele>2518.90625</ele>
      </trkpt>
      <trkpt lat="-0.954244" lon="36.640863">
        <ele>2518.8867187</ele>
      </trkpt>
      <trkpt lat="-0.954287" lon="36.640756">
        <ele>2517.2539062</ele>
      </trkpt>
      <trkpt lat="-0.954287" lon="36.640627">
        <ele>2515.5273437</ele>
      </trkpt>
      <trkpt lat="-0.954201" lon="36.63949">
        <ele>2503.1992187</ele>
      </trkpt>
      <trkpt lat="-0.954158" lon="36.639168">
        <ele>2500.7460937</ele>
      </trkpt>
      <trkpt lat="-0.95403" lon="36.638482">
        <ele>2496.8359375</ele>
      </trkpt>
      <trkpt lat="-0.953965" lon="36.637323">
        <ele>2496.7578125</ele>
      </trkpt>
      <trkpt lat="-0.953879" lon="36.63698">
        <ele>2497.4765625</ele>
      </trkpt>
      <trkpt lat="-0.953751" lon="36.636679">
        <ele>2497.4023437</ele>
      </trkpt>
      <trkpt lat="-0.953751" lon="36.636486">
        <ele>2496.9375</ele>
      </trkpt>
      <trkpt lat="-0.953815" lon="36.6363569">
        <ele>2496.7773437</ele>
      </trkpt>
      <trkpt lat="-0.954051" lon="36.636035">
        <ele>2497.2421875</ele>
      </trkpt>
      <trkpt lat="-0.954201" lon="36.635864">
        <ele>2496.9023437</ele>
      </trkpt>
      <trkpt lat="-0.954287" lon="36.635799">
        <ele>2496.75</ele>
      </trkpt>
      <trkpt lat="-0.954314" lon="36.635788">
        <ele>2496.7578125</ele>
      </trkpt>
      <trkpt lat="-0.955575" lon="36.635263">
        <ele>2486.7265625</ele>
      </trkpt>
      <trkpt lat="-0.956132" lon="36.635048">
        <ele>2480.3710937</ele>
      </trkpt>
      <trkpt lat="-0.956647" lon="36.634727">
        <ele>2475.4335937</ele>
      </trkpt>
      <trkpt lat="-0.956733" lon="36.6347049">
        <ele>2474.6367187</ele>
      </trkpt>
      <trkpt lat="-0.956819" lon="36.6347049">
        <ele>2473.9453125</ele>
      </trkpt>
      <trkpt lat="-0.956969" lon="36.634855">
        <ele>2473.8242187</ele>
      </trkpt>
      <trkpt lat="-0.957012" lon="36.634877">
        <ele>2473.7617187</ele>
      </trkpt>
      <trkpt lat="-0.957313" lon="36.634877">
        <ele>2472.4179687</ele>
      </trkpt>
      <trkpt lat="-0.956776" lon="36.63449">
        <ele>2473.1328125</ele>
      </trkpt>
      <trkpt lat="-0.956733" lon="36.634448">
        <ele>2473.296875</ele>
      </trkpt>
      <trkpt lat="-0.956733" lon="36.634362">
        <ele>2472.8476562</ele>
      </trkpt>
      <trkpt lat="-0.956798" lon="36.6342969">
        <ele>2472.734375</ele>
      </trkpt>
      <trkpt lat="-0.956841" lon="36.634276">
        <ele>2472.609375</ele>
      </trkpt>
      <trkpt lat="-0.956991" lon="36.634212">
        <ele>2472.3710937</ele>
      </trkpt>
      <trkpt lat="-0.958107" lon="36.634212">
        <ele>2468.3398437</ele>
      </trkpt>
      <trkpt lat="-0.958192" lon="36.634169">
        <ele>2468.9414062</ele>
      </trkpt>
      <trkpt lat="-0.958257" lon="36.634126">
        <ele>2469.5039062</ele>
      </trkpt>
      <trkpt lat="-0.958343" lon="36.63404">
        <ele>2470.546875</ele>
      </trkpt>
      <trkpt lat="-0.958407" lon="36.633933">
        <ele>2471.7773437</ele>
      </trkpt>
      <trkpt lat="-0.958772" lon="36.633203">
        <ele>2475.9921875</ele>
      </trkpt>
      <trkpt lat="-0.958793" lon="36.633074">
        <ele>2476.3164062</ele>
      </trkpt>
      <trkpt lat="-0.958579" lon="36.633074">
        <ele>2478.6484375</ele>
      </trkpt>
      <trkpt lat="-0.956495" lon="36.633284">
        <ele>2482.1875</ele>
      </trkpt>
      <trkpt lat="-0.951133" lon="36.633825">
        <ele>2508.203125</ele>
      </trkpt>
      <trkpt lat="-0.95109" lon="36.633825">
        <ele>2508.3632812</ele>
      </trkpt>
      <trkpt lat="-0.951047" lon="36.633804">
        <ele>2508.453125</ele>
      </trkpt>
      <trkpt lat="-0.951025" lon="36.6337819">
        <ele>2508.4648437</ele>
      </trkpt>
      <trkpt lat="-0.951004" lon="36.633697">
        <ele>2508.3203125</ele>
      </trkpt>
      <trkpt lat="-0.95094" lon="36.633482">
        <ele>2507.3242187</ele>
      </trkpt>
      <trkpt lat="-0.950875" lon="36.633353">
        <ele>2505.2070312</ele>
      </trkpt>
      <trkpt lat="-0.951433" lon="36.63301">
        <ele>2499.96875</ele>
      </trkpt>
      <trkpt lat="-0.951691" lon="36.632903">
        <ele>2498.9492187</ele>
      </trkpt>
      <trkpt lat="-0.95197" lon="36.632817">
        <ele>2498.3085937</ele>
      </trkpt>
      <trkpt lat="-0.95227" lon="36.632774">
        <ele>2496.9375</ele>
      </trkpt>
      <trkpt lat="-0.952528" lon="36.63271">
        <ele>2495.7304687</ele>
      </trkpt>
      <trkpt lat="-0.952742" lon="36.632581">
        <ele>2493.84375</ele>
      </trkpt>
      <trkpt lat="-0.952957" lon="36.632388">
        <ele>2490.1679687</ele>
      </trkpt>
      <trkpt lat="-0.953128" lon="36.632195">
        <ele>2486.3164062</ele>
      </trkpt>
      <trkpt lat="-0.953343" lon="36.632001">
        <ele>2481.7070312</ele>
      </trkpt>
      <trkpt lat="-0.953815" lon="36.631808">
        <ele>2476.3710937</ele>
      </trkpt>
      <trkpt lat="-0.953922" lon="36.63168">
        <ele>2475.703125</ele>
      </trkpt>
      <trkpt lat="-0.95403" lon="36.631529">
        <ele>2474.7148437</ele>
      </trkpt>
      <trkpt lat="-0.954072" lon="36.6314009">
        <ele>2473.9492187</ele>
      </trkpt>
      <trkpt lat="-0.954244" lon="36.631229">
        <ele>2471.8984375</ele>
      </trkpt>
      <trkpt lat="-0.954716" lon="36.630907">
        <ele>2472.8164062</ele>
      </trkpt>
      <trkpt lat="-0.955231" lon="36.630735">
        <ele>2478.6445312</ele>
      </trkpt>
      <trkpt lat="-0.955403" lon="36.630714">
        <ele>2479.3671875</ele>
      </trkpt>
      <trkpt lat="-0.955575" lon="36.630714">
        <ele>2479.5390625</ele>
      </trkpt>
      <trkpt lat="-0.955746" lon="36.630778">
        <ele>2478.4414062</ele>
      </trkpt>
      <trkpt lat="-0.955918" lon="36.6308">
        <ele>2478.3164062</ele>
      </trkpt>
      <trkpt lat="-0.956089" lon="36.6308">
        <ele>2478.5820312</ele>
      </trkpt>
      <trkpt lat="-0.956218" lon="36.630757">
        <ele>2478.6953125</ele>
      </trkpt>
      <trkpt lat="-0.956368" lon="36.630671">
        <ele>2479.3242187</ele>
      </trkpt>
      <trkpt lat="-0.956905" lon="36.630113">
        <ele>2484.3203125</ele>
      </trkpt>
      <trkpt lat="-0.957098" lon="36.629877">
        <ele>2488.2851562</ele>
      </trkpt>
      <trkpt lat="-0.957248" lon="36.62962">
        <ele>2493.1289062</ele>
      </trkpt>
      <trkpt lat="-0.957549" lon="36.629362">
        <ele>2498.4804687</ele>
      </trkpt>
      <trkpt lat="-0.957849" lon="36.629169">
        <ele>2499.7265625</ele>
      </trkpt>
      <trkpt lat="-0.958064" lon="36.628997">
        <ele>2500.5703125</ele>
      </trkpt>
      <trkpt lat="-0.958128" lon="36.628911">
        <ele>2501.1445312</ele>
      </trkpt>
      <trkpt lat="-0.958151" lon="36.628851">
        <ele>2501.1054687</ele>
      </trkpt>
      <trkpt lat="-0.958245" lon="36.628844">
        <ele>2501.6757812</ele>
      </trkpt>
      <trkpt lat="-0.958294" lon="36.628689">
        <ele>2502.9335937</ele>
      </trkpt>
      <trkpt lat="-0.958247" lon="36.628519">
        <ele>2504.1679687</ele>
      </trkpt>
      <trkpt lat="-0.957813" lon="36.628607">
        <ele>2502.6796875</ele>
      </trkpt>
      <trkpt lat="-0.957578" lon="36.628637">
        <ele>2502.3867187</ele>
      </trkpt>
      <trkpt lat="-0.957477" lon="36.628648">
        <ele>2501.0234375</ele>
      </trkpt>
      <trkpt lat="-0.95742" lon="36.628633">
        <ele>2502.3828125</ele>
      </trkpt>
      <trkpt lat="-0.95742" lon="36.628633">
        <ele>2502.3828125</ele>
      </trkpt>
      <trkpt lat="-0.95742" lon="36.628633">
        <ele>2502.3828125</ele>
      </trkpt>
      <trkpt lat="-0.957141" lon="36.628633">
        <ele>2502.3359375</ele>
      </trkpt>
      <trkpt lat="-0.957055" lon="36.628611">
        <ele>2502.4492187</ele>
      </trkpt>
      <trkpt lat="-0.956497" lon="36.628461">
        <ele>2506.1328125</ele>
      </trkpt>
      <trkpt lat="-0.956304" lon="36.628397">
        <ele>2507.4257812</ele>
      </trkpt>
      <trkpt lat="-0.955918" lon="36.628225">
        <ele>2510.8789062</ele>
      </trkpt>
      <trkpt lat="-0.955403" lon="36.627967">
        <ele>2517.6992187</ele>
      </trkpt>
      <trkpt lat="-0.954995" lon="36.62771">
        <ele>2520.5742187</ele>
      </trkpt>
      <trkpt lat="-0.954845" lon="36.627581">
        <ele>2521.7617187</ele>
      </trkpt>
      <trkpt lat="-0.954716" lon="36.627452">
        <ele>2523.3632812</ele>
      </trkpt>
      <trkpt lat="-0.953987" lon="36.626465">
        <ele>2535.2539062</ele>
      </trkpt>
      <trkpt lat="-0.953043" lon="36.626036">
        <ele>2538.4726562</ele>
      </trkpt>
      <trkpt lat="-0.952785" lon="36.625972">
        <ele>2538.3398437</ele>
      </trkpt>
      <trkpt lat="-0.952721" lon="36.62595">
        <ele>2538.4726562</ele>
      </trkpt>
      <trkpt lat="-0.952549" lon="36.625972">
        <ele>2538.7382812</ele>
      </trkpt>
      <trkpt lat="-0.952313" lon="36.626015">
        <ele>2539.0703125</ele>
      </trkpt>
      <trkpt lat="-0.951841" lon="36.626208">
        <ele>2538.0429687</ele>
      </trkpt>
      <trkpt lat="-0.951498" lon="36.626401">
        <ele>2537.4492187</ele>
      </trkpt>
      <trkpt lat="-0.951197" lon="36.62653">
        <ele>2538.4023437</ele>
      </trkpt>
      <trkpt lat="-0.950832" lon="36.626701">
        <ele>2539.3046875</ele>
      </trkpt>
      <trkpt lat="-0.950661" lon="36.626744">
        <ele>2539.5117187</ele>
      </trkpt>
      <trkpt lat="-0.950511" lon="36.626744">
        <ele>2539.6914062</ele>
      </trkpt>
      <trkpt lat="-0.950081" lon="36.626723">
        <ele>2540.09375</ele>
      </trkpt>
      <trkpt lat="-0.949523" lon="36.626637">
        <ele>2540.6757812</ele>
      </trkpt>
      <trkpt lat="-0.94918" lon="36.626573">
        <ele>2540.7109375</ele>
      </trkpt>
      <trkpt lat="-0.948493" lon="36.626358">
        <ele>2540.8789062</ele>
      </trkpt>
      <trkpt lat="-0.948365" lon="36.626294">
        <ele>2540.4882812</ele>
      </trkpt>
      <trkpt lat="-0.94815" lon="36.626165">
        <ele>2540.1171875</ele>
      </trkpt>
      <trkpt lat="-0.947936" lon="36.626015">
        <ele>2540.09375</ele>
      </trkpt>
      <trkpt lat="-0.947721" lon="36.625843">
        <ele>2540.0117187</ele>
      </trkpt>
      <trkpt lat="-0.947292" lon="36.625435">
        <ele>2542.328125</ele>
      </trkpt>
      <trkpt lat="-0.94579" lon="36.624148">
        <ele>2551.5</ele>
      </trkpt>
      <trkpt lat="-0.94403" lon="36.62256">
        <ele>2553.9726562</ele>
      </trkpt>
      <trkpt lat="-0.942914" lon="36.62153">
        <ele>2552.3945312</ele>
      </trkpt>
      <trkpt lat="-0.942485" lon="36.621144">
        <ele>2552.8046875</ele>
      </trkpt>
      <trkpt lat="-0.941563" lon="36.620371">
        <ele>2555.75</ele>
      </trkpt>
      <trkpt lat="-0.941391" lon="36.620264">
        <ele>2556.2539062</ele>
      </trkpt>
      <trkpt lat="-0.940876" lon="36.620114">
        <ele>2556.4414062</ele>
      </trkpt>
      <trkpt lat="-0.940704" lon="36.620071">
        <ele>2556.1796875</ele>
      </trkpt>
      <trkpt lat="-0.93976" lon="36.619942">
        <ele>2560.2421875</ele>
      </trkpt>
      <trkpt lat="-0.939353" lon="36.619856">
        <ele>2563.921875</ele>
      </trkpt>
      <trkpt lat="-0.939031" lon="36.619728">
        <ele>2565.3085937</ele>
      </trkpt>
      <trkpt lat="-0.93888" lon="36.619663">
        <ele>2566.0546875</ele>
      </trkpt>
      <trkpt lat="-0.938816" lon="36.61962">
        <ele>2566.578125</ele>
      </trkpt>
      <trkpt lat="-0.938601" lon="36.619363">
        <ele>2569.8945312</ele>
      </trkpt>
      <trkpt lat="-0.938494" lon="36.6192769">
        <ele>2569.203125</ele>
      </trkpt>
      <trkpt lat="-0.938344" lon="36.619234">
        <ele>2568.7070312</ele>
      </trkpt>
      <trkpt lat="-0.938258" lon="36.619234">
        <ele>2568.5625</ele>
      </trkpt>
      <trkpt lat="-0.938172" lon="36.619256">
        <ele>2568.4296875</ele>
      </trkpt>
      <trkpt lat="-0.938087" lon="36.619341">
        <ele>2568.1796875</ele>
      </trkpt>
      <trkpt lat="-0.937979" lon="36.619556">
        <ele>2565.484375</ele>
      </trkpt>
      <trkpt lat="-0.937893" lon="36.619663">
        <ele>2564.0234375</ele>
      </trkpt>
      <trkpt lat="-0.937786" lon="36.619749">
        <ele>2562.796875</ele>
      </trkpt>
      <trkpt lat="-0.937636" lon="36.6197919">
        <ele>2562.515625</ele>
      </trkpt>
      <trkpt lat="-0.937464" lon="36.6197919">
        <ele>2562.8398437</ele>
      </trkpt>
      <trkpt lat="-0.937172" lon="36.6197469">
        <ele>2563.7617187</ele>
      </trkpt>
      <trkpt lat="-0.936906" lon="36.619706">
        <ele>2564.609375</ele>
      </trkpt>
      <trkpt lat="-0.935962" lon="36.619449">
        <ele>2571.3945312</ele>
      </trkpt>
      <trkpt lat="-0.935404" lon="36.6193839">
        <ele>2576.9648437</ele>
      </trkpt>
      <trkpt lat="-0.934954" lon="36.6192769">
        <ele>2582.3710937</ele>
      </trkpt>
      <trkpt lat="-0.93446" lon="36.619084">
        <ele>2587.0429687</ele>
      </trkpt>
      <trkpt lat="-0.932958" lon="36.6181399">
        <ele>2592.859375</ele>
      </trkpt>
      <trkpt lat="-0.932636" lon="36.6178389">
        <ele>2594.9414062</ele>
      </trkpt>
      <trkpt lat="-0.931907" lon="36.617153">
        <ele>2600.9179687</ele>
      </trkpt>
      <trkpt lat="-0.931349" lon="36.616745">
        <ele>2599.4140625</ele>
      </trkpt>
      <trkpt lat="-0.930898" lon="36.616445">
        <ele>2600.734375</ele>
      </trkpt>
      <trkpt lat="-0.930297" lon="36.616144">
        <ele>2601.8164062</ele>
      </trkpt>
      <trkpt lat="-0.928988" lon="36.615415">
        <ele>2603.1640625</ele>
      </trkpt>
      <trkpt lat="-0.928988" lon="36.615415">
        <ele>2603.1640625</ele>
      </trkpt>
      <trkpt lat="-0.928834" lon="36.615334">
        <ele>2603.1992187</ele>
      </trkpt>
      <trkpt lat="-0.928431" lon="36.615058">
        <ele>2604.5664062</ele>
      </trkpt>
      <trkpt lat="-0.927986" lon="36.614644">
        <ele>2607.3867187</ele>
      </trkpt>
      <trkpt lat="-0.927658" lon="36.614198">
        <ele>2609.8710937</ele>
      </trkpt>
      <trkpt lat="-0.927258" lon="36.613854">
        <ele>2613.3085937</ele>
      </trkpt>
      <trkpt lat="-0.926595" lon="36.6135639">
        <ele>2613.7890625</ele>
      </trkpt>
      <trkpt lat="-0.925569" lon="36.61307">
        <ele>2614.8515625</ele>
      </trkpt>
      <trkpt lat="-0.924732" lon="36.612753">
        <ele>2611.5</ele>
      </trkpt>
      <trkpt lat="-0.92358" lon="36.612346">
        <ele>2608.4804687</ele>
      </trkpt>
      <trkpt lat="-0.922987" lon="36.612104">
        <ele>2609.7109375</ele>
      </trkpt>
      <trkpt lat="-0.923116" lon="36.611821">
        <ele>2611.3984375</ele>
      </trkpt>
      <trkpt lat="-0.923954" lon="36.609932">
        <ele>2607.8632812</ele>
      </trkpt>
      <trkpt lat="-0.923931" lon="36.6091989">
        <ele>2603.2382812</ele>
      </trkpt>
      <trkpt lat="-0.923927" lon="36.609222">
        <ele>2604.1757812</ele>
      </trkpt>
      <trkpt lat="-0.923947" lon="36.60911">
        <ele>2603.75</ele>
      </trkpt>
      <trkpt lat="-0.92393" lon="36.609041">
        <ele>2603.3203125</ele>
      </trkpt>
      <trkpt lat="-0.923782" lon="36.6084729">
        <ele>2600.609375</ele>
      </trkpt>
      <trkpt lat="-0.923726" lon="36.607746">
        <ele>2597.765625</ele>
      </trkpt>
      <trkpt lat="-0.92372" lon="36.607629">
        <ele>2597.5078125</ele>
      </trkpt>
      <trkpt lat="-0.92355" lon="36.607567">
        <ele>2598.0078125</ele>
      </trkpt>
      <trkpt lat="-0.923254" lon="36.607538">
        <ele>2598.9570312</ele>
      </trkpt>
      <trkpt lat="-0.923153" lon="36.607556">
        <ele>2599.3320312</ele>
      </trkpt>
      <trkpt lat="-0.923002" lon="36.607604">
        <ele>2599.9570312</ele>
      </trkpt>
      <trkpt lat="-0.922736" lon="36.6077129">
        <ele>2601.3632812</ele>
      </trkpt>
      <trkpt lat="-0.92255" lon="36.607864">
        <ele>2603.1601562</ele>
      </trkpt>
      <trkpt lat="-0.922518" lon="36.607887">
        <ele>2603.4414062</ele>
      </trkpt>
      <trkpt lat="-0.922291" lon="36.6078">
        <ele>2605.609375</ele>
      </trkpt>
      <trkpt lat="-0.922197" lon="36.607716">
        <ele>2606.6484375</ele>
      </trkpt>
      <trkpt lat="-0.921988" lon="36.607716">
        <ele>2608.6992187</ele>
      </trkpt>
      <trkpt lat="-0.92197" lon="36.607724">
        <ele>2608.8554687</ele>
      </trkpt>
      <trkpt lat="-0.92167" lon="36.607752">
        <ele>2611.65625</ele>
      </trkpt>
      <trkpt lat="-0.921586" lon="36.607779">
        <ele>2612.1992187</ele>
      </trkpt>
      <trkpt lat="-0.921439" lon="36.607813">
        <ele>2613.1640625</ele>
      </trkpt>
      <trkpt lat="-0.92109" lon="36.607753">
        <ele>2616.2304687</ele>
      </trkpt>
      <trkpt lat="-0.920886" lon="36.607666">
        <ele>2618.1601562</ele>
      </trkpt>
      <trkpt lat="-0.920615" lon="36.607579">
        <ele>2620.1367187</ele>
      </trkpt>
      <trkpt lat="-0.920554" lon="36.60743">
        <ele>2620.2460937</ele>
      </trkpt>
      <trkpt lat="-0.920471" lon="36.607303">
        <ele>2619.9648437</ele>
      </trkpt>
      <trkpt lat="-0.920402" lon="36.607223">
        <ele>2619.78125</ele>
      </trkpt>
      <trkpt lat="-0.920129" lon="36.606963">
        <ele>2619.2734375</ele>
      </trkpt>
      <trkpt lat="-0.919925" lon="36.606922">
        <ele>2619.3046875</ele>
      </trkpt>
      <trkpt lat="-0.919842" lon="36.606985">
        <ele>2619.4921875</ele>
      </trkpt>
      <trkpt lat="-0.91958" lon="36.607216">
        <ele>2620.0820312</ele>
      </trkpt>
      <trkpt lat="-0.919213" lon="36.607149">
        <ele>2619.3945312</ele>
      </trkpt>
      <trkpt lat="-0.919149" lon="36.607135">
        <ele>2619.2148437</ele>
      </trkpt>
      <trkpt lat="-0.919023" lon="36.607118">
        <ele>2618.8789062</ele>
      </trkpt>
      <trkpt lat="-0.918634" lon="36.6071389">
        <ele>2617.828125</ele>
      </trkpt>
      <trkpt lat="-0.918173" lon="36.607164">
        <ele>2616.5703125</ele>
      </trkpt>
      <trkpt lat="-0.91801" lon="36.607135">
        <ele>2616.296875</ele>
      </trkpt>
      <trkpt lat="-0.917733" lon="36.607154">
        <ele>2615.6289062</ele>
      </trkpt>
      <trkpt lat="-0.917584" lon="36.607186">
        <ele>2615.2382812</ele>
      </trkpt>
      <trkpt lat="-0.917219" lon="36.607164">
        <ele>2614.4765625</ele>
      </trkpt>
      <trkpt lat="-0.916647" lon="36.607053">
        <ele>2613.84375</ele>
      </trkpt>
      <trkpt lat="-0.916278" lon="36.607104">
        <ele>2613.2890625</ele>
      </trkpt>
      <trkpt lat="-0.916244" lon="36.607105">
        <ele>2613.2421875</ele>
      </trkpt>
      <trkpt lat="-0.916161" lon="36.607002">
        <ele>2613.3125</ele>
      </trkpt>
      <trkpt lat="-0.916163" lon="36.606977">
        <ele>2613.359375</ele>
      </trkpt>
      <trkpt lat="-0.91616" lon="36.606949">
        <ele>2613.40625</ele>
      </trkpt>
      <trkpt lat="-0.91616" lon="36.6069249">
        <ele>2613.4492187</ele>
      </trkpt>
      <trkpt lat="-0.916155" lon="36.60691">
        <ele>2613.46875</ele>
      </trkpt>
      <trkpt lat="-0.916153" lon="36.606891">
        <ele>2613.5</ele>
      </trkpt>
      <trkpt lat="-0.916145" lon="36.606878">
        <ele>2613.5117187</ele>
      </trkpt>
      <trkpt lat="-0.916132" lon="36.606875">
        <ele>2613.5039062</ele>
      </trkpt>
      <trkpt lat="-0.916062" lon="36.606832">
        <ele>2613.8828125</ele>
      </trkpt>
      <trkpt lat="-0.916032" lon="36.606801">
        <ele>2614.1445312</ele>
      </trkpt>
      <trkpt lat="-0.916004" lon="36.606777">
        <ele>2614.390625</ele>
      </trkpt>
      <trkpt lat="-0.915973" lon="36.606758">
        <ele>2614.6445312</ele>
      </trkpt>
      <trkpt lat="-0.915939" lon="36.606738">
        <ele>2614.921875</ele>
      </trkpt>
      <trkpt lat="-0.915903" lon="36.606715">
        <ele>2615.2226562</ele>
      </trkpt>
      <trkpt lat="-0.915868" lon="36.606696">
        <ele>2615.5078125</ele>
      </trkpt>
      <trkpt lat="-0.915763" lon="36.606651">
        <ele>2616.3515625</ele>
      </trkpt>
      <trkpt lat="-0.915721" lon="36.606626">
        <ele>2616.703125</ele>
      </trkpt>
      <trkpt lat="-0.915562" lon="36.606543">
        <ele>2617.9375</ele>
      </trkpt>
      <trkpt lat="-0.91538" lon="36.606448">
        <ele>2619.2460937</ele>
      </trkpt>
      <trkpt lat="-0.915198" lon="36.6063789">
        <ele>2620.5585937</ele>
      </trkpt>
      <trkpt lat="-0.914909" lon="36.6062579">
        <ele>2622.3515625</ele>
      </trkpt>
      <trkpt lat="-0.914353" lon="36.605998">
        <ele>2624.2929687</ele>
      </trkpt>
      <trkpt lat="-0.914216" lon="36.605914">
        <ele>2624.671875</ele>
      </trkpt>
      <trkpt lat="-0.913688" lon="36.605498">
        <ele>2625.0</ele>
      </trkpt>
      <trkpt lat="-0.913673" lon="36.605479">
        <ele>2625.2890625</ele>
      </trkpt>
      <trkpt lat="-0.913594" lon="36.605338">
        <ele>2625.1992187</ele>
      </trkpt>
      <trkpt lat="-0.913413" lon="36.605102">
        <ele>2625.4921875</ele>
      </trkpt>
      <trkpt lat="-0.913107" lon="36.604804">
        <ele>2627.1601562</ele>
      </trkpt>
      <trkpt lat="-0.913019" lon="36.604618">
        <ele>2628.1953125</ele>
      </trkpt>
      <trkpt lat="-0.91287" lon="36.6045749">
        <ele>2629.3476562</ele>
      </trkpt>
      <trkpt lat="-0.912877" lon="36.604449">
        <ele>2630.4921875</ele>
      </trkpt>
      <trkpt lat="-0.912658" lon="36.604187">
        <ele>2630.8828125</ele>
      </trkpt>
      <trkpt lat="-0.912451" lon="36.604005">
        <ele>2630.7773437</ele>
      </trkpt>
      <trkpt lat="-0.912122" lon="36.603741">
        <ele>2630.7304687</ele>
      </trkpt>
      <trkpt lat="-0.911799" lon="36.603453">
        <ele>2629.9257812</ele>
      </trkpt>
      <trkpt lat="-0.911586" lon="36.603114">
        <ele>2629.2695312</ele>
      </trkpt>
      <trkpt lat="-0.911235" lon="36.60283">
        <ele>2631.1835937</ele>
      </trkpt>
      <trkpt lat="-0.910728" lon="36.602464">
        <ele>2634.8203125</ele>
      </trkpt>
      <trkpt lat="-0.910468" lon="36.602307">
        <ele>2637.3203125</ele>
      </trkpt>
      <trkpt lat="-0.910247" lon="36.602102">
        <ele>2639.9960937</ele>
      </trkpt>
      <trkpt lat="-0.910053" lon="36.602029">
        <ele>2641.1953125</ele>
      </trkpt>
      <trkpt lat="-0.909789" lon="36.601721">
        <ele>2643.3710937</ele>
      </trkpt>
      <trkpt lat="-0.909326" lon="36.601323">
        <ele>2647.0976562</ele>
      </trkpt>
      <trkpt lat="-0.909112" lon="36.601201">
        <ele>2647.7929687</ele>
      </trkpt>
      <trkpt lat="-0.908897" lon="36.600996">
        <ele>2648.6601562</ele>
      </trkpt>
      <trkpt lat="-0.908332" lon="36.600451">
        <ele>2649.4960937</ele>
      </trkpt>
      <trkpt lat="-0.907494" lon="36.59982">
        <ele>2653.5117187</ele>
      </trkpt>
      <trkpt lat="-0.907075" lon="36.599548">
        <ele>2657.84375</ele>
      </trkpt>
      <trkpt lat="-0.906507" lon="36.599566">
        <ele>2659.3242187</ele>
      </trkpt>
      <trkpt lat="-0.906287" lon="36.599513">
        <ele>2659.78125</ele>
      </trkpt>
      <trkpt lat="-0.906088" lon="36.599375">
        <ele>2660.0</ele>
      </trkpt>
      <trkpt lat="-0.905627" lon="36.599276">
        <ele>2658.3046875</ele>
      </trkpt>
      <trkpt lat="-0.90538" lon="36.599482">
        <ele>2660.4882812</ele>
      </trkpt>
      <trkpt lat="-0.905125" lon="36.599445">
        <ele>2661.4882812</ele>
      </trkpt>
      <trkpt lat="-0.904941" lon="36.599596">
        <ele>2663.4453125</ele>
      </trkpt>
      <trkpt lat="-0.90461" lon="36.599581">
        <ele>2665.65625</ele>
      </trkpt>
      <trkpt lat="-0.904458" lon="36.599443">
        <ele>2666.2109375</ele>
      </trkpt>
      <trkpt lat="-0.904355" lon="36.599263">
        <ele>2663.6171875</ele>
      </trkpt>
      <trkpt lat="-0.904152" lon="36.59913">
        <ele>2661.2890625</ele>
      </trkpt>
      <trkpt lat="-0.903973" lon="36.598976">
        <ele>2659.1210937</ele>
      </trkpt>
      <trkpt lat="-0.903611" lon="36.598964">
        <ele>2659.46875</ele>
      </trkpt>
      <trkpt lat="-0.903108" lon="36.598944">
        <ele>2659.3320312</ele>
      </trkpt>
      <trkpt lat="-0.902641" lon="36.598863">
        <ele>2656.0859375</ele>
      </trkpt>
      <trkpt lat="-0.902118" lon="36.598819">
        <ele>2654.3398437</ele>
      </trkpt>
      <trkpt lat="-0.901765" lon="36.59878">
        <ele>2653.46875</ele>
      </trkpt>
      <trkpt lat="-0.901481" lon="36.5987579">
        <ele>2654.2460937</ele>
      </trkpt>
      <trkpt lat="-0.901149" lon="36.598601">
        <ele>2655.515625</ele>
      </trkpt>
      <trkpt lat="-0.900717" lon="36.598396">
        <ele>2658.1992187</ele>
      </trkpt>
      <trkpt lat="-0.900287" lon="36.598143">
        <ele>2667.1914062</ele>
      </trkpt>
      <trkpt lat="-0.90016" lon="36.598068">
        <ele>2666.2109375</ele>
      </trkpt>
      <trkpt lat="-0.900171" lon="36.597826">
        <ele>2664.5859375</ele>
      </trkpt>
      <trkpt lat="-0.900451" lon="36.597453">
        <ele>2662.9101562</ele>
      </trkpt>
      <trkpt lat="-0.900528" lon="36.597282">
        <ele>2661.9375</ele>
      </trkpt>
      <trkpt lat="-0.90107" lon="36.596454">
        <ele>2656.9375</ele>
      </trkpt>
      <trkpt lat="-0.901216" lon="36.596261">
        <ele>2654.1992187</ele>
      </trkpt>
      <trkpt lat="-0.901502" lon="36.596047">
        <ele>2650.2851562</ele>
      </trkpt>
      <trkpt lat="-0.901955" lon="36.595403">
        <ele>2642.625</ele>
      </trkpt>
      <trkpt lat="-0.902267" lon="36.594899">
        <ele>2636.7460937</ele>
      </trkpt>
      <trkpt lat="-0.902472" lon="36.594405">
        <ele>2634.0234375</ele>
      </trkpt>
      <trkpt lat="-0.902607" lon="36.593831">
        <ele>2632.65625</ele>
      </trkpt>
      <trkpt lat="-0.902699" lon="36.593815">
        <ele>2632.1367187</ele>
      </trkpt>
      <trkpt lat="-0.902695" lon="36.593729">
        <ele>2632.2109375</ele>
      </trkpt>
      <trkpt lat="-0.902675" lon="36.593606">
        <ele>2632.359375</ele>
      </trkpt>
      <trkpt lat="-0.902756" lon="36.593541">
        <ele>2632.09375</ele>
      </trkpt>
      <trkpt lat="-0.902891" lon="36.593713">
        <ele>2633.4609375</ele>
      </trkpt>
      <trkpt lat="-0.903341" lon="36.594239">
        <ele>2636.7265625</ele>
      </trkpt>
      <trkpt lat="-0.903441" lon="36.593965">
        <ele>2640.9179687</ele>
      </trkpt>
      <trkpt lat="-0.903395" lon="36.593671">
        <ele>2651.2421875</ele>
      </trkpt>
      <trkpt lat="-0.903382" lon="36.593369">
        <ele>2652.8398437</ele>
      </trkpt>
      <trkpt lat="-0.9035" lon="36.593142">
        <ele>2654.3164062</ele>
      </trkpt>
      <trkpt lat="-0.903452" lon="36.592785">
        <ele>2655.734375</ele>
      </trkpt>
      <trkpt lat="-0.903539" lon="36.592445">
        <ele>2657.8398437</ele>
      </trkpt>
      <trkpt lat="-0.903673" lon="36.592101">
        <ele>2657.890625</ele>
      </trkpt>
      <trkpt lat="-0.903755" lon="36.591718">
        <ele>2658.3242187</ele>
      </trkpt>
      <trkpt lat="-0.903992" lon="36.591042">
        <ele>2661.3476562</ele>
      </trkpt>
      <trkpt lat="-0.904485" lon="36.589888">
        <ele>2660.4453125</ele>
      </trkpt>
      <trkpt lat="-0.905103" lon="36.588553">
        <ele>2659.4</ele>
      </trkpt>
      <trkpt lat="-0.905115" lon="36.588522">
        <ele>2659.5</ele>
      </trkpt>
      <trkpt lat="-0.905246" lon="36.588161">
        <ele>2660.7</ele>
      </trkpt>
      <trkpt lat="-0.905194" lon="36.5878439">
        <ele>2663.5</ele>
      </trkpt>
      <trkpt lat="-0.905302" lon="36.587399">
        <ele>2666.5</ele>
      </trkpt>
      <trkpt lat="-0.905303" lon="36.58726">
        <ele>2667.3</ele>
      </trkpt>
      <trkpt lat="-0.904977" lon="36.586605">
        <ele>2670.9</ele>
      </trkpt>
      <trkpt lat="-0.904855" lon="36.586385">
        <ele>2670.9</ele>
      </trkpt>
      <trkpt lat="-0.904754" lon="36.586294">
        <ele>2671.4</ele>
      </trkpt>
      <trkpt lat="-0.904707" lon="36.586203">
        <ele>2671.8</ele>
      </trkpt>
      <trkpt lat="-0.904397" lon="36.586031">
        <ele>2675.0</ele>
      </trkpt>
      <trkpt lat="-0.904296" lon="36.585892">
        <ele>2677.0</ele>
      </trkpt>
      <trkpt lat="-0.904211" lon="36.585602">
        <ele>2677.8</ele>
      </trkpt>
      <trkpt lat="-0.904244" lon="36.585484">
        <ele>2677.0</ele>
      </trkpt>
      <trkpt lat="-0.904186" lon="36.5851619">
        <ele>2677.0</ele>
      </trkpt>
      <trkpt lat="-0.904166" lon="36.584535">
        <ele>2678.1</ele>
      </trkpt>
      <trkpt lat="-0.904178" lon="36.58424">
        <ele>2678.5</ele>
      </trkpt>
      <trkpt lat="-0.904222" lon="36.584122">
        <ele>2677.8</ele>
      </trkpt>
      <trkpt lat="-0.904368" lon="36.583998">
        <ele>2674.5</ele>
      </trkpt>
      <trkpt lat="-0.904026" lon="36.584105">
        <ele>2679.1</ele>
      </trkpt>
      <trkpt lat="-0.903159" lon="36.5838449">
        <ele>2679.0</ele>
      </trkpt>
      <trkpt lat="-0.903053" lon="36.583759">
        <ele>2679.3</ele>
      </trkpt>
      <trkpt lat="-0.902851" lon="36.583721">
        <ele>2679.4</ele>
      </trkpt>
      <trkpt lat="-0.902514" lon="36.583582">
        <ele>2680.2</ele>
      </trkpt>
      <trkpt lat="-0.902386" lon="36.5836029">
        <ele>2680.4</ele>
      </trkpt>
      <trkpt lat="-0.901588" lon="36.58318">
        <ele>2686.4</ele>
      </trkpt>
      <trkpt lat="-0.901224" lon="36.582917">
        <ele>2687.8</ele>
      </trkpt>
      <trkpt lat="-0.900957" lon="36.582799">
        <ele>2689.2</ele>
      </trkpt>
      <trkpt lat="-0.90069" lon="36.582574">
        <ele>2690.3</ele>
      </trkpt>
      <trkpt lat="-0.900246" lon="36.582364">
        <ele>2686.3</ele>
      </trkpt>
      <trkpt lat="-0.898874" lon="36.581468">
        <ele>2675.1</ele>
      </trkpt>
      <trkpt lat="-0.898741" lon="36.581367">
        <ele>2675.1</ele>
      </trkpt>
      <trkpt lat="-0.89856" lon="36.581281">
        <ele>2674.7</ele>
      </trkpt>
      <trkpt lat="-0.898142" lon="36.580927">
        <ele>2677.5</ele>
      </trkpt>
      <trkpt lat="-0.89794" lon="36.580771">
        <ele>2679.7</ele>
      </trkpt>
      <trkpt lat="-0.897774" lon="36.580626">
        <ele>2681.5</ele>
      </trkpt>
      <trkpt lat="-0.897529" lon="36.580519">
        <ele>2683.7</ele>
      </trkpt>
      <trkpt lat="-0.897321" lon="36.580417">
        <ele>2685.4</ele>
      </trkpt>
      <trkpt lat="-0.897247" lon="36.580224">
        <ele>2687.0</ele>
      </trkpt>
      <trkpt lat="-0.897049" lon="36.580031">
        <ele>2689.5</ele>
      </trkpt>
      <trkpt lat="-0.896997" lon="36.579913">
        <ele>2690.3</ele>
      </trkpt>
      <trkpt lat="-0.896907" lon="36.579805">
        <ele>2691.4</ele>
      </trkpt>
      <trkpt lat="-0.896779" lon="36.57921">
        <ele>2695.4</ele>
      </trkpt>
      <trkpt lat="-0.89663" lon="36.578556">
        <ele>2699.2</ele>
      </trkpt>
      <trkpt lat="-0.896535" lon="36.578202">
        <ele>2701.1</ele>
      </trkpt>
      <trkpt lat="-0.896589" lon="36.577826">
        <ele>2703.8</ele>
      </trkpt>
      <trkpt lat="-0.896639" lon="36.5777349">
        <ele>2704.4</ele>
      </trkpt>
      <trkpt lat="-0.896699" lon="36.577231">
        <ele>2708.3</ele>
      </trkpt>
      <trkpt lat="-0.896753" lon="36.577048">
        <ele>2709.6</ele>
      </trkpt>
      <trkpt lat="-0.896765" lon="36.576635">
        <ele>2713.4</ele>
      </trkpt>
      <trkpt lat="-0.896831" lon="36.57641">
        <ele>2714.2</ele>
      </trkpt>
      <trkpt lat="-0.896873" lon="36.5760859">
        <ele>2715.9</ele>
      </trkpt>
      <trkpt lat="-0.896885" lon="36.57598">
        <ele>2714.7890625</ele>
      </trkpt>
      <trkpt lat="-0.896891" lon="36.575937">
        <ele>2715.0078125</ele>
      </trkpt>
      <trkpt lat="-0.896898" lon="36.575894">
        <ele>2715.21875</ele>
      </trkpt>
      <trkpt lat="-0.896907" lon="36.575852">
        <ele>2715.421875</ele>
      </trkpt>
      <trkpt lat="-0.896919" lon="36.575807">
        <ele>2715.625</ele>
      </trkpt>
      <trkpt lat="-0.896928" lon="36.575762">
        <ele>2715.84375</ele>
      </trkpt>
      <trkpt lat="-0.896936" lon="36.57571">
        <ele>2716.1054687</ele>
      </trkpt>
      <trkpt lat="-0.896945" lon="36.575649">
        <ele>2716.40625</ele>
      </trkpt>
      <trkpt lat="-0.897025" lon="36.575073">
        <ele>2715.796875</ele>
      </trkpt>
      <trkpt lat="-0.89712" lon="36.574074">
        <ele>2713.4453125</ele>
      </trkpt>
      <trkpt lat="-0.897199" lon="36.57335">
        <ele>2713.0898437</ele>
      </trkpt>
      <trkpt lat="-0.897195" lon="36.573256">
        <ele>2713.0273437</ele>
      </trkpt>
      <trkpt lat="-0.897177" lon="36.57316">
        <ele>2712.6484375</ele>
      </trkpt>
      <trkpt lat="-0.89715" lon="36.57306">
        <ele>2712.28125</ele>
      </trkpt>
      <trkpt lat="-0.897117" lon="36.572954">
        <ele>2711.90625</ele>
      </trkpt>
      <trkpt lat="-0.896805" lon="36.57208">
        <ele>2709.2695312</ele>
      </trkpt>
      <trkpt lat="-0.896778" lon="36.5719939">
        <ele>2709.0898437</ele>
      </trkpt>
      <trkpt lat="-0.896765" lon="36.57191">
        <ele>2708.8671875</ele>
      </trkpt>
      <trkpt lat="-0.896766" lon="36.571824">
        <ele>2708.5859375</ele>
      </trkpt>
      <trkpt lat="-0.896864" lon="36.57107">
        <ele>2705.7148437</ele>
      </trkpt>
      <trkpt lat="-0.896906" lon="36.570751">
        <ele>2701.515625</ele>
      </trkpt>
      <trkpt lat="-0.896903" lon="36.570659">
        <ele>2700.3320312</ele>
      </trkpt>
      <trkpt lat="-0.896884" lon="36.570576">
        <ele>2699.4492187</ele>
      </trkpt>
      <trkpt lat="-0.896845" lon="36.570504">
        <ele>2698.9414062</ele>
      </trkpt>
      <trkpt lat="-0.896794" lon="36.570441">
        <ele>2698.7773437</ele>
      </trkpt>
      <trkpt lat="-0.896733" lon="36.570382">
        <ele>2698.8515625</ele>
      </trkpt>
      <trkpt lat="-0.896665" lon="36.570322">
        <ele>2699.0898437</ele>
      </trkpt>
      <trkpt lat="-0.896033" lon="36.569737">
        <ele>2699.6640625</ele>
      </trkpt>
      <trkpt lat="-0.895342" lon="36.56908">
        <ele>2698.6328125</ele>
      </trkpt>
      <trkpt lat="-0.895279" lon="36.568985">
        <ele>2699.1953125</ele>
      </trkpt>
      <trkpt lat="-0.894786" lon="36.568278">
        <ele>2696.8632812</ele>
      </trkpt>
      <trkpt lat="-0.894712" lon="36.568217">
        <ele>2696.1796875</ele>
      </trkpt>
      <trkpt lat="-0.894634" lon="36.568168">
        <ele>2695.75</ele>
      </trkpt>
      <trkpt lat="-0.894553" lon="36.568132">
        <ele>2695.609375</ele>
      </trkpt>
      <trkpt lat="-0.894477" lon="36.568114">
        <ele>2695.71875</ele>
      </trkpt>
      <trkpt lat="-0.894404" lon="36.568107">
        <ele>2695.9921875</ele>
      </trkpt>
      <trkpt lat="-0.894327" lon="36.568109">
        <ele>2696.3867187</ele>
      </trkpt>
      <trkpt lat="-0.894245" lon="36.568116">
        <ele>2696.8828125</ele>
      </trkpt>
      <trkpt lat="-0.894161" lon="36.568131">
        <ele>2697.4609375</ele>
      </trkpt>
      <trkpt lat="-0.894076" lon="36.568151">
        <ele>2698.0703125</ele>
      </trkpt>
      <trkpt lat="-0.893697" lon="36.5682479">
        <ele>2698.3320312</ele>
      </trkpt>
      <trkpt lat="-0.893634" lon="36.568245">
        <ele>2697.8671875</ele>
      </trkpt>
      <trkpt lat="-0.893575" lon="36.568222">
        <ele>2697.2929687</ele>
      </trkpt>
      <trkpt lat="-0.893519" lon="36.568178">
        <ele>2696.6289062</ele>
      </trkpt>
      <trkpt lat="-0.893469" lon="36.568121">
        <ele>2695.9414062</ele>
      </trkpt>
      <trkpt lat="-0.893425" lon="36.56806">
        <ele>2695.3085937</ele>
      </trkpt>
      <trkpt lat="-0.893382" lon="36.568">
        <ele>2694.71875</ele>
      </trkpt>
      <trkpt lat="-0.893132" lon="36.567613">
        <ele>2692.1796875</ele>
      </trkpt>
      <trkpt lat="-0.893062" lon="36.567538">
        <ele>2691.9453125</ele>
      </trkpt>
      <trkpt lat="-0.89298" lon="36.567472">
        <ele>2691.71875</ele>
      </trkpt>
      <trkpt lat="-0.892888" lon="36.567414">
        <ele>2691.5078125</ele>
      </trkpt>
      <trkpt lat="-0.892788" lon="36.567365">
        <ele>2691.3125</ele>
      </trkpt>
      <trkpt lat="-0.892679" lon="36.567323">
        <ele>2691.0664062</ele>
      </trkpt>
      <trkpt lat="-0.892568" lon="36.567285">
        <ele>2690.828125</ele>
      </trkpt>
      <trkpt lat="-0.891818" lon="36.567057">
        <ele>2689.6640625</ele>
      </trkpt>
      <trkpt lat="-0.891628" lon="36.567024">
        <ele>2689.5585937</ele>
      </trkpt>
      <trkpt lat="-0.891537" lon="36.5670209">
        <ele>2689.6601562</ele>
      </trkpt>
      <trkpt lat="-0.891446" lon="36.567028">
        <ele>2689.7304687</ele>
      </trkpt>
      <trkpt lat="-0.890591" lon="36.567174">
        <ele>2690.4609375</ele>
      </trkpt>
      <trkpt lat="-0.889992" lon="36.567276">
        <ele>2690.3984375</ele>
      </trkpt>
      <trkpt lat="-0.889876" lon="36.567278">
        <ele>2690.3984375</ele>
      </trkpt>
      <trkpt lat="-0.889767" lon="36.567269">
        <ele>2690.40625</ele>
      </trkpt>
      <trkpt lat="-0.889664" lon="36.567248">
        <ele>2690.4257812</ele>
      </trkpt>
      <trkpt lat="-0.889565" lon="36.567215">
        <ele>2690.453125</ele>
      </trkpt>
      <trkpt lat="-0.889466" lon="36.567174">
        <ele>2690.4921875</ele>
      </trkpt>
      <trkpt lat="-0.889365" lon="36.567126">
        <ele>2690.4179687</ele>
      </trkpt>
      <trkpt lat="-0.88844" lon="36.566649">
        <ele>2690.8632812</ele>
      </trkpt>
      <trkpt lat="-0.887629" lon="36.566249">
        <ele>2690.5429687</ele>
      </trkpt>
      <trkpt lat="-0.887461" lon="36.566177">
        <ele>2690.6640625</ele>
      </trkpt>
      <trkpt lat="-0.887442" lon="36.566166">
        <ele>2690.6875</ele>
      </trkpt>
      <trkpt lat="-0.887423" lon="36.566167">
        <ele>2690.6953125</ele>
      </trkpt>
      <trkpt lat="-0.887387" lon="36.566158">
        <ele>2690.7265625</ele>
      </trkpt>
      <trkpt lat="-0.88734" lon="36.566141">
        <ele>2690.7773437</ele>
      </trkpt>
      <trkpt lat="-0.886923" lon="36.5659769">
        <ele>2691.7421875</ele>
      </trkpt>
      <trkpt lat="-0.885922" lon="36.565607">
        <ele>2694.9609375</ele>
      </trkpt>
      <trkpt lat="-0.884786" lon="36.56516">
        <ele>2696.5273437</ele>
      </trkpt>
      <trkpt lat="-0.883669" lon="36.564676">
        <ele>2700.6484375</ele>
      </trkpt>
      <trkpt lat="-0.88323" lon="36.564529">
        <ele>2702.6992187</ele>
      </trkpt>
      <trkpt lat="-0.883113" lon="36.564515">
        <ele>2703.15625</ele>
      </trkpt>
      <trkpt lat="-0.882065" lon="36.564438">
        <ele>2707.3164062</ele>
      </trkpt>
      <trkpt lat="-0.881151" lon="36.564403">
        <ele>2707.9609375</ele>
      </trkpt>
      <trkpt lat="-0.880882" lon="36.564354">
        <ele>2707.4023437</ele>
      </trkpt>
      <trkpt lat="-0.880806" lon="36.564315">
        <ele>2707.0859375</ele>
      </trkpt>
      <trkpt lat="-0.88074" lon="36.564256">
        <ele>2706.703125</ele>
      </trkpt>
      <trkpt lat="-0.880678" lon="36.564186">
        <ele>2706.2734375</ele>
      </trkpt>
      <trkpt lat="-0.880617" lon="36.564112">
        <ele>2705.8320312</ele>
      </trkpt>
      <trkpt lat="-0.879999" lon="36.563466">
        <ele>2702.6640625</ele>
      </trkpt>
      <trkpt lat="-0.879653" lon="36.563108">
        <ele>2702.6757812</ele>
      </trkpt>
      <trkpt lat="-0.879607" lon="36.56308">
        <ele>2702.6953125</ele>
      </trkpt>
      <trkpt lat="-0.879563" lon="36.563061">
        <ele>2702.7148437</ele>
      </trkpt>
      <trkpt lat="-0.879518" lon="36.563047">
        <ele>2702.7421875</ele>
      </trkpt>
      <trkpt lat="-0.879483" lon="36.5629909">
        <ele>2702.7265625</ele>
      </trkpt>
      <trkpt lat="-0.879489" lon="36.562957">
        <ele>2702.6875</ele>
      </trkpt>
      <trkpt lat="-0.879493" lon="36.56291">
        <ele>2702.6445312</ele>
      </trkpt>
      <trkpt lat="-0.879534" lon="36.5624899">
        <ele>2702.2265625</ele>
      </trkpt>
      <trkpt lat="-0.879684" lon="36.56158">
        <ele>2700.0</ele>
      </trkpt>
      <trkpt lat="-0.879946" lon="36.560765">
        <ele>2696.46875</ele>
      </trkpt>
      <trkpt lat="-0.880325" lon="36.559878">
        <ele>2690.4648437</ele>
      </trkpt>
      <trkpt lat="-0.880667" lon="36.559111">
        <ele>2683.0703125</ele>
      </trkpt>
      <trkpt lat="-0.881089" lon="36.558346">
        <ele>2676.3320312</ele>
      </trkpt>
      <trkpt lat="-0.881683" lon="36.557394">
        <ele>2659.1523437</ele>
      </trkpt>
      <trkpt lat="-0.882071" lon="36.556757">
        <ele>2649.5078125</ele>
      </trkpt>
      <trkpt lat="-0.882506" lon="36.556192">
        <ele>2643.8671875</ele>
      </trkpt>
      <trkpt lat="-0.882915" lon="36.555696">
        <ele>2634.7773437</ele>
      </trkpt>
      <trkpt lat="-0.882963" lon="36.555617">
        <ele>2632.6523437</ele>
      </trkpt>
      <trkpt lat="-0.883004" lon="36.555525">
        <ele>2630.3671875</ele>
      </trkpt>
      <trkpt lat="-0.883034" lon="36.555422">
        <ele>2629.0820312</ele>
      </trkpt>
      <trkpt lat="-0.883057" lon="36.555313">
        <ele>2628.1601562</ele>
      </trkpt>
      <trkpt lat="-0.883331" lon="36.554514">
        <ele>2622.4179687</ele>
      </trkpt>
      <trkpt lat="-0.883546" lon="36.554079">
        <ele>2621.421875</ele>
      </trkpt>
      <trkpt lat="-0.883618" lon="36.553994">
        <ele>2621.453125</ele>
      </trkpt>
      <trkpt lat="-0.883702" lon="36.553923">
        <ele>2621.5742187</ele>
      </trkpt>
      <trkpt lat="-0.883798" lon="36.553862">
        <ele>2621.7929687</ele>
      </trkpt>
      <trkpt lat="-0.883897" lon="36.553803">
        <ele>2622.1132812</ele>
      </trkpt>
      <trkpt lat="-0.883997" lon="36.553738">
        <ele>2620.8554687</ele>
      </trkpt>
      <trkpt lat="-0.88479" lon="36.553117">
        <ele>2613.6757812</ele>
      </trkpt>
      <trkpt lat="-0.885499" lon="36.552701">
        <ele>2600.8515625</ele>
      </trkpt>
      <trkpt lat="-0.88558" lon="36.55267">
        <ele>2599.0390625</ele>
      </trkpt>
      <trkpt lat="-0.885662" lon="36.552653">
        <ele>2597.1953125</ele>
      </trkpt>
      <trkpt lat="-0.885745" lon="36.552646">
        <ele>2595.3476562</ele>
      </trkpt>
      <trkpt lat="-0.885826" lon="36.552649">
        <ele>2593.5625</ele>
      </trkpt>
      <trkpt lat="-0.885903" lon="36.552659">
        <ele>2591.8398437</ele>
      </trkpt>
      <trkpt lat="-0.885976" lon="36.552676">
        <ele>2590.2460937</ele>
      </trkpt>
      <trkpt lat="-0.886042" lon="36.552697">
        <ele>2588.8203125</ele>
      </trkpt>
      <trkpt lat="-0.886103" lon="36.552718">
        <ele>2587.515625</ele>
      </trkpt>
      <trkpt lat="-0.886204" lon="36.552767">
        <ele>2585.15625</ele>
      </trkpt>
      <trkpt lat="-0.886238" lon="36.552804">
        <ele>2584.4335937</ele>
      </trkpt>
      <trkpt lat="-0.886262" lon="36.552852">
        <ele>2584.0039062</ele>
      </trkpt>
      <trkpt lat="-0.886273" lon="36.552909">
        <ele>2583.9296875</ele>
      </trkpt>
      <trkpt lat="-0.88627" lon="36.552969">
        <ele>2584.203125</ele>
      </trkpt>
      <trkpt lat="-0.886255" lon="36.553031">
        <ele>2584.7539062</ele>
      </trkpt>
      <trkpt lat="-0.886228" lon="36.55309">
        <ele>2585.5078125</ele>
      </trkpt>
      <trkpt lat="-0.886195" lon="36.553145">
        <ele>2586.359375</ele>
      </trkpt>
      <trkpt lat="-0.886157" lon="36.553195">
        <ele>2587.2382812</ele>
      </trkpt>
      <trkpt lat="-0.886115" lon="36.553243">
        <ele>2588.1679687</ele>
      </trkpt>
      <trkpt lat="-0.885992" lon="36.553403">
        <ele>2587.375</ele>
      </trkpt>
      <trkpt lat="-0.885955" lon="36.553461">
        <ele>2586.5585937</ele>
      </trkpt>
      <trkpt lat="-0.885654" lon="36.554025">
        <ele>2579.9492187</ele>
      </trkpt>
      <trkpt lat="-0.88562" lon="36.554098">
        <ele>2579.2617187</ele>
      </trkpt>
      <trkpt lat="-0.885449" lon="36.554395">
        <ele>2578.4023437</ele>
      </trkpt>
      <trkpt lat="-0.885416" lon="36.554476">
        <ele>2578.8632812</ele>
      </trkpt>
      <trkpt lat="-0.88539" lon="36.554559">
        <ele>2579.0390625</ele>
      </trkpt>
      <trkpt lat="-0.885345" lon="36.554722">
        <ele>2579.1601562</ele>
      </trkpt>
      <trkpt lat="-0.885307" lon="36.5548">
        <ele>2579.796875</ele>
      </trkpt>
      <trkpt lat="-0.88526" lon="36.554882">
        <ele>2580.6796875</ele>
      </trkpt>
      <trkpt lat="-0.885144" lon="36.5550629">
        <ele>2582.9726562</ele>
      </trkpt>
      <trkpt lat="-0.885094" lon="36.555169">
        <ele>2583.671875</ele>
      </trkpt>
      <trkpt lat="-0.884966" lon="36.555565">
        <ele>2586.4140625</ele>
      </trkpt>
      <trkpt lat="-0.884976" lon="36.5556399">
        <ele>2588.4414062</ele>
      </trkpt>
      <trkpt lat="-0.885011" lon="36.555701">
        <ele>2589.3164062</ele>
      </trkpt>
      <trkpt lat="-0.885068" lon="36.555744">
        <ele>2588.8984375</ele>
      </trkpt>
      <trkpt lat="-0.885136" lon="36.555771">
        <ele>2587.6171875</ele>
      </trkpt>
      <trkpt lat="-0.885219" lon="36.555781">
        <ele>2585.3085937</ele>
      </trkpt>
      <trkpt lat="-0.885329" lon="36.555783">
        <ele>2581.921875</ele>
      </trkpt>
      <trkpt lat="-0.886027" lon="36.555863">
        <ele>2562.9453125</ele>
      </trkpt>
      <trkpt lat="-0.88684" lon="36.556191">
        <ele>2544.8476562</ele>
      </trkpt>
      <trkpt lat="-0.887813" lon="36.556767">
        <ele>2527.2695312</ele>
      </trkpt>
      <trkpt lat="-0.888078" lon="36.556958">
        <ele>2526.890625</ele>
      </trkpt>
      <trkpt lat="-0.888148" lon="36.557031">
        <ele>2527.9804687</ele>
      </trkpt>
      <trkpt lat="-0.888278" lon="36.55716">
        <ele>2529.6953125</ele>
      </trkpt>
      <trkpt lat="-0.88835" lon="36.557192">
        <ele>2528.5546875</ele>
      </trkpt>
      <trkpt lat="-0.888435" lon="36.557199">
        <ele>2526.3945312</ele>
      </trkpt>
      <trkpt lat="-0.888532" lon="36.557191">
        <ele>2523.1640625</ele>
      </trkpt>
      <trkpt lat="-0.888629" lon="36.557183">
        <ele>2519.859375</ele>
      </trkpt>
      <trkpt lat="-0.888725" lon="36.557184">
        <ele>2517.1054687</ele>
      </trkpt>
      <trkpt lat="-0.888823" lon="36.5572">
        <ele>2514.9375</ele>
      </trkpt>
      <trkpt lat="-0.888918" lon="36.557228">
        <ele>2513.3710937</ele>
      </trkpt>
      <trkpt lat="-0.88901" lon="36.557264">
        <ele>2512.1523437</ele>
      </trkpt>
      <trkpt lat="-0.889101" lon="36.557302">
        <ele>2510.9296875</ele>
      </trkpt>
      <trkpt lat="-0.889378" lon="36.557407">
        <ele>2506.140625</ele>
      </trkpt>
      <trkpt lat="-0.889477" lon="36.557428">
        <ele>2503.890625</ele>
      </trkpt>
      <trkpt lat="-0.889586" lon="36.55744">
        <ele>2502.1328125</ele>
      </trkpt>
      <trkpt lat="-0.889803" lon="36.557472">
        <ele>2498.8007812</ele>
      </trkpt>
      <trkpt lat="-0.889898" lon="36.557504">
        <ele>2497.9101562</ele>
      </trkpt>
      <trkpt lat="-0.889978" lon="36.55755">
        <ele>2497.6953125</ele>
      </trkpt>
      <trkpt lat="-0.890049" lon="36.557607">
        <ele>2497.984375</ele>
      </trkpt>
      <trkpt lat="-0.890113" lon="36.557669">
        <ele>2498.5117187</ele>
      </trkpt>
      <trkpt lat="-0.890173" lon="36.557718">
        <ele>2498.6953125</ele>
      </trkpt>
      <trkpt lat="-0.890229" lon="36.557739">
        <ele>2498.2929687</ele>
      </trkpt>
      <trkpt lat="-0.890282" lon="36.557728">
        <ele>2496.5664062</ele>
      </trkpt>
      <trkpt lat="-0.890336" lon="36.557694">
        <ele>2494.3242187</ele>
      </trkpt>
      <trkpt lat="-0.890391" lon="36.557648">
        <ele>2491.8007812</ele>
      </trkpt>
      <trkpt lat="-0.890454" lon="36.557605">
        <ele>2489.2265625</ele>
      </trkpt>
      <trkpt lat="-0.890521" lon="36.55757">
        <ele>2486.7890625</ele>
      </trkpt>
      <trkpt lat="-0.890593" lon="36.557542">
        <ele>2484.7578125</ele>
      </trkpt>
      <trkpt lat="-0.890674" lon="36.557525">
        <ele>2483.4101562</ele>
      </trkpt>
      <trkpt lat="-0.890766" lon="36.557519">
        <ele>2482.2304687</ele>
      </trkpt>
      <trkpt lat="-0.890867" lon="36.557518">
        <ele>2481.0898437</ele>
      </trkpt>
      <trkpt lat="-0.891594" lon="36.55747">
        <ele>2471.9492187</ele>
      </trkpt>
      <trkpt lat="-0.89179" lon="36.557435">
        <ele>2468.5234375</ele>
      </trkpt>
      <trkpt lat="-0.892674" lon="36.557364">
        <ele>2451.4</ele>
      </trkpt>
      <trkpt lat="-0.8929" lon="36.55733">
        <ele>2449.4</ele>
      </trkpt>
      <trkpt lat="-0.8929" lon="36.55733">
        <ele>2449.4</ele>
      </trkpt>
      <trkpt lat="-0.893047" lon="36.557329">
        <ele>2448.578125</ele>
      </trkpt>
      <trkpt lat="-0.894034" lon="36.557114">
        <ele>2443.5859375</ele>
      </trkpt>
      <trkpt lat="-0.894184" lon="36.557093">
        <ele>2443.28125</ele>
      </trkpt>
      <trkpt lat="-0.894313" lon="36.557093">
        <ele>2443.3164062</ele>
      </trkpt>
      <trkpt lat="-0.894399" lon="36.557114">
        <ele>2443.703125</ele>
      </trkpt>
      <trkpt lat="-0.89457" lon="36.5572">
        <ele>2444.7851562</ele>
      </trkpt>
      <trkpt lat="-0.894957" lon="36.557329">
        <ele>2445.4921875</ele>
      </trkpt>
      <trkpt lat="-0.895064" lon="36.557329">
        <ele>2445.0976562</ele>
      </trkpt>
      <trkpt lat="-0.895514" lon="36.557372">
        <ele>2444.2382812</ele>
      </trkpt>
      <trkpt lat="-0.895987" lon="36.557479">
        <ele>2444.5195312</ele>
      </trkpt>
      <trkpt lat="-0.896459" lon="36.557629">
        <ele>2445.4179687</ele>
      </trkpt>
      <trkpt lat="-0.896523" lon="36.5576719">
        <ele>2445.8046875</ele>
      </trkpt>
      <trkpt lat="-0.897102" lon="36.557908">
        <ele>2448.9023437</ele>
      </trkpt>
      <trkpt lat="-0.897274" lon="36.557951">
        <ele>2449.765625</ele>
      </trkpt>
      <trkpt lat="-0.897446" lon="36.557972">
        <ele>2450.1601562</ele>
      </trkpt>
      <trkpt lat="-0.89854" lon="36.558015">
        <ele>2452.6445312</ele>
      </trkpt>
      <trkpt lat="-0.901737" lon="36.558208">
        <ele>2462.1210937</ele>
      </trkpt>
      <trkpt lat="-0.902402" lon="36.558273">
        <ele>2463.8984375</ele>
      </trkpt>
      <trkpt lat="-0.902596" lon="36.558273">
        <ele>2463.90625</ele>
      </trkpt>
      <trkpt lat="-0.902746" lon="36.55823">
        <ele>2463.4414062</ele>
      </trkpt>
      <trkpt lat="-0.902917" lon="36.558123">
        <ele>2461.5546875</ele>
      </trkpt>
      <trkpt lat="-0.903904" lon="36.557393">
        <ele>2450.765625</ele>
      </trkpt>
      <trkpt lat="-0.904033" lon="36.557329">
        <ele>2450.8320312</ele>
      </trkpt>
      <trkpt lat="-0.90414" lon="36.557243">
        <ele>2450.8242187</ele>
      </trkpt>
      <trkpt lat="-0.904312" lon="36.557178">
        <ele>2451.1992187</ele>
      </trkpt>
      <trkpt lat="-0.907681" lon="36.555891">
        <ele>2455.7421875</ele>
      </trkpt>
      <trkpt lat="-0.907938" lon="36.555805">
        <ele>2456.7304687</ele>
      </trkpt>
      <trkpt lat="-0.90811" lon="36.555762">
        <ele>2457.4296875</ele>
      </trkpt>
      <trkpt lat="-0.90811" lon="36.555762">
        <ele>2457.4296875</ele>
      </trkpt>
      <trkpt lat="-0.908288" lon="36.55574">
        <ele>2450.8</ele>
      </trkpt>
      <trkpt lat="-0.908298" lon="36.555709">
        <ele>2450.9</ele>
      </trkpt>
      <trkpt lat="-0.908326" lon="36.555682">
        <ele>2450.9</ele>
      </trkpt>
      <trkpt lat="-0.908368" lon="36.555663">
        <ele>2451.0</ele>
      </trkpt>
      <trkpt lat="-0.908412" lon="36.555642">
        <ele>2451.1</ele>
      </trkpt>
      <trkpt lat="-0.90845" lon="36.555614">
        <ele>2451.2</ele>
      </trkpt>
      <trkpt lat="-0.908487" lon="36.555585">
        <ele>2451.2</ele>
      </trkpt>
      <trkpt lat="-0.908526" lon="36.555555">
        <ele>2451.4</ele>
      </trkpt>
      <trkpt lat="-0.90857" lon="36.555529">
        <ele>2451.6</ele>
      </trkpt>
      <trkpt lat="-0.908616" lon="36.5555">
        <ele>2452.1</ele>
      </trkpt>
      <trkpt lat="-0.90866" lon="36.555472">
        <ele>2452.6</ele>
      </trkpt>
      <trkpt lat="-0.908703" lon="36.555444">
        <ele>2453.2</ele>
      </trkpt>
      <trkpt lat="-0.908745" lon="36.555414">
        <ele>2453.5</ele>
      </trkpt>
      <trkpt lat="-0.908786" lon="36.555386">
        <ele>2453.9</ele>
      </trkpt>
      <trkpt lat="-0.908827" lon="36.555357">
        <ele>2454.5</ele>
      </trkpt>
      <trkpt lat="-0.908868" lon="36.555329">
        <ele>2455.1</ele>
      </trkpt>
      <trkpt lat="-0.908911" lon="36.555302">
        <ele>2455.5</ele>
      </trkpt>
      <trkpt lat="-0.908957" lon="36.555278">
        <ele>2455.8</ele>
      </trkpt>
      <trkpt lat="-0.909001" lon="36.555254">
        <ele>2456.0</ele>
      </trkpt>
      <trkpt lat="-0.909043" lon="36.555225">
        <ele>2456.4</ele>
      </trkpt>
      <trkpt lat="-0.909083" lon="36.555194">
        <ele>2457.0</ele>
      </trkpt>
      <trkpt lat="-0.909125" lon="36.555162">
        <ele>2457.5</ele>
      </trkpt>
      <trkpt lat="-0.909168" lon="36.55513">
        <ele>2457.8</ele>
      </trkpt>
      <trkpt lat="-0.909211" lon="36.5551">
        <ele>2458.1</ele>
      </trkpt>
      <trkpt lat="-0.909255" lon="36.555071">
        <ele>2458.4</ele>
      </trkpt>
      <trkpt lat="-0.909299" lon="36.555041">
        <ele>2458.8</ele>
      </trkpt>
      <trkpt lat="-0.909343" lon="36.555011">
        <ele>2459.3</ele>
      </trkpt>
      <trkpt lat="-0.909385" lon="36.554981">
        <ele>2459.9</ele>
      </trkpt>
      <trkpt lat="-0.909425" lon="36.554954">
        <ele>2460.2</ele>
      </trkpt>
      <trkpt lat="-0.909468" lon="36.554927">
        <ele>2460.5</ele>
      </trkpt>
      <trkpt lat="-0.909505" lon="36.554898">
        <ele>2460.9</ele>
      </trkpt>
      <trkpt lat="-0.909542" lon="36.5548659">
        <ele>2461.4</ele>
      </trkpt>
      <trkpt lat="-0.909584" lon="36.554832">
        <ele>2462.0</ele>
      </trkpt>
      <trkpt lat="-0.909625" lon="36.5548">
        <ele>2462.5</ele>
      </trkpt>
      <trkpt lat="-0.909646" lon="36.554783">
        <ele>2462.7</ele>
      </trkpt>
      <trkpt lat="-0.909689" lon="36.554752">
        <ele>2462.9</ele>
      </trkpt>
      <trkpt lat="-0.909733" lon="36.554722">
        <ele>2463.2</ele>
      </trkpt>
      <trkpt lat="-0.909774" lon="36.554694">
        <ele>2463.6</ele>
      </trkpt>
      <trkpt lat="-0.909814" lon="36.554667">
        <ele>2464.1</ele>
      </trkpt>
      <trkpt lat="-0.909852" lon="36.554636">
        <ele>2464.5</ele>
      </trkpt>
      <trkpt lat="-0.909893" lon="36.554606">
        <ele>2464.7</ele>
      </trkpt>
      <trkpt lat="-0.909932" lon="36.554576">
        <ele>2464.8</ele>
      </trkpt>
      <trkpt lat="-0.909972" lon="36.554545">
        <ele>2465.0</ele>
      </trkpt>
      <trkpt lat="-0.910013" lon="36.554516">
        <ele>2465.2</ele>
      </trkpt>
      <trkpt lat="-0.910054" lon="36.554486">
        <ele>2465.5</ele>
      </trkpt>
      <trkpt lat="-0.910093" lon="36.554455">
        <ele>2466.0</ele>
      </trkpt>
      <trkpt lat="-0.910134" lon="36.554425">
        <ele>2466.6</ele>
      </trkpt>
      <trkpt lat="-0.910175" lon="36.5543959">
        <ele>2467.0</ele>
      </trkpt>
      <trkpt lat="-0.910215" lon="36.554365">
        <ele>2467.2</ele>
      </trkpt>
      <trkpt lat="-0.910252" lon="36.554342">
        <ele>2467.4</ele>
      </trkpt>
      <trkpt lat="-0.910295" lon="36.554313">
        <ele>2467.7</ele>
      </trkpt>
      <trkpt lat="-0.910336" lon="36.554287">
        <ele>2468.0</ele>
      </trkpt>
      <trkpt lat="-0.91038" lon="36.55426">
        <ele>2468.5</ele>
      </trkpt>
      <trkpt lat="-0.910426" lon="36.554239">
        <ele>2469.1</ele>
      </trkpt>
      <trkpt lat="-0.910471" lon="36.554215">
        <ele>2469.4</ele>
      </trkpt>
      <trkpt lat="-0.910512" lon="36.554186">
        <ele>2469.6</ele>
      </trkpt>
      <trkpt lat="-0.910555" lon="36.5541569">
        <ele>2469.8</ele>
      </trkpt>
      <trkpt lat="-0.910598" lon="36.554127">
        <ele>2470.1</ele>
      </trkpt>
      <trkpt lat="-0.910638" lon="36.554098">
        <ele>2470.6</ele>
      </trkpt>
      <trkpt lat="-0.910679" lon="36.554068">
        <ele>2471.2</ele>
      </trkpt>
      <trkpt lat="-0.910719" lon="36.554036">
        <ele>2471.5</ele>
      </trkpt>
      <trkpt lat="-0.910754" lon="36.554004">
        <ele>2471.7</ele>
      </trkpt>
      <trkpt lat="-0.910791" lon="36.553975">
        <ele>2472.1</ele>
      </trkpt>
      <trkpt lat="-0.910831" lon="36.553947">
        <ele>2472.6</ele>
      </trkpt>
      <trkpt lat="-0.910875" lon="36.553919">
        <ele>2473.2</ele>
      </trkpt>
      <trkpt lat="-0.910915" lon="36.553886">
        <ele>2473.7</ele>
      </trkpt>
      <trkpt lat="-0.910954" lon="36.553851">
        <ele>2474.2</ele>
      </trkpt>
      <trkpt lat="-0.910995" lon="36.553821">
        <ele>2474.7</ele>
      </trkpt>
      <trkpt lat="-0.911039" lon="36.553793">
        <ele>2475.3</ele>
      </trkpt>
      <trkpt lat="-0.911081" lon="36.553764">
        <ele>2475.8</ele>
      </trkpt>
      <trkpt lat="-0.911124" lon="36.553731">
        <ele>2476.2</ele>
      </trkpt>
      <trkpt lat="-0.911168" lon="36.553697">
        <ele>2476.4</ele>
      </trkpt>
      <trkpt lat="-0.911192" lon="36.553679">
        <ele>2476.5</ele>
      </trkpt>
      <trkpt lat="-0.911216" lon="36.553663">
        <ele>2476.6</ele>
      </trkpt>
      <trkpt lat="-0.911241" lon="36.553647">
        <ele>2476.7</ele>
      </trkpt>
      <trkpt lat="-0.911268" lon="36.55363">
        <ele>2476.8</ele>
      </trkpt>
      <trkpt lat="-0.911294" lon="36.553612">
        <ele>2476.9</ele>
      </trkpt>
      <trkpt lat="-0.911319" lon="36.553592">
        <ele>2477.1</ele>
      </trkpt>
      <trkpt lat="-0.911342" lon="36.553572">
        <ele>2477.4</ele>
      </trkpt>
      <trkpt lat="-0.911361" lon="36.553553">
        <ele>2477.5</ele>
      </trkpt>
      <trkpt lat="-0.911381" lon="36.553532">
        <ele>2477.7</ele>
      </trkpt>
      <trkpt lat="-0.911405" lon="36.55351">
        <ele>2477.8</ele>
      </trkpt>
      <trkpt lat="-0.911431" lon="36.553491">
        <ele>2477.8</ele>
      </trkpt>
      <trkpt lat="-0.91146" lon="36.553474">
        <ele>2477.9</ele>
      </trkpt>
      <trkpt lat="-0.911489" lon="36.553458">
        <ele>2478.0</ele>
      </trkpt>
      <trkpt lat="-0.911516" lon="36.5534419">
        <ele>2478.0</ele>
      </trkpt>
      <trkpt lat="-0.911541" lon="36.553423">
        <ele>2478.1</ele>
      </trkpt>
      <trkpt lat="-0.911564" lon="36.553404">
        <ele>2478.1</ele>
      </trkpt>
      <trkpt lat="-0.911589" lon="36.553384">
        <ele>2478.1</ele>
      </trkpt>
      <trkpt lat="-0.911616" lon="36.553362">
        <ele>2478.2</ele>
      </trkpt>
      <trkpt lat="-0.911645" lon="36.55334">
        <ele>2478.2</ele>
      </trkpt>
      <trkpt lat="-0.911677" lon="36.553319">
        <ele>2478.2</ele>
      </trkpt>
      <trkpt lat="-0.911708" lon="36.553298">
        <ele>2478.3</ele>
      </trkpt>
      <trkpt lat="-0.911737" lon="36.553277">
        <ele>2478.3</ele>
      </trkpt>
      <trkpt lat="-0.911763" lon="36.553257">
        <ele>2478.3</ele>
      </trkpt>
      <trkpt lat="-0.91179" lon="36.553236">
        <ele>2478.3</ele>
      </trkpt>
      <trkpt lat="-0.911818" lon="36.553215">
        <ele>2478.3</ele>
      </trkpt>
      <trkpt lat="-0.911844" lon="36.553194">
        <ele>2478.4</ele>
      </trkpt>
      <trkpt lat="-0.911872" lon="36.553172">
        <ele>2478.4</ele>
      </trkpt>
      <trkpt lat="-0.911901" lon="36.553149">
        <ele>2478.4</ele>
      </trkpt>
      <trkpt lat="-0.911931" lon="36.553126">
        <ele>2478.4</ele>
      </trkpt>
      <trkpt lat="-0.911965" lon="36.553104">
        <ele>2478.4</ele>
      </trkpt>
      <trkpt lat="-0.912001" lon="36.553082">
        <ele>2478.5</ele>
      </trkpt>
      <trkpt lat="-0.912035" lon="36.55306">
        <ele>2478.5</ele>
      </trkpt>
      <trkpt lat="-0.912065" lon="36.55304">
        <ele>2478.5</ele>
      </trkpt>
      <trkpt lat="-0.912093" lon="36.5530199">
        <ele>2478.5</ele>
      </trkpt>
      <trkpt lat="-0.912121" lon="36.552998">
        <ele>2478.5</ele>
      </trkpt>
      <trkpt lat="-0.91215" lon="36.552976">
        <ele>2478.5</ele>
      </trkpt>
      <trkpt lat="-0.912172" lon="36.552954">
        <ele>2478.5</ele>
      </trkpt>
      <trkpt lat="-0.912193" lon="36.552929">
        <ele>2478.6</ele>
      </trkpt>
      <trkpt lat="-0.912215" lon="36.552904">
        <ele>2478.6</ele>
      </trkpt>
      <trkpt lat="-0.912237" lon="36.552881">
        <ele>2478.6</ele>
      </trkpt>
      <trkpt lat="-0.912259" lon="36.552859">
        <ele>2478.6</ele>
      </trkpt>
      <trkpt lat="-0.912279" lon="36.552834">
        <ele>2478.6</ele>
      </trkpt>
      <trkpt lat="-0.9123" lon="36.5528059">
        <ele>2478.6</ele>
      </trkpt>
      <trkpt lat="-0.912319" lon="36.552777">
        <ele>2478.6</ele>
      </trkpt>
      <trkpt lat="-0.912338" lon="36.552745">
        <ele>2478.6</ele>
      </trkpt>
      <trkpt lat="-0.912357" lon="36.552713">
        <ele>2478.6</ele>
      </trkpt>
      <trkpt lat="-0.912376" lon="36.552682">
        <ele>2478.6</ele>
      </trkpt>
      <trkpt lat="-0.912396" lon="36.55265">
        <ele>2478.7</ele>
      </trkpt>
      <trkpt lat="-0.912415" lon="36.55262">
        <ele>2478.7</ele>
      </trkpt>
      <trkpt lat="-0.912433" lon="36.552591">
        <ele>2478.7</ele>
      </trkpt>
      <trkpt lat="-0.912452" lon="36.552562">
        <ele>2478.7</ele>
      </trkpt>
      <trkpt lat="-0.91247" lon="36.552536">
        <ele>2478.7</ele>
      </trkpt>
      <trkpt lat="-0.912487" lon="36.552511">
        <ele>2478.8</ele>
      </trkpt>
      <trkpt lat="-0.912503" lon="36.552486">
        <ele>2478.8</ele>
      </trkpt>
      <trkpt lat="-0.912521" lon="36.55246">
        <ele>2478.8</ele>
      </trkpt>
      <trkpt lat="-0.91254" lon="36.552433">
        <ele>2478.8</ele>
      </trkpt>
      <trkpt lat="-0.912559" lon="36.552407">
        <ele>2478.8</ele>
      </trkpt>
      <trkpt lat="-0.912577" lon="36.5523809">
        <ele>2478.8</ele>
      </trkpt>
      <trkpt lat="-0.912595" lon="36.552356">
        <ele>2478.9</ele>
      </trkpt>
      <trkpt lat="-0.912612" lon="36.55233">
        <ele>2478.9</ele>
      </trkpt>
      <trkpt lat="-0.912629" lon="36.552302">
        <ele>2478.9</ele>
      </trkpt>
      <trkpt lat="-0.912645" lon="36.552276">
        <ele>2479.0</ele>
      </trkpt>
      <trkpt lat="-0.912659" lon="36.55225">
        <ele>2479.0</ele>
      </trkpt>
      <trkpt lat="-0.912672" lon="36.552223">
        <ele>2479.0</ele>
      </trkpt>
      <trkpt lat="-0.912686" lon="36.552196">
        <ele>2479.1</ele>
      </trkpt>
      <trkpt lat="-0.912698" lon="36.552168">
        <ele>2479.1</ele>
      </trkpt>
      <trkpt lat="-0.912711" lon="36.552142">
        <ele>2479.1</ele>
      </trkpt>
      <trkpt lat="-0.912723" lon="36.552115">
        <ele>2479.2</ele>
      </trkpt>
      <trkpt lat="-0.912738" lon="36.552087">
        <ele>2479.2</ele>
      </trkpt>
      <trkpt lat="-0.912755" lon="36.5520629">
        <ele>2479.3</ele>
      </trkpt>
      <trkpt lat="-0.912771" lon="36.55204">
        <ele>2479.4</ele>
      </trkpt>
      <trkpt lat="-0.912789" lon="36.552014">
        <ele>2479.4</ele>
      </trkpt>
      <trkpt lat="-0.912808" lon="36.5519869">
        <ele>2479.5</ele>
      </trkpt>
      <trkpt lat="-0.91283" lon="36.551962">
        <ele>2479.6</ele>
      </trkpt>
      <trkpt lat="-0.912853" lon="36.551936">
        <ele>2479.7</ele>
      </trkpt>
      <trkpt lat="-0.912872" lon="36.55191">
        <ele>2479.9</ele>
      </trkpt>
      <trkpt lat="-0.912887" lon="36.551881">
        <ele>2480.1</ele>
      </trkpt>
      <trkpt lat="-0.912899" lon="36.551854">
        <ele>2480.3</ele>
      </trkpt>
      <trkpt lat="-0.912908" lon="36.551828">
        <ele>2480.5</ele>
      </trkpt>
      <trkpt lat="-0.912929" lon="36.551784">
        <ele>2480.9</ele>
      </trkpt>
      <trkpt lat="-0.912957" lon="36.551739">
        <ele>2481.2</ele>
      </trkpt>
      <trkpt lat="-0.912969" lon="36.551712">
        <ele>2481.4</ele>
      </trkpt>
      <trkpt lat="-0.912979" lon="36.551684">
        <ele>2481.5</ele>
      </trkpt>
      <trkpt lat="-0.912993" lon="36.5516549">
        <ele>2481.6</ele>
      </trkpt>
      <trkpt lat="-0.913011" lon="36.5516239">
        <ele>2481.9</ele>
      </trkpt>
      <trkpt lat="-0.91303" lon="36.551596">
        <ele>2482.3</ele>
      </trkpt>
      <trkpt lat="-0.913049" lon="36.551567">
        <ele>2482.7</ele>
      </trkpt>
      <trkpt lat="-0.913069" lon="36.551536">
        <ele>2483.1</ele>
      </trkpt>
      <trkpt lat="-0.913089" lon="36.551505">
        <ele>2483.2</ele>
      </trkpt>
      <trkpt lat="-0.913111" lon="36.551475">
        <ele>2483.3</ele>
      </trkpt>
      <trkpt lat="-0.913132" lon="36.551447">
        <ele>2483.4</ele>
      </trkpt>
      <trkpt lat="-0.913151" lon="36.551416">
        <ele>2483.5</ele>
      </trkpt>
      <trkpt lat="-0.913167" lon="36.551384">
        <ele>2483.6</ele>
      </trkpt>
      <trkpt lat="-0.913182" lon="36.55135">
        <ele>2483.7</ele>
      </trkpt>
      <trkpt lat="-0.913197" lon="36.551316">
        <ele>2483.8</ele>
      </trkpt>
      <trkpt lat="-0.913212" lon="36.551281">
        <ele>2483.9</ele>
      </trkpt>
      <trkpt lat="-0.913227" lon="36.5512469">
        <ele>2484.0</ele>
      </trkpt>
      <trkpt lat="-0.913243" lon="36.551215">
        <ele>2484.1</ele>
      </trkpt>
      <trkpt lat="-0.913261" lon="36.551183">
        <ele>2484.3</ele>
      </trkpt>
      <trkpt lat="-0.91328" lon="36.551152">
        <ele>2484.6</ele>
      </trkpt>
      <trkpt lat="-0.913298" lon="36.55112">
        <ele>2484.8</ele>
      </trkpt>
      <trkpt lat="-0.913317" lon="36.551088">
        <ele>2485.1</ele>
      </trkpt>
      <trkpt lat="-0.913334" lon="36.551055">
        <ele>2485.3</ele>
      </trkpt>
      <trkpt lat="-0.91335" lon="36.551024">
        <ele>2485.5</ele>
      </trkpt>
      <trkpt lat="-0.913368" lon="36.550997">
        <ele>2485.6</ele>
      </trkpt>
      <trkpt lat="-0.913388" lon="36.55097">
        <ele>2485.6</ele>
      </trkpt>
      <trkpt lat="-0.91341" lon="36.5509429">
        <ele>2485.6</ele>
      </trkpt>
      <trkpt lat="-0.913432" lon="36.550913">
        <ele>2485.6</ele>
      </trkpt>
      <trkpt lat="-0.913452" lon="36.55088">
        <ele>2485.7</ele>
      </trkpt>
      <trkpt lat="-0.91347" lon="36.5508499">
        <ele>2485.7</ele>
      </trkpt>
      <trkpt lat="-0.913489" lon="36.550819">
        <ele>2485.7</ele>
      </trkpt>
      <trkpt lat="-0.913511" lon="36.550787">
        <ele>2485.8</ele>
      </trkpt>
      <trkpt lat="-0.91353" lon="36.550756">
        <ele>2485.8</ele>
      </trkpt>
      <trkpt lat="-0.913546" lon="36.550727">
        <ele>2485.8</ele>
      </trkpt>
      <trkpt lat="-0.913561" lon="36.550697">
        <ele>2485.8</ele>
      </trkpt>
      <trkpt lat="-0.913577" lon="36.550666">
        <ele>2485.8</ele>
      </trkpt>
      <trkpt lat="-0.913595" lon="36.550634">
        <ele>2485.8</ele>
      </trkpt>
      <trkpt lat="-0.913613" lon="36.550604">
        <ele>2485.9</ele>
      </trkpt>
      <trkpt lat="-0.913632" lon="36.550574">
        <ele>2485.9</ele>
      </trkpt>
      <trkpt lat="-0.913653" lon="36.55054">
        <ele>2485.9</ele>
      </trkpt>
      <trkpt lat="-0.913677" lon="36.550503">
        <ele>2485.9</ele>
      </trkpt>
      <trkpt lat="-0.913703" lon="36.550462">
        <ele>2485.9</ele>
      </trkpt>
      <trkpt lat="-0.913731" lon="36.550421">
        <ele>2485.9</ele>
      </trkpt>
      <trkpt lat="-0.913757" lon="36.550375">
        <ele>2485.9</ele>
      </trkpt>
      <trkpt lat="-0.913784" lon="36.550326">
        <ele>2485.9</ele>
      </trkpt>
      <trkpt lat="-0.913807" lon="36.550277">
        <ele>2485.9</ele>
      </trkpt>
      <trkpt lat="-0.913833" lon="36.550226">
        <ele>2485.9</ele>
      </trkpt>
      <trkpt lat="-0.913861" lon="36.550172">
        <ele>2485.9</ele>
      </trkpt>
      <trkpt lat="-0.913889" lon="36.550115">
        <ele>2485.8</ele>
      </trkpt>
      <trkpt lat="-0.913919" lon="36.550057">
        <ele>2485.8</ele>
      </trkpt>
      <trkpt lat="-0.91395" lon="36.549997">
        <ele>2485.7</ele>
      </trkpt>
      <trkpt lat="-0.913977" lon="36.549936">
        <ele>2485.6</ele>
      </trkpt>
      <trkpt lat="-0.913997" lon="36.549877">
        <ele>2485.5</ele>
      </trkpt>
      <trkpt lat="-0.914" lon="36.549809">
        <ele>2485.4</ele>
      </trkpt>
      <trkpt lat="-0.914014" lon="36.5497609">
        <ele>2485.2</ele>
      </trkpt>
      <trkpt lat="-0.914032" lon="36.549715">
        <ele>2485.0</ele>
      </trkpt>
      <trkpt lat="-0.91404" lon="36.5496679">
        <ele>2485.6</ele>
      </trkpt>
      <trkpt lat="-0.914042" lon="36.549625">
        <ele>2485.9</ele>
      </trkpt>
      <trkpt lat="-0.914048" lon="36.549585">
        <ele>2485.9</ele>
      </trkpt>
      <trkpt lat="-0.914052" lon="36.5495469">
        <ele>2486.2</ele>
      </trkpt>
      <trkpt lat="-0.914059" lon="36.549515">
        <ele>2484.1</ele>
      </trkpt>
      <trkpt lat="-0.914065" lon="36.549484">
        <ele>2484.2</ele>
      </trkpt>
      <trkpt lat="-0.914072" lon="36.54944">
        <ele>2484.3</ele>
      </trkpt>
      <trkpt lat="-0.91408" lon="36.549409">
        <ele>2484.4</ele>
      </trkpt>
      <trkpt lat="-0.91407" lon="36.54938">
        <ele>2484.4</ele>
      </trkpt>
      <trkpt lat="-0.914074" lon="36.549411">
        <ele>2484.3</ele>
      </trkpt>
      <trkpt lat="-0.914085" lon="36.549383">
        <ele>2484.4</ele>
      </trkpt>
      <trkpt lat="-0.914102" lon="36.549339">
        <ele>2482.6</ele>
      </trkpt>
      <trkpt lat="-0.914113" lon="36.549312">
        <ele>2482.9</ele>
      </trkpt>
      <trkpt lat="-0.914125" lon="36.549285">
        <ele>2482.9</ele>
      </trkpt>
      <trkpt lat="-0.914137" lon="36.549253">
        <ele>2483.2</ele>
      </trkpt>
      <trkpt lat="-0.914147" lon="36.54922">
        <ele>2482.2</ele>
      </trkpt>
      <trkpt lat="-0.914154" lon="36.549185">
        <ele>2482.6</ele>
      </trkpt>
      <trkpt lat="-0.91416" lon="36.549151">
        <ele>2483.1</ele>
      </trkpt>
      <trkpt lat="-0.914167" lon="36.549116">
        <ele>2483.1</ele>
      </trkpt>
      <trkpt lat="-0.914176" lon="36.549079">
        <ele>2483.7</ele>
      </trkpt>
      <trkpt lat="-0.914187" lon="36.549042">
        <ele>2483.6</ele>
      </trkpt>
      <trkpt lat="-0.914199" lon="36.549005">
        <ele>2484.4</ele>
      </trkpt>
      <trkpt lat="-0.91421" lon="36.548967">
        <ele>2485.2</ele>
      </trkpt>
      <trkpt lat="-0.914219" lon="36.5489279">
        <ele>2485.9</ele>
      </trkpt>
      <trkpt lat="-0.914224" lon="36.548882">
        <ele>2486.4</ele>
      </trkpt>
      <trkpt lat="-0.914218" lon="36.548839">
        <ele>2486.7</ele>
      </trkpt>
      <trkpt lat="-0.91422" lon="36.548791">
        <ele>2487.0</ele>
      </trkpt>
      <trkpt lat="-0.914225" lon="36.548742">
        <ele>2487.3</ele>
      </trkpt>
      <trkpt lat="-0.914226" lon="36.54869">
        <ele>2487.6</ele>
      </trkpt>
      <trkpt lat="-0.914229" lon="36.548634">
        <ele>2488.4</ele>
      </trkpt>
      <trkpt lat="-0.914233" lon="36.54858">
        <ele>2487.2</ele>
      </trkpt>
      <trkpt lat="-0.914248" lon="36.548519">
        <ele>2487.8</ele>
      </trkpt>
      <trkpt lat="-0.914269" lon="36.548453">
        <ele>2489.0</ele>
      </trkpt>
      <trkpt lat="-0.91428" lon="36.5483819">
        <ele>2486.5</ele>
      </trkpt>
      <trkpt lat="-0.914287" lon="36.548309">
        <ele>2486.6</ele>
      </trkpt>
      <trkpt lat="-0.914288" lon="36.548235">
        <ele>2486.3</ele>
      </trkpt>
      <trkpt lat="-0.914287" lon="36.548159">
        <ele>2485.7</ele>
      </trkpt>
      <trkpt lat="-0.914289" lon="36.548083">
        <ele>2485.3</ele>
      </trkpt>
      <trkpt lat="-0.914287" lon="36.548014">
        <ele>2484.7</ele>
      </trkpt>
      <trkpt lat="-0.91428" lon="36.547945">
        <ele>2484.5</ele>
      </trkpt>
      <trkpt lat="-0.914277" lon="36.547866">
        <ele>2484.5</ele>
      </trkpt>
      <trkpt lat="-0.91429" lon="36.5477909">
        <ele>2484.9</ele>
      </trkpt>
      <trkpt lat="-0.914317" lon="36.5477289">
        <ele>2483.5</ele>
      </trkpt>
      <trkpt lat="-0.914351" lon="36.547679">
        <ele>2484.0</ele>
      </trkpt>
      <trkpt lat="-0.91437" lon="36.547626">
        <ele>2482.5</ele>
      </trkpt>
      <trkpt lat="-0.914396" lon="36.547565">
        <ele>2483.7</ele>
      </trkpt>
      <trkpt lat="-0.914404" lon="36.547504">
        <ele>2482.4</ele>
      </trkpt>
      <trkpt lat="-0.914424" lon="36.547451">
        <ele>2482.8</ele>
      </trkpt>
      <trkpt lat="-0.914443" lon="36.547396">
        <ele>2483.2</ele>
      </trkpt>
      <trkpt lat="-0.914467" lon="36.547339">
        <ele>2482.2</ele>
      </trkpt>
      <trkpt lat="-0.914486" lon="36.547274">
        <ele>2482.5</ele>
      </trkpt>
      <trkpt lat="-0.91449" lon="36.54721">
        <ele>2481.3</ele>
      </trkpt>
      <trkpt lat="-0.914487" lon="36.547147">
        <ele>2483.0</ele>
      </trkpt>
      <trkpt lat="-0.914487" lon="36.54709">
        <ele>2483.3</ele>
      </trkpt>
      <trkpt lat="-0.914485" lon="36.547051">
        <ele>2483.3</ele>
      </trkpt>
      <trkpt lat="-0.914476" lon="36.547015">
        <ele>2483.5</ele>
      </trkpt>
      <trkpt lat="-0.914478" lon="36.546971">
        <ele>2483.6</ele>
      </trkpt>
      <trkpt lat="-0.914486" lon="36.546926">
        <ele>2483.8</ele>
      </trkpt>
      <trkpt lat="-0.91449" lon="36.546881">
        <ele>2482.1</ele>
      </trkpt>
      <trkpt lat="-0.914495" lon="36.546838">
        <ele>2482.2</ele>
      </trkpt>
      <trkpt lat="-0.914499" lon="36.546791">
        <ele>2482.2</ele>
      </trkpt>
      <trkpt lat="-0.914505" lon="36.546741">
        <ele>2482.1</ele>
      </trkpt>
      <trkpt lat="-0.914509" lon="36.546688">
        <ele>2482.0</ele>
      </trkpt>
      <trkpt lat="-0.914513" lon="36.546635">
        <ele>2481.8</ele>
      </trkpt>
      <trkpt lat="-0.914521" lon="36.54658">
        <ele>2481.6</ele>
      </trkpt>
      <trkpt lat="-0.914531" lon="36.546521">
        <ele>2477.8</ele>
      </trkpt>
      <trkpt lat="-0.914541" lon="36.546463">
        <ele>2477.4</ele>
      </trkpt>
      <trkpt lat="-0.914547" lon="36.546405">
        <ele>2476.9</ele>
      </trkpt>
      <trkpt lat="-0.914547" lon="36.546347">
        <ele>2476.7</ele>
      </trkpt>
      <trkpt lat="-0.914542" lon="36.5462879">
        <ele>2476.4</ele>
      </trkpt>
      <trkpt lat="-0.914509" lon="36.546237">
        <ele>2478.7</ele>
      </trkpt>
      <trkpt lat="-0.914508" lon="36.546183">
        <ele>2477.8</ele>
      </trkpt>
      <trkpt lat="-0.914501" lon="36.546143">
        <ele>2477.3</ele>
      </trkpt>
      <trkpt lat="-0.914495" lon="36.546115">
        <ele>2477.3</ele>
      </trkpt>
      <trkpt lat="-0.914483" lon="36.546072">
        <ele>2479.0</ele>
      </trkpt>
      <trkpt lat="-0.914474" lon="36.54603">
        <ele>2478.4</ele>
      </trkpt>
      <trkpt lat="-0.914463" lon="36.546004">
        <ele>2477.6</ele>
      </trkpt>
      <trkpt lat="-0.914451" lon="36.5459699">
        <ele>2476.6</ele>
      </trkpt>
      <trkpt lat="-0.914434" lon="36.545937">
        <ele>2478.8</ele>
      </trkpt>
      <trkpt lat="-0.914417" lon="36.545904">
        <ele>2477.7</ele>
      </trkpt>
      <trkpt lat="-0.914404" lon="36.545867">
        <ele>2476.6</ele>
      </trkpt>
      <trkpt lat="-0.914393" lon="36.545824">
        <ele>2477.7</ele>
      </trkpt>
      <trkpt lat="-0.914383" lon="36.5457759">
        <ele>2476.1</ele>
      </trkpt>
      <trkpt lat="-0.914368" lon="36.545725">
        <ele>2474.3</ele>
      </trkpt>
      <trkpt lat="-0.914352" lon="36.545671">
        <ele>2472.6</ele>
      </trkpt>
      <trkpt lat="-0.914335" lon="36.545614">
        <ele>2470.7</ele>
      </trkpt>
      <trkpt lat="-0.914317" lon="36.545558">
        <ele>2469.1</ele>
      </trkpt>
      <trkpt lat="-0.914297" lon="36.5455029">
        <ele>2468.8</ele>
      </trkpt>
      <trkpt lat="-0.914276" lon="36.545449">
        <ele>2467.7</ele>
      </trkpt>
      <trkpt lat="-0.914255" lon="36.545395">
        <ele>2469.4</ele>
      </trkpt>
      <trkpt lat="-0.914231" lon="36.545343">
        <ele>2468.7</ele>
      </trkpt>
      <trkpt lat="-0.914215" lon="36.545292">
        <ele>2470.6</ele>
      </trkpt>
      <trkpt lat="-0.914197" lon="36.545235">
        <ele>2469.7</ele>
      </trkpt>
      <trkpt lat="-0.914182" lon="36.545173">
        <ele>2471.2</ele>
      </trkpt>
      <trkpt lat="-0.914158" lon="36.545116">
        <ele>2469.7</ele>
      </trkpt>
      <trkpt lat="-0.914133" lon="36.545056">
        <ele>2470.7</ele>
      </trkpt>
      <trkpt lat="-0.914106" lon="36.545001">
        <ele>2470.1</ele>
      </trkpt>
      <trkpt lat="-0.914083" lon="36.544941">
        <ele>2470.6</ele>
      </trkpt>
      <trkpt lat="-0.914068" lon="36.544882">
        <ele>2469.8</ele>
      </trkpt>
      <trkpt lat="-0.914045" lon="36.544822">
        <ele>2470.9</ele>
      </trkpt>
      <trkpt lat="-0.914022" lon="36.544768">
        <ele>2469.2</ele>
      </trkpt>
      <trkpt lat="-0.913991" lon="36.544719">
        <ele>2470.6</ele>
      </trkpt>
      <trkpt lat="-0.913974" lon="36.544674">
        <ele>2469.6</ele>
      </trkpt>
      <trkpt lat="-0.913952" lon="36.544623">
        <ele>2470.4</ele>
      </trkpt>
      <trkpt lat="-0.913931" lon="36.54458">
        <ele>2468.7</ele>
      </trkpt>
      <trkpt lat="-0.913921" lon="36.5445319">
        <ele>2468.9</ele>
      </trkpt>
      <trkpt lat="-0.913901" lon="36.544484">
        <ele>2467.3</ele>
      </trkpt>
      <trkpt lat="-0.913872" lon="36.54444">
        <ele>2467.6</ele>
      </trkpt>
      <trkpt lat="-0.913844" lon="36.544401">
        <ele>2466.3</ele>
      </trkpt>
      <trkpt lat="-0.913812" lon="36.544372">
        <ele>2467.0</ele>
      </trkpt>
      <trkpt lat="-0.913785" lon="36.54434">
        <ele>2467.8</ele>
      </trkpt>
      <trkpt lat="-0.913761" lon="36.544309">
        <ele>2467.8</ele>
      </trkpt>
      <trkpt lat="-0.913736" lon="36.544283">
        <ele>2468.8</ele>
      </trkpt>
      <trkpt lat="-0.913717" lon="36.544262">
        <ele>2468.8</ele>
      </trkpt>
      <trkpt lat="-0.913693" lon="36.544229">
        <ele>2469.8</ele>
      </trkpt>
      <trkpt lat="-0.913675" lon="36.544187">
        <ele>2468.6</ele>
      </trkpt>
      <trkpt lat="-0.91365" lon="36.544146">
        <ele>2469.9</ele>
      </trkpt>
      <trkpt lat="-0.913634" lon="36.544106">
        <ele>2468.8</ele>
      </trkpt>
      <trkpt lat="-0.913622" lon="36.544059">
        <ele>2469.8</ele>
      </trkpt>
      <trkpt lat="-0.913613" lon="36.54403">
        <ele>2468.3</ele>
      </trkpt>
      <trkpt lat="-0.913601" lon="36.543999">
        <ele>2466.7</ele>
      </trkpt>
      <trkpt lat="-0.913587" lon="36.543968">
        <ele>2466.7</ele>
      </trkpt>
      <trkpt lat="-0.913573" lon="36.543935">
        <ele>2466.9</ele>
      </trkpt>
      <trkpt lat="-0.913557" lon="36.5439">
        <ele>2464.8</ele>
      </trkpt>
      <trkpt lat="-0.913542" lon="36.5438649">
        <ele>2465.0</ele>
      </trkpt>
      <trkpt lat="-0.913528" lon="36.543832">
        <ele>2465.0</ele>
      </trkpt>
      <trkpt lat="-0.913518" lon="36.5438029">
        <ele>2462.2</ele>
      </trkpt>
      <trkpt lat="-0.913503" lon="36.543762">
        <ele>2459.1</ele>
      </trkpt>
      <trkpt lat="-0.913489" lon="36.543728">
        <ele>2459.3</ele>
      </trkpt>
      <trkpt lat="-0.913476" lon="36.5437">
        <ele>2456.5</ele>
      </trkpt>
      <trkpt lat="-0.913449" lon="36.543681">
        <ele>2460.2</ele>
      </trkpt>
      <trkpt lat="-0.913434" lon="36.543658">
        <ele>2458.0</ele>
      </trkpt>
      <trkpt lat="-0.913414" lon="36.543629">
        <ele>2461.7</ele>
      </trkpt>
      <trkpt lat="-0.913385" lon="36.543591">
        <ele>2459.8</ele>
      </trkpt>
      <trkpt lat="-0.913369" lon="36.543563">
        <ele>2461.4</ele>
      </trkpt>
      <trkpt lat="-0.913356" lon="36.543531">
        <ele>2459.3</ele>
      </trkpt>
      <trkpt lat="-0.913343" lon="36.543499">
        <ele>2459.3</ele>
      </trkpt>
      <trkpt lat="-0.913331" lon="36.54347">
        <ele>2457.2</ele>
      </trkpt>
      <trkpt lat="-0.913321" lon="36.543445">
        <ele>2457.9</ele>
      </trkpt>
      <trkpt lat="-0.913303" lon="36.543407">
        <ele>2457.9</ele>
      </trkpt>
      <trkpt lat="-0.913278" lon="36.543383">
        <ele>2458.7</ele>
      </trkpt>
      <trkpt lat="-0.913254" lon="36.543367">
        <ele>2458.7</ele>
      </trkpt>
      <trkpt lat="-0.913242" lon="36.54334">
        <ele>2459.8</ele>
      </trkpt>
      <trkpt lat="-0.91322" lon="36.543324">
        <ele>2459.8</ele>
      </trkpt>
      <trkpt lat="-0.913193" lon="36.5433049">
        <ele>2461.0</ele>
      </trkpt>
      <trkpt lat="-0.913167" lon="36.543284">
        <ele>2461.0</ele>
      </trkpt>
      <trkpt lat="-0.913149" lon="36.543263">
        <ele>2461.8</ele>
      </trkpt>
      <trkpt lat="-0.913122" lon="36.543236">
        <ele>2461.8</ele>
      </trkpt>
      <trkpt lat="-0.913082" lon="36.543195">
        <ele>2461.9</ele>
      </trkpt>
      <trkpt lat="-0.913061" lon="36.543171">
        <ele>2461.6</ele>
      </trkpt>
      <trkpt lat="-0.91304" lon="36.543149">
        <ele>2461.6</ele>
      </trkpt>
      <trkpt lat="-0.91302" lon="36.543127">
        <ele>2461.2</ele>
      </trkpt>
      <trkpt lat="-0.912999" lon="36.543103">
        <ele>2461.2</ele>
      </trkpt>
      <trkpt lat="-0.912975" lon="36.543073">
        <ele>2461.0</ele>
      </trkpt>
      <trkpt lat="-0.912946" lon="36.543036">
        <ele>2458.4</ele>
      </trkpt>
      <trkpt lat="-0.912912" lon="36.542997">
        <ele>2458.1</ele>
      </trkpt>
      <trkpt lat="-0.912877" lon="36.542959">
        <ele>2457.5</ele>
      </trkpt>
      <trkpt lat="-0.912842" lon="36.54292">
        <ele>2456.5</ele>
      </trkpt>
      <trkpt lat="-0.912807" lon="36.542875">
        <ele>2455.4</ele>
      </trkpt>
      <trkpt lat="-0.91277" lon="36.54283">
        <ele>2454.5</ele>
      </trkpt>
      <trkpt lat="-0.912733" lon="36.542791">
        <ele>2452.3</ele>
      </trkpt>
      <trkpt lat="-0.912698" lon="36.54275">
        <ele>2452.4</ele>
      </trkpt>
      <trkpt lat="-0.912661" lon="36.542706">
        <ele>2452.5</ele>
      </trkpt>
      <trkpt lat="-0.912624" lon="36.542664">
        <ele>2452.4</ele>
      </trkpt>
      <trkpt lat="-0.912586" lon="36.542628">
        <ele>2452.1</ele>
      </trkpt>
      <trkpt lat="-0.912549" lon="36.542595">
        <ele>2453.6</ele>
      </trkpt>
      <trkpt lat="-0.912513" lon="36.542564">
        <ele>2452.8</ele>
      </trkpt>
      <trkpt lat="-0.91248" lon="36.542535">
        <ele>2451.1</ele>
      </trkpt>
      <trkpt lat="-0.912448" lon="36.542509">
        <ele>2452.4</ele>
      </trkpt>
      <trkpt lat="-0.912418" lon="36.542485">
        <ele>2452.5</ele>
      </trkpt>
      <trkpt lat="-0.912391" lon="36.542456">
        <ele>2450.9</ele>
      </trkpt>
      <trkpt lat="-0.912366" lon="36.542422">
        <ele>2452.7</ele>
      </trkpt>
      <trkpt lat="-0.912353" lon="36.542384">
        <ele>2451.0</ele>
      </trkpt>
      <trkpt lat="-0.912347" lon="36.542344">
        <ele>2449.1</ele>
      </trkpt>
      <trkpt lat="-0.912346" lon="36.542307">
        <ele>2447.3</ele>
      </trkpt>
      <trkpt lat="-0.912345" lon="36.542274">
        <ele>2445.6</ele>
      </trkpt>
      <trkpt lat="-0.91234" lon="36.542245">
        <ele>2447.8</ele>
      </trkpt>
      <trkpt lat="-0.912329" lon="36.5421959">
        <ele>2445.3</ele>
      </trkpt>
      <trkpt lat="-0.912314" lon="36.54216">
        <ele>2445.3</ele>
      </trkpt>
      <trkpt lat="-0.912294" lon="36.542122">
        <ele>2446.1</ele>
      </trkpt>
      <trkpt lat="-0.912271" lon="36.542083">
        <ele>2444.5</ele>
      </trkpt>
      <trkpt lat="-0.912241" lon="36.542044">
        <ele>2444.6</ele>
      </trkpt>
      <trkpt lat="-0.912209" lon="36.542009">
        <ele>2444.2</ele>
      </trkpt>
      <trkpt lat="-0.912189" lon="36.541989">
        <ele>2444.2</ele>
      </trkpt>
      <trkpt lat="-0.912162" lon="36.541977">
        <ele>2443.8</ele>
      </trkpt>
      <trkpt lat="-0.912142" lon="36.541959">
        <ele>2443.8</ele>
      </trkpt>
      <trkpt lat="-0.912111" lon="36.541931">
        <ele>2443.4</ele>
      </trkpt>
      <trkpt lat="-0.912066" lon="36.541889">
        <ele>2442.9</ele>
      </trkpt>
      <trkpt lat="-0.912051" lon="36.541876">
        <ele>2442.9</ele>
      </trkpt>
      <trkpt lat="-0.91202" lon="36.5418499">
        <ele>2442.1</ele>
      </trkpt>
      <trkpt lat="-0.911989" lon="36.541827">
        <ele>2444.0</ele>
      </trkpt>
      <trkpt lat="-0.911966" lon="36.541812">
        <ele>2441.3</ele>
      </trkpt>
      <trkpt lat="-0.911938" lon="36.541775">
        <ele>2443.0</ele>
      </trkpt>
      <trkpt lat="-0.911913" lon="36.541761">
        <ele>2440.5</ele>
      </trkpt>
      <trkpt lat="-0.911886" lon="36.541751">
        <ele>2442.2</ele>
      </trkpt>
      <trkpt lat="-0.91186" lon="36.541745">
        <ele>2443.8</ele>
      </trkpt>
      <trkpt lat="-0.911829" lon="36.54174">
        <ele>2443.8</ele>
      </trkpt>
      <trkpt lat="-0.911795" lon="36.541734">
        <ele>2445.3</ele>
      </trkpt>
      <trkpt lat="-0.911755" lon="36.541727">
        <ele>2444.5</ele>
      </trkpt>
      <trkpt lat="-0.911711" lon="36.54172">
        <ele>2445.7</ele>
      </trkpt>
      <trkpt lat="-0.911662" lon="36.541715">
        <ele>2446.5</ele>
      </trkpt>
      <trkpt lat="-0.911609" lon="36.541711">
        <ele>2448.1</ele>
      </trkpt>
      <trkpt lat="-0.911555" lon="36.541708">
        <ele>2449.0</ele>
      </trkpt>
      <trkpt lat="-0.911498" lon="36.541703">
        <ele>2449.8</ele>
      </trkpt>
      <trkpt lat="-0.911437" lon="36.541697">
        <ele>2451.5</ele>
      </trkpt>
      <trkpt lat="-0.911371" lon="36.541688">
        <ele>2452.3</ele>
      </trkpt>
      <trkpt lat="-0.911302" lon="36.541673">
        <ele>2451.4</ele>
      </trkpt>
      <trkpt lat="-0.91123" lon="36.541658">
        <ele>2452.3</ele>
      </trkpt>
      <trkpt lat="-0.911156" lon="36.541647">
        <ele>2453.9</ele>
      </trkpt>
      <trkpt lat="-0.911083" lon="36.541641">
        <ele>2451.5</ele>
      </trkpt>
      <trkpt lat="-0.911006" lon="36.541648">
        <ele>2456.2</ele>
      </trkpt>
      <trkpt lat="-0.910944" lon="36.541642">
        <ele>2454.1</ele>
      </trkpt>
      <trkpt lat="-0.910894" lon="36.54163">
        <ele>2454.8</ele>
      </trkpt>
      <trkpt lat="-0.91085" lon="36.541628">
        <ele>2455.2</ele>
      </trkpt>
      <trkpt lat="-0.910816" lon="36.541623">
        <ele>2455.4</ele>
      </trkpt>
      <trkpt lat="-0.910779" lon="36.541625">
        <ele>2455.3</ele>
      </trkpt>
      <trkpt lat="-0.910729" lon="36.541618">
        <ele>2455.0</ele>
      </trkpt>
      <trkpt lat="-0.910702" lon="36.541609">
        <ele>2454.7</ele>
      </trkpt>
      <trkpt lat="-0.910676" lon="36.541602">
        <ele>2454.7</ele>
      </trkpt>
      <trkpt lat="-0.910617" lon="36.54158">
        <ele>2452.5</ele>
      </trkpt>
      <trkpt lat="-0.910579" lon="36.541573">
        <ele>2452.1</ele>
      </trkpt>
      <trkpt lat="-0.910544" lon="36.541566">
        <ele>2452.1</ele>
      </trkpt>
      <trkpt lat="-0.910512" lon="36.5415599">
        <ele>2451.9</ele>
      </trkpt>
      <trkpt lat="-0.91048" lon="36.541554">
        <ele>2450.0</ele>
      </trkpt>
      <trkpt lat="-0.910445" lon="36.541549">
        <ele>2450.0</ele>
      </trkpt>
      <trkpt lat="-0.91041" lon="36.541543">
        <ele>2450.2</ele>
      </trkpt>
      <trkpt lat="-0.910379" lon="36.541533">
        <ele>2450.2</ele>
      </trkpt>
      <trkpt lat="-0.910343" lon="36.54152">
        <ele>2450.3</ele>
      </trkpt>
      <trkpt lat="-0.910305" lon="36.541503">
        <ele>2447.7</ele>
      </trkpt>
      <trkpt lat="-0.910267" lon="36.5414839">
        <ele>2447.4</ele>
      </trkpt>
      <trkpt lat="-0.910228" lon="36.541464">
        <ele>2444.3</ele>
      </trkpt>
      <trkpt lat="-0.910189" lon="36.541442">
        <ele>2443.8</ele>
      </trkpt>
      <trkpt lat="-0.910149" lon="36.5414249">
        <ele>2440.8</ele>
      </trkpt>
      <trkpt lat="-0.910111" lon="36.5414109">
        <ele>2440.8</ele>
      </trkpt>
      <trkpt lat="-0.910073" lon="36.5414">
        <ele>2440.5</ele>
      </trkpt>
      <trkpt lat="-0.910035" lon="36.541391">
        <ele>2440.4</ele>
      </trkpt>
      <trkpt lat="-0.91" lon="36.541383">
        <ele>2438.4</ele>
      </trkpt>
      <trkpt lat="-0.909968" lon="36.541374">
        <ele>2438.9</ele>
      </trkpt>
      <trkpt lat="-0.909941" lon="36.5413659">
        <ele>2438.9</ele>
      </trkpt>
      <trkpt lat="-0.909893" lon="36.541348">
        <ele>2440.7</ele>
      </trkpt>
      <trkpt lat="-0.909844" lon="36.541316">
        <ele>2439.8</ele>
      </trkpt>
      <trkpt lat="-0.909815" lon="36.5413">
        <ele>2439.8</ele>
      </trkpt>
      <trkpt lat="-0.909786" lon="36.5412869">
        <ele>2438.9</ele>
      </trkpt>
      <trkpt lat="-0.909757" lon="36.541281">
        <ele>2439.9</ele>
      </trkpt>
      <trkpt lat="-0.909726" lon="36.541276">
        <ele>2439.9</ele>
      </trkpt>
      <trkpt lat="-0.909694" lon="36.54127">
        <ele>2440.8</ele>
      </trkpt>
      <trkpt lat="-0.909662" lon="36.54126">
        <ele>2441.6</ele>
      </trkpt>
      <trkpt lat="-0.909341" lon="36.541132">
        <ele>2442.8</ele>
      </trkpt>
      <trkpt lat="-0.909327" lon="36.541128">
        <ele>2441.328125</ele>
      </trkpt>
      <trkpt lat="-0.909283" lon="36.541118">
        <ele>2441.1484375</ele>
      </trkpt>
      <trkpt lat="-0.909241" lon="36.541103">
        <ele>2440.734375</ele>
      </trkpt>
      <trkpt lat="-0.90931" lon="36.540993">
        <ele>2440.4414062</ele>
      </trkpt>
      <trkpt lat="-0.909359" lon="36.54079">
        <ele>2440.1171875</ele>
      </trkpt>
      <trkpt lat="-0.909405" lon="36.5404849">
        <ele>2439.9375</ele>
      </trkpt>
      <trkpt lat="-0.909155" lon="36.540461">
        <ele>2422.7421875</ele>
      </trkpt>
      <trkpt lat="-0.908875" lon="36.5404089">
        <ele>2423.4921875</ele>
      </trkpt>
      <trkpt lat="-0.908649" lon="36.540361">
        <ele>2424.015625</ele>
      </trkpt>
      <trkpt lat="-0.908585" lon="36.540369">
        <ele>2424.7695312</ele>
      </trkpt>
      <trkpt lat="-0.908268" lon="36.540281">
        <ele>2425.5390625</ele>
      </trkpt>
      <trkpt lat="-0.908218" lon="36.54025">
        <ele>2425.171875</ele>
      </trkpt>
      <trkpt lat="-0.908166" lon="36.540221">
        <ele>2424.9335937</ele>
      </trkpt>
      <trkpt lat="-0.908111" lon="36.5402">
        <ele>2424.96875</ele>
      </trkpt>
      <trkpt lat="-0.908043" lon="36.540218">
        <ele>2426.0429687</ele>
      </trkpt>
      <trkpt lat="-0.907994" lon="36.540204">
        <ele>2426.1796875</ele>
      </trkpt>
      <trkpt lat="-0.907946" lon="36.540187">
        <ele>2426.234375</ele>
      </trkpt>
      <trkpt lat="-0.907904" lon="36.540179">
        <ele>2426.4453125</ele>
      </trkpt>
      <trkpt lat="-0.907863" lon="36.540172">
        <ele>2426.6679687</ele>
      </trkpt>
      <trkpt lat="-0.907824" lon="36.540168">
        <ele>2426.9453125</ele>
      </trkpt>
      <trkpt lat="-0.907787" lon="36.540157">
        <ele>2427.03125</ele>
      </trkpt>
      <trkpt lat="-0.907748" lon="36.540148">
        <ele>2427.1914062</ele>
      </trkpt>
      <trkpt lat="-0.90771" lon="36.540137">
        <ele>2427.3007812</ele>
      </trkpt>
      <trkpt lat="-0.907665" lon="36.540134">
        <ele>2427.6679687</ele>
      </trkpt>
      <trkpt lat="-0.907627" lon="36.540139">
        <ele>2428.15625</ele>
      </trkpt>
      <trkpt lat="-0.907593" lon="36.5401359">
        <ele>2428.4140625</ele>
      </trkpt>
      <trkpt lat="-0.907561" lon="36.540128">
        <ele>2428.5390625</ele>
      </trkpt>
      <trkpt lat="-0.907526" lon="36.540115">
        <ele>2428.5742187</ele>
      </trkpt>
      <trkpt lat="-0.90749" lon="36.540099">
        <ele>2428.546875</ele>
      </trkpt>
      <trkpt lat="-0.907456" lon="36.540082">
        <ele>2428.4804687</ele>
      </trkpt>
      <trkpt lat="-0.907421" lon="36.540067">
        <ele>2428.4726562</ele>
      </trkpt>
      <trkpt lat="-0.907385" lon="36.540056">
        <ele>2428.5703125</ele>
      </trkpt>
      <trkpt lat="-0.907349" lon="36.540048">
        <ele>2428.7382812</ele>
      </trkpt>
      <trkpt lat="-0.907312" lon="36.540042">
        <ele>2428.9609375</ele>
      </trkpt>
      <trkpt lat="-0.907276" lon="36.540038">
        <ele>2429.2265625</ele>
      </trkpt>
      <trkpt lat="-0.907242" lon="36.540034">
        <ele>2429.46875</ele>
      </trkpt>
      <trkpt lat="-0.907208" lon="36.540033">
        <ele>2429.78125</ele>
      </trkpt>
      <trkpt lat="-0.907175" lon="36.5400319">
        <ele>2430.0820312</ele>
      </trkpt>
      <trkpt lat="-0.907142" lon="36.540031">
        <ele>2430.3867187</ele>
      </trkpt>
      <trkpt lat="-0.907111" lon="36.5400289">
        <ele>2430.6484375</ele>
      </trkpt>
      <trkpt lat="-0.907082" lon="36.540028">
        <ele>2430.9140625</ele>
      </trkpt>
      <trkpt lat="-0.907051" lon="36.540026">
        <ele>2431.1757812</ele>
      </trkpt>
      <trkpt lat="-0.907018" lon="36.540023">
        <ele>2431.4335937</ele>
      </trkpt>
      <trkpt lat="-0.906985" lon="36.54002">
        <ele>2431.6914062</ele>
      </trkpt>
      <trkpt lat="-0.906952" lon="36.540019">
        <ele>2431.9960937</ele>
      </trkpt>
      <trkpt lat="-0.906918" lon="36.540019">
        <ele>2432.0859375</ele>
      </trkpt>
      <trkpt lat="-0.906884" lon="36.540021">
        <ele>2432.1875</ele>
      </trkpt>
      <trkpt lat="-0.906853" lon="36.540025">
        <ele>2432.3242187</ele>
      </trkpt>
      <trkpt lat="-0.906824" lon="36.54003">
        <ele>2432.4765625</ele>
      </trkpt>
      <trkpt lat="-0.906795" lon="36.540035">
        <ele>2432.6289062</ele>
      </trkpt>
      <trkpt lat="-0.906768" lon="36.540038">
        <ele>2432.7304687</ele>
      </trkpt>
      <trkpt lat="-0.906739" lon="36.54004">
        <ele>2432.8164062</ele>
      </trkpt>
      <trkpt lat="-0.906707" lon="36.540042">
        <ele>2432.9023437</ele>
      </trkpt>
      <trkpt lat="-0.906673" lon="36.5400459">
        <ele>2433.03125</ele>
      </trkpt>
      <trkpt lat="-0.906641" lon="36.54005">
        <ele>2433.1601562</ele>
      </trkpt>
      <trkpt lat="-0.906612" lon="36.540055">
        <ele>2433.3007812</ele>
      </trkpt>
      <trkpt lat="-0.906581" lon="36.540061">
        <ele>2433.4609375</ele>
      </trkpt>
      <trkpt lat="-0.906549" lon="36.540065">
        <ele>2433.5820312</ele>
      </trkpt>
      <trkpt lat="-0.906517" lon="36.540067">
        <ele>2433.6640625</ele>
      </trkpt>
      <trkpt lat="-0.906483" lon="36.540067">
        <ele>2433.703125</ele>
      </trkpt>
      <trkpt lat="-0.906448" lon="36.540064">
        <ele>2433.6875</ele>
      </trkpt>
      <trkpt lat="-0.906413" lon="36.5400599">
        <ele>2433.6523437</ele>
      </trkpt>
      <trkpt lat="-0.906379" lon="36.540055">
        <ele>2433.6054687</ele>
      </trkpt>
      <trkpt lat="-0.906346" lon="36.540052">
        <ele>2433.59375</ele>
      </trkpt>
      <trkpt lat="-0.906312" lon="36.540049">
        <ele>2433.5859375</ele>
      </trkpt>
      <trkpt lat="-0.906279" lon="36.540048">
        <ele>2433.609375</ele>
      </trkpt>
      <trkpt lat="-0.906246" lon="36.540048">
        <ele>2433.65625</ele>
      </trkpt>
      <trkpt lat="-0.906213" lon="36.5400459">
        <ele>2433.6640625</ele>
      </trkpt>
      <trkpt lat="-0.906179" lon="36.540043">
        <ele>2433.6601562</ele>
      </trkpt>
      <trkpt lat="-0.906147" lon="36.54004">
        <ele>2433.6523437</ele>
      </trkpt>
      <trkpt lat="-0.906117" lon="36.540037">
        <ele>2433.6445312</ele>
      </trkpt>
      <trkpt lat="-0.906087" lon="36.5400319">
        <ele>2433.28125</ele>
      </trkpt>
      <trkpt lat="-0.906058" lon="36.5400289">
        <ele>2432.9335937</ele>
      </trkpt>
      <trkpt lat="-0.906007" lon="36.5400319">
        <ele>2432.4648437</ele>
      </trkpt>
      <trkpt lat="-0.905966" lon="36.5400289">
        <ele>2431.9960937</ele>
      </trkpt>
      <trkpt lat="-0.905931" lon="36.540005">
        <ele>2431.25</ele>
      </trkpt>
      <trkpt lat="-0.905903" lon="36.539979">
        <ele>2430.5429687</ele>
      </trkpt>
      <trkpt lat="-0.905881" lon="36.539957">
        <ele>2429.96875</ele>
      </trkpt>
      <trkpt lat="-0.905859" lon="36.539903">
        <ele>2428.8789062</ele>
      </trkpt>
      <trkpt lat="-0.905853" lon="36.539853">
        <ele>2428.0195312</ele>
      </trkpt>
      <trkpt lat="-0.905852" lon="36.539793">
        <ele>2427.046875</ele>
      </trkpt>
      <trkpt lat="-0.905852" lon="36.5397279">
        <ele>2426.0</ele>
      </trkpt>
      <trkpt lat="-0.905774" lon="36.539598">
        <ele>2424.8671875</ele>
      </trkpt>
      <trkpt lat="-0.905741" lon="36.539498">
        <ele>2423.5976562</ele>
      </trkpt>
      <trkpt lat="-0.905557" lon="36.539208">
        <ele>2422.171875</ele>
      </trkpt>
      <trkpt lat="-0.90538" lon="36.538863">
        <ele>2420.6484375</ele>
      </trkpt>
      <trkpt lat="-0.905241" lon="36.538521">
        <ele>2419.453125</ele>
      </trkpt>
      <trkpt lat="-0.905106" lon="36.538139">
        <ele>2418.5273437</ele>
      </trkpt>
      <trkpt lat="-0.904978" lon="36.537747">
        <ele>2417.6171875</ele>
      </trkpt>
      <trkpt lat="-0.904865" lon="36.537496">
        <ele>2416.6757812</ele>
      </trkpt>
      <trkpt lat="-0.904754" lon="36.53735">
        <ele>2415.75</ele>
      </trkpt>
      <trkpt lat="-0.9046" lon="36.537233">
        <ele>2414.859375</ele>
      </trkpt>
      <trkpt lat="-0.90452" lon="36.537059">
        <ele>2414.0</ele>
      </trkpt>
      <trkpt lat="-0.90461" lon="36.536751">
        <ele>2413.1835937</ele>
      </trkpt>
      <trkpt lat="-0.904674" lon="36.536471">
        <ele>2412.421875</ele>
      </trkpt>
      <trkpt lat="-0.904706" lon="36.536295">
        <ele>2411.7890625</ele>
      </trkpt>
      <trkpt lat="-0.904781" lon="36.5360129">
        <ele>2395.8046875</ele>
      </trkpt>
      <trkpt lat="-0.90479" lon="36.535905">
        <ele>2394.1953125</ele>
      </trkpt>
      <trkpt lat="-0.904791" lon="36.5357879">
        <ele>2392.5664062</ele>
      </trkpt>
      <trkpt lat="-0.904801" lon="36.535664">
        <ele>2390.6953125</ele>
      </trkpt>
      <trkpt lat="-0.904823" lon="36.535548">
        <ele>2388.6992187</ele>
      </trkpt>
      <trkpt lat="-0.904841" lon="36.53543">
        <ele>2386.703125</ele>
      </trkpt>
      <trkpt lat="-0.904853" lon="36.535315">
        <ele>2384.8320312</ele>
      </trkpt>
      <trkpt lat="-0.90485" lon="36.535199">
        <ele>2383.0078125</ele>
      </trkpt>
      <trkpt lat="-0.904857" lon="36.535082">
        <ele>2380.5429687</ele>
      </trkpt>
      <trkpt lat="-0.904859" lon="36.535009">
        <ele>2379.0546875</ele>
      </trkpt>
      <trkpt lat="-0.904855" lon="36.534926">
        <ele>2377.4765625</ele>
      </trkpt>
      <trkpt lat="-0.904849" lon="36.534842">
        <ele>2375.9140625</ele>
      </trkpt>
      <trkpt lat="-0.904847" lon="36.5347579">
        <ele>2374.2734375</ele>
      </trkpt>
      <trkpt lat="-0.904858" lon="36.534655">
        <ele>2372.0429687</ele>
      </trkpt>
      <trkpt lat="-0.904866" lon="36.534559">
        <ele>2370.0117187</ele>
      </trkpt>
      <trkpt lat="-0.904872" lon="36.534462">
        <ele>2368.0</ele>
      </trkpt>
      <trkpt lat="-0.904871" lon="36.5343639">
        <ele>2365.7929687</ele>
      </trkpt>
      <trkpt lat="-0.904847" lon="36.534279">
        <ele>2363.8671875</ele>
      </trkpt>
      <trkpt lat="-0.90484" lon="36.534161">
        <ele>2360.8085937</ele>
      </trkpt>
      <trkpt lat="-0.904836" lon="36.5340599">
        <ele>2358.1484375</ele>
      </trkpt>
      <trkpt lat="-0.904839" lon="36.533949">
        <ele>2355.1523437</ele>
      </trkpt>
      <trkpt lat="-0.904848" lon="36.533839">
        <ele>2352.1445312</ele>
      </trkpt>
      <trkpt lat="-0.904867" lon="36.533728">
        <ele>2349.0664062</ele>
      </trkpt>
      <trkpt lat="-0.90487" lon="36.533616">
        <ele>2346.0898437</ele>
      </trkpt>
      <trkpt lat="-0.904861" lon="36.533509">
        <ele>2344.0117187</ele>
      </trkpt>
      <trkpt lat="-0.904844" lon="36.533403">
        <ele>2342.4375</ele>
      </trkpt>
      <trkpt lat="-0.904827" lon="36.53331">
        <ele>2341.0664062</ele>
      </trkpt>
      <trkpt lat="-0.904805" lon="36.533224">
        <ele>2339.8320312</ele>
      </trkpt>
      <trkpt lat="-0.904776" lon="36.533154">
        <ele>2338.8789062</ele>
      </trkpt>
      <trkpt lat="-0.904749" lon="36.533094">
        <ele>2338.0703125</ele>
      </trkpt>
      <trkpt lat="-0.904721" lon="36.533065">
        <ele>2337.7539062</ele>
      </trkpt>
      <trkpt lat="-0.904702" lon="36.533036">
        <ele>2337.390625</ele>
      </trkpt>
      <trkpt lat="-0.904681" lon="36.533014">
        <ele>2337.1484375</ele>
      </trkpt>
      <trkpt lat="-0.904639" lon="36.533009">
        <ele>2337.2734375</ele>
      </trkpt>
      <trkpt lat="-0.90458" lon="36.532994">
        <ele>2337.3203125</ele>
      </trkpt>
      <trkpt lat="-0.904526" lon="36.532984">
        <ele>2337.421875</ele>
      </trkpt>
      <trkpt lat="-0.90444" lon="36.532953">
        <ele>2337.203125</ele>
      </trkpt>
      <trkpt lat="-0.904282" lon="36.532855">
        <ele>2333.8671875</ele>
      </trkpt>
      <trkpt lat="-0.904189" lon="36.53283">
        <ele>2332.4492187</ele>
      </trkpt>
      <trkpt lat="-0.904105" lon="36.532793">
        <ele>2330.9921875</ele>
      </trkpt>
      <trkpt lat="-0.904028" lon="36.5327259">
        <ele>2329.296875</ele>
      </trkpt>
      <trkpt lat="-0.903964" lon="36.532649">
        <ele>2327.8320312</ele>
      </trkpt>
      <trkpt lat="-0.903891" lon="36.532573">
        <ele>2326.2929687</ele>
      </trkpt>
      <trkpt lat="-0.903811" lon="36.532491">
        <ele>2324.6367187</ele>
      </trkpt>
      <trkpt lat="-0.903736" lon="36.532415">
        <ele>2323.109375</ele>
      </trkpt>
      <trkpt lat="-0.90367" lon="36.532338">
        <ele>2321.6796875</ele>
      </trkpt>
      <trkpt lat="-0.903479" lon="36.532383">
        <ele>2320.2578125</ele>
      </trkpt>
      <trkpt lat="-0.903148" lon="36.532584">
        <ele>2318.9804687</ele>
      </trkpt>
      <trkpt lat="-0.902973" lon="36.532665">
        <ele>2317.859375</ele>
      </trkpt>
      <trkpt lat="-0.902764" lon="36.532614">
        <ele>2316.859375</ele>
      </trkpt>
      <trkpt lat="-0.902641" lon="36.532291">
        <ele>2315.8828125</ele>
      </trkpt>
      <trkpt lat="-0.902541" lon="36.532041">
        <ele>2314.796875</ele>
      </trkpt>
      <trkpt lat="-0.902423" lon="36.531874">
        <ele>2300.8984375</ele>
      </trkpt>
      <trkpt lat="-0.902376" lon="36.531913">
        <ele>2301.1679687</ele>
      </trkpt>
      <trkpt lat="-0.902341" lon="36.531953">
        <ele>2300.9492187</ele>
      </trkpt>
      <trkpt lat="-0.902305" lon="36.531993">
        <ele>2300.71875</ele>
      </trkpt>
      <trkpt lat="-0.902267" lon="36.532029">
        <ele>2300.4335937</ele>
      </trkpt>
      <trkpt lat="-0.902227" lon="36.5320589">
        <ele>2300.0703125</ele>
      </trkpt>
      <trkpt lat="-0.902172" lon="36.53208">
        <ele>2299.4296875</ele>
      </trkpt>
      <trkpt lat="-0.902112" lon="36.532101">
        <ele>2298.71875</ele>
      </trkpt>
      <trkpt lat="-0.902047" lon="36.5321209">
        <ele>2297.9257812</ele>
      </trkpt>
      <trkpt lat="-0.901975" lon="36.532142">
        <ele>2297.0390625</ele>
      </trkpt>
      <trkpt lat="-0.901897" lon="36.532165">
        <ele>2296.0195312</ele>
      </trkpt>
      <trkpt lat="-0.901822" lon="36.532175">
        <ele>2294.9257812</ele>
      </trkpt>
      <trkpt lat="-0.901752" lon="36.532161">
        <ele>2293.7460937</ele>
      </trkpt>
      <trkpt lat="-0.901685" lon="36.532127">
        <ele>2292.5</ele>
      </trkpt>
      <trkpt lat="-0.901606" lon="36.532101">
        <ele>2291.140625</ele>
      </trkpt>
      <trkpt lat="-0.901521" lon="36.532099">
        <ele>2289.8320312</ele>
      </trkpt>
      <trkpt lat="-0.901439" lon="36.532113">
        <ele>2288.6523437</ele>
      </trkpt>
      <trkpt lat="-0.901349" lon="36.5321179">
        <ele>2287.3007812</ele>
      </trkpt>
      <trkpt lat="-0.901267" lon="36.532127">
        <ele>2286.0820312</ele>
      </trkpt>
      <trkpt lat="-0.901191" lon="36.5321349">
        <ele>2284.9453125</ele>
      </trkpt>
      <trkpt lat="-0.901122" lon="36.532142">
        <ele>2283.9101562</ele>
      </trkpt>
      <trkpt lat="-0.901057" lon="36.532144">
        <ele>2283.0273437</ele>
      </trkpt>
      <trkpt lat="-0.901004" lon="36.532147">
        <ele>2282.3203125</ele>
      </trkpt>
      <trkpt lat="-0.90095" lon="36.53215">
        <ele>2281.5976562</ele>
      </trkpt>
      <trkpt lat="-0.900898" lon="36.532153">
        <ele>2280.9023437</ele>
      </trkpt>
      <trkpt lat="-0.90085" lon="36.532158">
        <ele>2280.2695312</ele>
      </trkpt>
      <trkpt lat="-0.900811" lon="36.532155">
        <ele>2279.7304687</ele>
      </trkpt>
      <trkpt lat="-0.900774" lon="36.532152">
        <ele>2279.21875</ele>
      </trkpt>
      <trkpt lat="-0.900735" lon="36.532154">
        <ele>2278.6953125</ele>
      </trkpt>
      <trkpt lat="-0.900681" lon="36.532159">
        <ele>2277.9804687</ele>
      </trkpt>
      <trkpt lat="-0.900648" lon="36.53216">
        <ele>2277.5351562</ele>
      </trkpt>
      <trkpt lat="-0.900619" lon="36.532159">
        <ele>2277.1367187</ele>
      </trkpt>
      <trkpt lat="-0.90059" lon="36.532159">
        <ele>2276.7421875</ele>
      </trkpt>
      <trkpt lat="-0.90056" lon="36.53216">
        <ele>2276.3398437</ele>
      </trkpt>
      <trkpt lat="-0.900526" lon="36.5321659">
        <ele>2275.8945312</ele>
      </trkpt>
      <trkpt lat="-0.900486" lon="36.532176">
        <ele>2275.3789062</ele>
      </trkpt>
      <trkpt lat="-0.900438" lon="36.532187">
        <ele>2274.7539062</ele>
      </trkpt>
      <trkpt lat="-0.900381" lon="36.5321969">
        <ele>2274.0039062</ele>
      </trkpt>
      <trkpt lat="-0.900316" lon="36.532203">
        <ele>2273.1328125</ele>
      </trkpt>
      <trkpt lat="-0.900245" lon="36.532205">
        <ele>2272.0625</ele>
      </trkpt>
      <trkpt lat="-0.900174" lon="36.532202">
        <ele>2270.890625</ele>
      </trkpt>
      <trkpt lat="-0.900101" lon="36.532196">
        <ele>2269.6757812</ele>
      </trkpt>
      <trkpt lat="-0.900024" lon="36.532192">
        <ele>2268.40625</ele>
      </trkpt>
      <trkpt lat="-0.89993" lon="36.532171">
        <ele>2266.8007812</ele>
      </trkpt>
      <trkpt lat="-0.89984" lon="36.532152">
        <ele>2265.265625</ele>
      </trkpt>
      <trkpt lat="-0.899745" lon="36.53215">
        <ele>2263.6953125</ele>
      </trkpt>
      <trkpt lat="-0.899645" lon="36.532148">
        <ele>2262.0429687</ele>
      </trkpt>
      <trkpt lat="-0.899545" lon="36.5321489">
        <ele>2260.3984375</ele>
      </trkpt>
      <trkpt lat="-0.899445" lon="36.532141">
        <ele>2258.7421875</ele>
      </trkpt>
      <trkpt lat="-0.899343" lon="36.532117">
        <ele>2257.28125</ele>
      </trkpt>
      <trkpt lat="-0.899237" lon="36.532115">
        <ele>2255.84375</ele>
      </trkpt>
      <trkpt lat="-0.899127" lon="36.532109">
        <ele>2254.3515625</ele>
      </trkpt>
      <trkpt lat="-0.899013" lon="36.532097">
        <ele>2252.8125</ele>
      </trkpt>
      <trkpt lat="-0.898897" lon="36.532081">
        <ele>2251.265625</ele>
      </trkpt>
      <trkpt lat="-0.898781" lon="36.532085">
        <ele>2249.7265625</ele>
      </trkpt>
      <trkpt lat="-0.898666" lon="36.532084">
        <ele>2248.1992187</ele>
      </trkpt>
      <trkpt lat="-0.898551" lon="36.532077">
        <ele>2247.1367187</ele>
      </trkpt>
      <trkpt lat="-0.898428" lon="36.532072">
        <ele>2246.3203125</ele>
      </trkpt>
      <trkpt lat="-0.898314" lon="36.532071">
        <ele>2245.5546875</ele>
      </trkpt>
      <trkpt lat="-0.898211" lon="36.532067">
        <ele>2244.8632812</ele>
      </trkpt>
      <trkpt lat="-0.898109" lon="36.532052">
        <ele>2244.1914062</ele>
      </trkpt>
      <trkpt lat="-0.898011" lon="36.53202">
        <ele>2243.546875</ele>
      </trkpt>
      <trkpt lat="-0.89792" lon="36.532013">
        <ele>2242.921875</ele>
      </trkpt>
      <trkpt lat="-0.897828" lon="36.532034">
        <ele>2242.2851562</ele>
      </trkpt>
      <trkpt lat="-0.89773" lon="36.53204">
        <ele>2241.3359375</ele>
      </trkpt>
      <trkpt lat="-0.897632" lon="36.532032">
        <ele>2240.1953125</ele>
      </trkpt>
      <trkpt lat="-0.897534" lon="36.532007">
        <ele>2239.09375</ele>
      </trkpt>
      <trkpt lat="-0.897433" lon="36.532001">
        <ele>2237.9453125</ele>
      </trkpt>
      <trkpt lat="-0.897337" lon="36.531992">
        <ele>2236.8710937</ele>
      </trkpt>
      <trkpt lat="-0.897245" lon="36.531957">
        <ele>2235.9609375</ele>
      </trkpt>
      <trkpt lat="-0.897157" lon="36.531922">
        <ele>2235.1367187</ele>
      </trkpt>
      <trkpt lat="-0.897072" lon="36.531888">
        <ele>2234.0351562</ele>
      </trkpt>
      <trkpt lat="-0.896992" lon="36.531852">
        <ele>2232.7382812</ele>
      </trkpt>
      <trkpt lat="-0.89687" lon="36.531852">
        <ele>2231.5742187</ele>
      </trkpt>
      <trkpt lat="-0.896612" lon="36.531779">
        <ele>2230.7773437</ele>
      </trkpt>
      <trkpt lat="-0.896468" lon="36.53172">
        <ele>2229.6367187</ele>
      </trkpt>
      <trkpt lat="-0.896236" lon="36.531561">
        <ele>2222.5195312</ele>
      </trkpt>
      <trkpt lat="-0.895975" lon="36.531427">
        <ele>2218.8632812</ele>
      </trkpt>
      <trkpt lat="-0.895813" lon="36.5312399">
        <ele>2216.1601562</ele>
      </trkpt>
      <trkpt lat="-0.895696" lon="36.530906">
        <ele>2212.1171875</ele>
      </trkpt>
      <trkpt lat="-0.895648" lon="36.53069">
        <ele>2209.109375</ele>
      </trkpt>
      <trkpt lat="-0.895537" lon="36.530323">
        <ele>2205.0703125</ele>
      </trkpt>
      <trkpt lat="-0.895326" lon="36.529944">
        <ele>2201.4257812</ele>
      </trkpt>
      <trkpt lat="-0.89504" lon="36.529497">
        <ele>2195.2226562</ele>
      </trkpt>
      <trkpt lat="-0.894984" lon="36.529034">
        <ele>2188.875</ele>
      </trkpt>
      <trkpt lat="-0.895167" lon="36.528653">
        <ele>2183.8710937</ele>
      </trkpt>
      <trkpt lat="-0.895473" lon="36.52828">
        <ele>2177.71875</ele>
      </trkpt>
      <trkpt lat="-0.895783" lon="36.527928">
        <ele>2171.8242187</ele>
      </trkpt>
      <trkpt lat="-0.896019" lon="36.527489">
        <ele>2164.640625</ele>
      </trkpt>
      <trkpt lat="-0.896232" lon="36.527129">
        <ele>2158.2890625</ele>
      </trkpt>
      <trkpt lat="-0.896437" lon="36.5267259">
        <ele>2152.0976562</ele>
      </trkpt>
      <trkpt lat="-0.896589" lon="36.526293">
        <ele>2146.8710937</ele>
      </trkpt>
      <trkpt lat="-0.896865" lon="36.525975">
        <ele>2143.015625</ele>
      </trkpt>
      <trkpt lat="-0.897" lon="36.5256479">
        <ele>2139.1757812</ele>
      </trkpt>
      <trkpt lat="-0.897264" lon="36.52538">
        <ele>2135.3398437</ele>
      </trkpt>
      <trkpt lat="-0.89747" lon="36.525292">
        <ele>2133.6367187</ele>
      </trkpt>
      <trkpt lat="-0.897743" lon="36.525094">
        <ele>2130.859375</ele>
      </trkpt>
      <trkpt lat="-0.89795" lon="36.524888">
        <ele>2128.6289062</ele>
      </trkpt>
      <trkpt lat="-0.898245" lon="36.524871">
        <ele>2127.8007812</ele>
      </trkpt>
      <trkpt lat="-0.898511" lon="36.525094">
        <ele>2129.5390625</ele>
      </trkpt>
      <trkpt lat="-0.898731" lon="36.525111">
        <ele>2129.3046875</ele>
      </trkpt>
      <trkpt lat="-0.89899" lon="36.524797">
        <ele>2125.5078125</ele>
      </trkpt>
      <trkpt lat="-0.899233" lon="36.52459">
        <ele>2123.0234375</ele>
      </trkpt>
      <trkpt lat="-0.899459" lon="36.524545">
        <ele>2122.2539062</ele>
      </trkpt>
      <trkpt lat="-0.899639" lon="36.524474">
        <ele>2121.1367187</ele>
      </trkpt>
      <trkpt lat="-0.899976" lon="36.524492">
        <ele>2120.5039062</ele>
      </trkpt>
      <trkpt lat="-0.899826" lon="36.524396">
        <ele>2119.9726562</ele>
      </trkpt>
      <trkpt lat="-0.899499" lon="36.524346">
        <ele>2120.4023437</ele>
      </trkpt>
      <trkpt lat="-0.899294" lon="36.524307">
        <ele>2120.59375</ele>
      </trkpt>
      <trkpt lat="-0.899259" lon="36.524288">
        <ele>2120.53125</ele>
      </trkpt>
      <trkpt lat="-0.899221" lon="36.524278">
        <ele>2120.5390625</ele>
      </trkpt>
      <trkpt lat="-0.899185" lon="36.524271">
        <ele>2120.5664062</ele>
      </trkpt>
      <trkpt lat="-0.899152" lon="36.524264">
        <ele>2120.5859375</ele>
      </trkpt>
      <trkpt lat="-0.899118" lon="36.524254">
        <ele>2120.5820312</ele>
      </trkpt>
      <trkpt lat="-0.899085" lon="36.524242">
        <ele>2120.5625</ele>
      </trkpt>
      <trkpt lat="-0.899053" lon="36.524229">
        <ele>2120.53125</ele>
      </trkpt>
      <trkpt lat="-0.899018" lon="36.524214">
        <ele>2120.4882812</ele>
      </trkpt>
      <trkpt lat="-0.898979" lon="36.524199">
        <ele>2120.4492187</ele>
      </trkpt>
      <trkpt lat="-0.89894" lon="36.524185">
        <ele>2120.421875</ele>
      </trkpt>
      <trkpt lat="-0.898902" lon="36.52417">
        <ele>2120.3789062</ele>
      </trkpt>
      <trkpt lat="-0.898864" lon="36.524156">
        <ele>2120.34375</ele>
      </trkpt>
      <trkpt lat="-0.898826" lon="36.524143">
        <ele>2120.3164062</ele>
      </trkpt>
      <trkpt lat="-0.898789" lon="36.524129">
        <ele>2120.2773437</ele>
      </trkpt>
      <trkpt lat="-0.898753" lon="36.524113">
        <ele>2120.21875</ele>
      </trkpt>
      <trkpt lat="-0.898716" lon="36.524095">
        <ele>2120.140625</ele>
      </trkpt>
      <trkpt lat="-0.898678" lon="36.524078">
        <ele>2120.0742187</ele>
      </trkpt>
      <trkpt lat="-0.898641" lon="36.524062">
        <ele>2120.0117187</ele>
      </trkpt>
      <trkpt lat="-0.898605" lon="36.524047">
        <ele>2119.953125</ele>
      </trkpt>
      <trkpt lat="-0.898571" lon="36.524035">
        <ele>2119.9140625</ele>
      </trkpt>
      <trkpt lat="-0.898539" lon="36.524023">
        <ele>2119.8710937</ele>
      </trkpt>
      <trkpt lat="-0.898508" lon="36.524011">
        <ele>2119.828125</ele>
      </trkpt>
      <trkpt lat="-0.898479" lon="36.523999">
        <ele>2119.7773437</ele>
      </trkpt>
      <trkpt lat="-0.898451" lon="36.523983">
        <ele>2119.6875</ele>
      </trkpt>
      <trkpt lat="-0.898421" lon="36.523962">
        <ele>2119.5585937</ele>
      </trkpt>
      <trkpt lat="-0.898391" lon="36.523936">
        <ele>2119.3867187</ele>
      </trkpt>
      <trkpt lat="-0.89836" lon="36.523911">
        <ele>2119.21875</ele>
      </trkpt>
      <trkpt lat="-0.898326" lon="36.5238919">
        <ele>2119.1054687</ele>
      </trkpt>
      <trkpt lat="-0.898291" lon="36.5238749">
        <ele>2119.015625</ele>
      </trkpt>
      <trkpt lat="-0.898254" lon="36.523859">
        <ele>2118.9335937</ele>
      </trkpt>
      <trkpt lat="-0.898219" lon="36.523841">
        <ele>2118.828125</ele>
      </trkpt>
      <trkpt lat="-0.898185" lon="36.523822">
        <ele>2118.7070312</ele>
      </trkpt>
      <trkpt lat="-0.898151" lon="36.523803">
        <ele>2118.5898437</ele>
      </trkpt>
      <trkpt lat="-0.898117" lon="36.523781">
        <ele>2118.4375</ele>
      </trkpt>
      <trkpt lat="-0.898084" lon="36.523757">
        <ele>2118.2695312</ele>
      </trkpt>
      <trkpt lat="-0.898053" lon="36.523729">
        <ele>2118.0546875</ele>
      </trkpt>
      <trkpt lat="-0.898024" lon="36.523699">
        <ele>2117.8203125</ele>
      </trkpt>
      <trkpt lat="-0.897995" lon="36.52367">
        <ele>2117.5898437</ele>
      </trkpt>
      <trkpt lat="-0.897968" lon="36.523641">
        <ele>2117.3515625</ele>
      </trkpt>
      <trkpt lat="-0.897941" lon="36.523615">
        <ele>2117.1445312</ele>
      </trkpt>
      <trkpt lat="-0.897916" lon="36.523592">
        <ele>2116.9570312</ele>
      </trkpt>
      <trkpt lat="-0.897891" lon="36.523572">
        <ele>2116.8203125</ele>
      </trkpt>
      <trkpt lat="-0.897864" lon="36.523548">
        <ele>2116.6875</ele>
      </trkpt>
      <trkpt lat="-0.897831" lon="36.523524">
        <ele>2116.5546875</ele>
      </trkpt>
      <trkpt lat="-0.897794" lon="36.523492">
        <ele>2116.359375</ele>
      </trkpt>
      <trkpt lat="-0.89777" lon="36.523447">
        <ele>2116.0429687</ele>
      </trkpt>
      <trkpt lat="-0.897758" lon="36.523395">
        <ele>2115.6679687</ele>
      </trkpt>
      <trkpt lat="-0.897728" lon="36.5233739">
        <ele>2115.515625</ele>
      </trkpt>
      <trkpt lat="-0.897689" lon="36.523334">
        <ele>2115.2304687</ele>
      </trkpt>
      <trkpt lat="-0.897652" lon="36.5232979">
        <ele>2114.96875</ele>
      </trkpt>
      <trkpt lat="-0.89762" lon="36.523258">
        <ele>2114.6835937</ele>
      </trkpt>
      <trkpt lat="-0.897587" lon="36.523221">
        <ele>2114.4140625</ele>
      </trkpt>
      <trkpt lat="-0.897552" lon="36.52319">
        <ele>2114.1914062</ele>
      </trkpt>
      <trkpt lat="-0.897526" lon="36.523152">
        <ele>2113.9179687</ele>
      </trkpt>
      <trkpt lat="-0.897502" lon="36.523117">
        <ele>2113.6679687</ele>
      </trkpt>
      <trkpt lat="-0.897471" lon="36.523086">
        <ele>2113.4414062</ele>
      </trkpt>
      <trkpt lat="-0.897442" lon="36.523053">
        <ele>2113.203125</ele>
      </trkpt>
      <trkpt lat="-0.897414" lon="36.523021">
        <ele>2112.9726562</ele>
      </trkpt>
      <trkpt lat="-0.897386" lon="36.522985">
        <ele>2112.7148437</ele>
      </trkpt>
      <trkpt lat="-0.897361" lon="36.52296">
        <ele>2112.5351562</ele>
      </trkpt>
      <trkpt lat="-0.897328" lon="36.522923">
        <ele>2112.2695312</ele>
      </trkpt>
      <trkpt lat="-0.897305" lon="36.522891">
        <ele>2112.0390625</ele>
      </trkpt>
      <trkpt lat="-0.897281" lon="36.522853">
        <ele>2111.765625</ele>
      </trkpt>
      <trkpt lat="-0.897256" lon="36.5228139">
        <ele>2111.4804687</ele>
      </trkpt>
      <trkpt lat="-0.897234" lon="36.522782">
        <ele>2111.2539062</ele>
      </trkpt>
      <trkpt lat="-0.897212" lon="36.522748">
        <ele>2111.0078125</ele>
      </trkpt>
      <trkpt lat="-0.897191" lon="36.522714">
        <ele>2110.9648437</ele>
      </trkpt>
      <trkpt lat="-0.897169" lon="36.52268">
        <ele>2110.9375</ele>
      </trkpt>
      <trkpt lat="-0.897145" lon="36.522644">
        <ele>2110.9140625</ele>
      </trkpt>
      <trkpt lat="-0.897115" lon="36.522605">
        <ele>2110.9023437</ele>
      </trkpt>
      <trkpt lat="-0.897092" lon="36.522568">
        <ele>2110.8945312</ele>
      </trkpt>
      <trkpt lat="-0.89707" lon="36.522529">
        <ele>2110.890625</ele>
      </trkpt>
      <trkpt lat="-0.897045" lon="36.522494">
        <ele>2110.8984375</ele>
      </trkpt>
      <trkpt lat="-0.89703" lon="36.5224509">
        <ele>2110.9023437</ele>
      </trkpt>
      <trkpt lat="-0.89701" lon="36.522411">
        <ele>2110.9179687</ele>
      </trkpt>
      <trkpt lat="-0.896989" lon="36.522376">
        <ele>2110.9414062</ele>
      </trkpt>
      <trkpt lat="-0.896968" lon="36.522337">
        <ele>2110.9726562</ele>
      </trkpt>
      <trkpt lat="-0.896949" lon="36.522304">
        <ele>2111.0273437</ele>
      </trkpt>
      <trkpt lat="-0.896928" lon="36.522267">
        <ele>2111.1640625</ele>
      </trkpt>
      <trkpt lat="-0.896912" lon="36.522233">
        <ele>2111.2734375</ele>
      </trkpt>
      <trkpt lat="-0.89689" lon="36.522195">
        <ele>2111.4296875</ele>
      </trkpt>
      <trkpt lat="-0.896871" lon="36.52216">
        <ele>2111.578125</ele>
      </trkpt>
      <trkpt lat="-0.896851" lon="36.52212">
        <ele>2111.7382812</ele>
      </trkpt>
      <trkpt lat="-0.896832" lon="36.5220709">
        <ele>2111.9101562</ele>
      </trkpt>
      <trkpt lat="-0.896814" lon="36.522028">
        <ele>2112.0820312</ele>
      </trkpt>
      <trkpt lat="-0.896796" lon="36.5219809">
        <ele>2112.2617187</ele>
      </trkpt>
      <trkpt lat="-0.896778" lon="36.521938">
        <ele>2112.453125</ele>
      </trkpt>
      <trkpt lat="-0.896762" lon="36.521897">
        <ele>2112.59375</ele>
      </trkpt>
      <trkpt lat="-0.896749" lon="36.521859">
        <ele>2112.671875</ele>
      </trkpt>
      <trkpt lat="-0.896734" lon="36.521816">
        <ele>2112.7539062</ele>
      </trkpt>
      <trkpt lat="-0.896718" lon="36.521776">
        <ele>2112.8398437</ele>
      </trkpt>
      <trkpt lat="-0.896705" lon="36.521735">
        <ele>2112.8945312</ele>
      </trkpt>
      <trkpt lat="-0.896694" lon="36.521695">
        <ele>2112.9335937</ele>
      </trkpt>
      <trkpt lat="-0.896682" lon="36.521659">
        <ele>2112.9804687</ele>
      </trkpt>
      <trkpt lat="-0.896664" lon="36.521628">
        <ele>2113.0742187</ele>
      </trkpt>
      <trkpt lat="-0.896646" lon="36.521582">
        <ele>2113.1445312</ele>
      </trkpt>
      <trkpt lat="-0.896629" lon="36.521541">
        <ele>2113.203125</ele>
      </trkpt>
      <trkpt lat="-0.896603" lon="36.521492">
        <ele>2113.3046875</ele>
      </trkpt>
      <trkpt lat="-0.896584" lon="36.52145">
        <ele>2113.3632812</ele>
      </trkpt>
      <trkpt lat="-0.896574" lon="36.521411">
        <ele>2113.3632812</ele>
      </trkpt>
      <trkpt lat="-0.89656" lon="36.521371">
        <ele>2113.3828125</ele>
      </trkpt>
      <trkpt lat="-0.896551" lon="36.521336">
        <ele>2113.375</ele>
      </trkpt>
      <trkpt lat="-0.89654" lon="36.521298">
        <ele>2113.375</ele>
      </trkpt>
      <trkpt lat="-0.896523" lon="36.521258">
        <ele>2113.3984375</ele>
      </trkpt>
      <trkpt lat="-0.896515" lon="36.521217">
        <ele>2113.3632812</ele>
      </trkpt>
      <trkpt lat="-0.896506" lon="36.521188">
        <ele>2113.3554687</ele>
      </trkpt>
      <trkpt lat="-0.896492" lon="36.521144">
        <ele>2113.3398437</ele>
      </trkpt>
      <trkpt lat="-0.896474" lon="36.521106">
        <ele>2113.3554687</ele>
      </trkpt>
      <trkpt lat="-0.896455" lon="36.521068">
        <ele>2113.3554687</ele>
      </trkpt>
      <trkpt lat="-0.896441" lon="36.521026">
        <ele>2113.296875</ele>
      </trkpt>
      <trkpt lat="-0.896427" lon="36.520985">
        <ele>2113.234375</ele>
      </trkpt>
      <trkpt lat="-0.896412" lon="36.520946">
        <ele>2113.1796875</ele>
      </trkpt>
      <trkpt lat="-0.89639" lon="36.520908">
        <ele>2113.1445312</ele>
      </trkpt>
      <trkpt lat="-0.896363" lon="36.520864">
        <ele>2113.0976562</ele>
      </trkpt>
      <trkpt lat="-0.896342" lon="36.520814">
        <ele>2112.9960937</ele>
      </trkpt>
      <trkpt lat="-0.896324" lon="36.520769">
        <ele>2112.890625</ele>
      </trkpt>
      <trkpt lat="-0.896306" lon="36.520727">
        <ele>2112.7851562</ele>
      </trkpt>
      <trkpt lat="-0.896295" lon="36.520688">
        <ele>2112.6679687</ele>
      </trkpt>
      <trkpt lat="-0.896281" lon="36.520653">
        <ele>2112.5703125</ele>
      </trkpt>
      <trkpt lat="-0.896255" lon="36.520614">
        <ele>2112.4726562</ele>
      </trkpt>
      <trkpt lat="-0.896226" lon="36.520591">
        <ele>2112.4375</ele>
      </trkpt>
      <trkpt lat="-0.896209" lon="36.520553">
        <ele>2112.3085937</ele>
      </trkpt>
      <trkpt lat="-0.896193" lon="36.52051">
        <ele>2112.1484375</ele>
      </trkpt>
      <trkpt lat="-0.896175" lon="36.520471">
        <ele>2112.0</ele>
      </trkpt>
      <trkpt lat="-0.896162" lon="36.5204359">
        <ele>2111.8554687</ele>
      </trkpt>
      <trkpt lat="-0.896143" lon="36.520394">
        <ele>2111.6796875</ele>
      </trkpt>
      <trkpt lat="-0.896129" lon="36.520354">
        <ele>2111.5</ele>
      </trkpt>
      <trkpt lat="-0.896115" lon="36.520313">
        <ele>2111.3359375</ele>
      </trkpt>
      <trkpt lat="-0.896103" lon="36.520273">
        <ele>2111.203125</ele>
      </trkpt>
      <trkpt lat="-0.89609" lon="36.520236">
        <ele>2111.1171875</ele>
      </trkpt>
      <trkpt lat="-0.896077" lon="36.5202">
        <ele>2111.09375</ele>
      </trkpt>
      <trkpt lat="-0.896062" lon="36.520162">
        <ele>2111.0742187</ele>
      </trkpt>
      <trkpt lat="-0.89605" lon="36.520122">
        <ele>2111.0351562</ele>
      </trkpt>
      <trkpt lat="-0.896038" lon="36.520084">
        <ele>2111.0</ele>
      </trkpt>
      <trkpt lat="-0.896024" lon="36.520044">
        <ele>2110.9726562</ele>
      </trkpt>
      <trkpt lat="-0.896008" lon="36.520002">
        <ele>2110.9492187</ele>
      </trkpt>
      <trkpt lat="-0.895984" lon="36.519955">
        <ele>2110.953125</ele>
      </trkpt>
      <trkpt lat="-0.895968" lon="36.519915">
        <ele>2110.9335937</ele>
      </trkpt>
      <trkpt lat="-0.895956" lon="36.519877">
        <ele>2110.8984375</ele>
      </trkpt>
      <trkpt lat="-0.895945" lon="36.519843">
        <ele>2110.8710937</ele>
      </trkpt>
      <trkpt lat="-0.895932" lon="36.519811">
        <ele>2110.8554687</ele>
      </trkpt>
      <trkpt lat="-0.895919" lon="36.51978">
        <ele>2110.84375</ele>
      </trkpt>
      <trkpt lat="-0.895901" lon="36.51975">
        <ele>2110.859375</ele>
      </trkpt>
      <trkpt lat="-0.895817" lon="36.519459">
        <ele>2111.484375</ele>
      </trkpt>
      <trkpt lat="-0.89573" lon="36.5192229">
        <ele>2111.8710937</ele>
      </trkpt>
      <trkpt lat="-0.895618" lon="36.518941">
        <ele>2112.0351562</ele>
      </trkpt>
      <trkpt lat="-0.896393" lon="36.518518">
        <ele>2107.4</ele>
      </trkpt>
      <trkpt lat="-0.896675" lon="36.518372">
        <ele>2106.40625</ele>
      </trkpt>
      <trkpt lat="-0.896919" lon="36.518064">
        <ele>2104.578125</ele>
      </trkpt>
      <trkpt lat="-0.897031" lon="36.517605">
        <ele>2102.625</ele>
      </trkpt>
      <trkpt lat="-0.897251" lon="36.5174049">
        <ele>2101.7226562</ele>
      </trkpt>
      <trkpt lat="-0.897344" lon="36.517145">
        <ele>2100.9960937</ele>
      </trkpt>
      <trkpt lat="-0.895832" lon="36.515298">
        <ele>2106.1523437</ele>
      </trkpt>
      <trkpt lat="-0.894979" lon="36.513436">
        <ele>2105.7226562</ele>
      </trkpt>
      <trkpt lat="-0.892913" lon="36.509218">
        <ele>2107.140625</ele>
      </trkpt>
      <trkpt lat="-0.891777" lon="36.5068119">
        <ele>2107.0898437</ele>
      </trkpt>
      <trkpt lat="-0.890804" lon="36.504902">
        <ele>2108.3398437</ele>
      </trkpt>
      <trkpt lat="-0.889756" lon="36.502947">
        <ele>2112.7578125</ele>
      </trkpt>
      <trkpt lat="-0.88951" lon="36.502395">
        <ele>2114.7695312</ele>
      </trkpt>
      <trkpt lat="-0.888862" lon="36.501774">
        <ele>2115.8476562</ele>
      </trkpt>
      <trkpt lat="-0.888619" lon="36.501195">
        <ele>2116.8945312</ele>
      </trkpt>
      <trkpt lat="-0.888984" lon="36.501">
        <ele>2116.0898437</ele>
      </trkpt>
      <trkpt lat="-0.888775" lon="36.500781">
        <ele>2116.9</ele>
      </trkpt>
      <trkpt lat="-0.888632" lon="36.500317">
        <ele>2116.9765625</ele>
      </trkpt>
      <trkpt lat="-0.889196" lon="36.500172">
        <ele>2115.1601562</ele>
      </trkpt>
      <trkpt lat="-0.889466" lon="36.500106">
        <ele>2114.3554687</ele>
      </trkpt>
      <trkpt lat="-0.88976" lon="36.5000969">
        <ele>2113.8125</ele>
      </trkpt>
      <trkpt lat="-0.889933" lon="36.499992">
        <ele>2113.8710937</ele>
      </trkpt>
      <trkpt lat="-0.890232" lon="36.499623">
        <ele>2115.0976562</ele>
      </trkpt>
      <trkpt lat="-0.89009" lon="36.49929">
        <ele>2116.25</ele>
      </trkpt>
      <trkpt lat="-0.889845" lon="36.49899">
        <ele>2116.4882812</ele>
      </trkpt>
      <trkpt lat="-0.889716" lon="36.498761">
        <ele>2116.4960937</ele>
      </trkpt>
      <trkpt lat="-0.889688" lon="36.498433">
        <ele>2116.671875</ele>
      </trkpt>
      <trkpt lat="-0.889771" lon="36.49819">
        <ele>2116.8085937</ele>
      </trkpt>
      <trkpt lat="-0.889956" lon="36.497984">
        <ele>2116.46875</ele>
      </trkpt>
      <trkpt lat="-0.890478" lon="36.497619">
        <ele>2115.3945312</ele>
      </trkpt>
      <trkpt lat="-0.890498" lon="36.497379">
        <ele>2115.7070312</ele>
      </trkpt>
      <trkpt lat="-0.890273" lon="36.4973529">
        <ele>2115.5664062</ele>
      </trkpt>
      <trkpt lat="-0.88979" lon="36.497703">
        <ele>2116.9179687</ele>
      </trkpt>
      <trkpt lat="-0.889473" lon="36.497788">
        <ele>2117.890625</ele>
      </trkpt>
      <trkpt lat="-0.889163" lon="36.497773">
        <ele>2118.328125</ele>
      </trkpt>
      <trkpt lat="-0.888756" lon="36.497607">
        <ele>2119.2148437</ele>
      </trkpt>
      <trkpt lat="-0.888539" lon="36.497286">
        <ele>2120.2304687</ele>
      </trkpt>
      <trkpt lat="-0.88835" lon="36.497017">
        <ele>2120.859375</ele>
      </trkpt>
      <trkpt lat="-0.888225" lon="36.496723">
        <ele>2120.625</ele>
      </trkpt>
      <trkpt lat="-0.888118" lon="36.4966269">
        <ele>2120.4960937</ele>
      </trkpt>
      <trkpt lat="-0.887957" lon="36.496175">
        <ele>2120.0</ele>
      </trkpt>
      <trkpt lat="-0.887682" lon="36.495316">
        <ele>2119.5742187</ele>
      </trkpt>
      <trkpt lat="-0.887446" lon="36.494372">
        <ele>2119.1171875</ele>
      </trkpt>
      <trkpt lat="-0.887318" lon="36.49405">
        <ele>2118.7304687</ele>
      </trkpt>
      <trkpt lat="-0.88676" lon="36.492956">
        <ele>2118.9609375</ele>
      </trkpt>
      <trkpt lat="-0.886481" lon="36.492505">
        <ele>2119.8085937</ele>
      </trkpt>
      <trkpt lat="-0.886309" lon="36.492162">
        <ele>2119.8320312</ele>
      </trkpt>
      <trkpt lat="-0.885837" lon="36.491411">
        <ele>2121.2617187</ele>
      </trkpt>
      <trkpt lat="-0.885751" lon="36.491196">
        <ele>2121.75</ele>
      </trkpt>
      <trkpt lat="-0.885172" lon="36.490359">
        <ele>2121.8867187</ele>
      </trkpt>
      <trkpt lat="-0.884829" lon="36.489995">
        <ele>2123.3789062</ele>
      </trkpt>
      <trkpt lat="-0.884743" lon="36.489844">
        <ele>2123.8203125</ele>
      </trkpt>
      <trkpt lat="-0.8847" lon="36.489694">
        <ele>2124.0507812</ele>
      </trkpt>
      <trkpt lat="-0.884678" lon="36.489565">
        <ele>2124.1757812</ele>
      </trkpt>
      <trkpt lat="-0.884657" lon="36.488664">
        <ele>2126.359375</ele>
      </trkpt>
      <trkpt lat="-0.884678" lon="36.488128">
        <ele>2126.921875</ele>
      </trkpt>
      <trkpt lat="-0.884721" lon="36.48787">
        <ele>2127.1992187</ele>
      </trkpt>
      <trkpt lat="-0.884764" lon="36.487656">
        <ele>2127.5859375</ele>
      </trkpt>
      <trkpt lat="-0.884786" lon="36.487505">
        <ele>2127.8984375</ele>
      </trkpt>
      <trkpt lat="-0.884786" lon="36.487291">
        <ele>2128.3125</ele>
      </trkpt>
      <trkpt lat="-0.884743" lon="36.486712">
        <ele>2129.2695312</ele>
      </trkpt>
      <trkpt lat="-0.884743" lon="36.4864109">
        <ele>2129.6289062</ele>
      </trkpt>
      <trkpt lat="-0.88485" lon="36.48566">
        <ele>2130.53125</ele>
      </trkpt>
      <trkpt lat="-0.885129" lon="36.484308">
        <ele>2129.1796875</ele>
      </trkpt>
      <trkpt lat="-0.885301" lon="36.483665">
        <ele>2127.1289062</ele>
      </trkpt>
      <trkpt lat="-0.885365" lon="36.483171">
        <ele>2126.3085937</ele>
      </trkpt>
      <trkpt lat="-0.885365" lon="36.482978">
        <ele>2126.078125</ele>
      </trkpt>
      <trkpt lat="-0.885408" lon="36.482506">
        <ele>2126.8710937</ele>
      </trkpt>
      <trkpt lat="-0.885472" lon="36.482227">
        <ele>2127.765625</ele>
      </trkpt>
      <trkpt lat="-0.885515" lon="36.482012">
        <ele>2128.3867187</ele>
      </trkpt>
      <trkpt lat="-0.885515" lon="36.481884">
        <ele>2128.5742187</ele>
      </trkpt>
      <trkpt lat="-0.885451" lon="36.481712">
        <ele>2128.6171875</ele>
      </trkpt>
      <trkpt lat="-0.885386" lon="36.4815619">
        <ele>2128.640625</ele>
      </trkpt>
      <trkpt lat="-0.885344" lon="36.481411">
        <ele>2128.5117187</ele>
      </trkpt>
      <trkpt lat="-0.885344" lon="36.481218">
        <ele>2128.0742187</ele>
      </trkpt>
      <trkpt lat="-0.885386" lon="36.480489">
        <ele>2127.9140625</ele>
      </trkpt>
      <trkpt lat="-0.885386" lon="36.479566">
        <ele>2129.0390625</ele>
      </trkpt>
      <trkpt lat="-0.885322" lon="36.47933">
        <ele>2129.1953125</ele>
      </trkpt>
      <trkpt lat="-0.885172" lon="36.47903">
        <ele>2129.1289062</ele>
      </trkpt>
      <trkpt lat="-0.884893" lon="36.478643">
        <ele>2128.53125</ele>
      </trkpt>
      <trkpt lat="-0.884593" lon="36.477742">
        <ele>2130.3046875</ele>
      </trkpt>
      <trkpt lat="-0.884571" lon="36.477656">
        <ele>2130.2265625</ele>
      </trkpt>
      <trkpt lat="-0.884593" lon="36.477571">
        <ele>2130.2382812</ele>
      </trkpt>
      <trkpt lat="-0.884464" lon="36.477506">
        <ele>2130.0039062</ele>
      </trkpt>
      <trkpt lat="-0.884421" lon="36.477442">
        <ele>2130.0078125</ele>
      </trkpt>
      <trkpt lat="-0.884378" lon="36.477399">
        <ele>2130.0117187</ele>
      </trkpt>
      <trkpt lat="-0.884314" lon="36.477227">
        <ele>2129.9453125</ele>
      </trkpt>
      <trkpt lat="-0.884185" lon="36.476927">
        <ele>2129.6992187</ele>
      </trkpt>
      <trkpt lat="-0.884078" lon="36.476734">
        <ele>2129.921875</ele>
      </trkpt>
      <trkpt lat="-0.884035" lon="36.476691">
        <ele>2129.9375</ele>
      </trkpt>
      <trkpt lat="-0.88397" lon="36.476562">
        <ele>2130.0546875</ele>
      </trkpt>
      <trkpt lat="-0.88397" lon="36.475918">
        <ele>2131.0898437</ele>
      </trkpt>
      <trkpt lat="-0.883884" lon="36.475403">
        <ele>2131.7890625</ele>
      </trkpt>
      <trkpt lat="-0.883884" lon="36.475232">
        <ele>2131.875</ele>
      </trkpt>
      <trkpt lat="-0.88382" lon="36.474996">
        <ele>2131.1445312</ele>
      </trkpt>
      <trkpt lat="-0.88382" lon="36.474845">
        <ele>2130.6875</ele>
      </trkpt>
      <trkpt lat="-0.883691" lon="36.474481">
        <ele>2129.28125</ele>
      </trkpt>
      <trkpt lat="-0.883627" lon="36.474266">
        <ele>2129.2070312</ele>
      </trkpt>
      <trkpt lat="-0.883563" lon="36.474094">
        <ele>2129.2148437</ele>
      </trkpt>
      <trkpt lat="-0.883541" lon="36.473987">
        <ele>2129.2890625</ele>
      </trkpt>
      <trkpt lat="-0.883477" lon="36.473837">
        <ele>2129.3125</ele>
      </trkpt>
      <trkpt lat="-0.883327" lon="36.473064">
        <ele>2130.765625</ele>
      </trkpt>
      <trkpt lat="-0.883219" lon="36.472871">
        <ele>2130.8085937</ele>
      </trkpt>
      <trkpt lat="-0.883176" lon="36.472743">
        <ele>2130.828125</ele>
      </trkpt>
      <trkpt lat="-0.883133" lon="36.472442">
        <ele>2130.625</ele>
      </trkpt>
      <trkpt lat="-0.883048" lon="36.472034">
        <ele>2130.2109375</ele>
      </trkpt>
      <trkpt lat="-0.88294" lon="36.471798">
        <ele>2130.1914062</ele>
      </trkpt>
      <trkpt lat="-0.882876" lon="36.471691">
        <ele>2130.2695312</ele>
      </trkpt>
      <trkpt lat="-0.882833" lon="36.47167">
        <ele>2130.15625</ele>
      </trkpt>
      <trkpt lat="-0.882812" lon="36.4716049">
        <ele>2130.2929687</ele>
      </trkpt>
      <trkpt lat="-0.882747" lon="36.471562">
        <ele>2130.4609375</ele>
      </trkpt>
      <trkpt lat="-0.882661" lon="36.471434">
        <ele>2131.1015625</ele>
      </trkpt>
      <trkpt lat="-0.882576" lon="36.471348">
        <ele>2131.6015625</ele>
      </trkpt>
      <trkpt lat="-0.88249" lon="36.471326">
        <ele>2131.8671875</ele>
      </trkpt>
      <trkpt lat="-0.882447" lon="36.471262">
        <ele>2132.2226562</ele>
      </trkpt>
      <trkpt lat="-0.882382" lon="36.471219">
        <ele>2132.5429687</ele>
      </trkpt>
      <trkpt lat="-0.882339" lon="36.471133">
        <ele>2133.0039062</ele>
      </trkpt>
      <trkpt lat="-0.882297" lon="36.4708759">
        <ele>2134.1601562</ele>
      </trkpt>
      <trkpt lat="-0.882168" lon="36.470618">
        <ele>2135.4296875</ele>
      </trkpt>
      <trkpt lat="-0.882082" lon="36.470318">
        <ele>2136.7109375</ele>
      </trkpt>
      <trkpt lat="-0.882061" lon="36.470296">
        <ele>2136.8164062</ele>
      </trkpt>
      <trkpt lat="-0.88191" lon="36.469932">
        <ele>2138.4609375</ele>
      </trkpt>
      <trkpt lat="-0.881803" lon="36.469631">
        <ele>2139.6953125</ele>
      </trkpt>
      <trkpt lat="-0.881653" lon="36.4693309">
        <ele>2140.3554687</ele>
      </trkpt>
      <trkpt lat="-0.881631" lon="36.469223">
        <ele>2140.3476562</ele>
      </trkpt>
      <trkpt lat="-0.881567" lon="36.469009">
        <ele>2140.25</ele>
      </trkpt>
      <trkpt lat="-0.881546" lon="36.468987">
        <ele>2140.2226562</ele>
      </trkpt>
      <trkpt lat="-0.881438" lon="36.468773">
        <ele>2139.9101562</ele>
      </trkpt>
      <trkpt lat="-0.881267" lon="36.468365">
        <ele>2139.625</ele>
      </trkpt>
      <trkpt lat="-0.881224" lon="36.468236">
        <ele>2139.6796875</ele>
      </trkpt>
      <trkpt lat="-0.881202" lon="36.468065">
        <ele>2139.8320312</ele>
      </trkpt>
      <trkpt lat="-0.880988" lon="36.467443">
        <ele>2141.078125</ele>
      </trkpt>
      <trkpt lat="-0.880945" lon="36.4672709">
        <ele>2141.5625</ele>
      </trkpt>
      <trkpt lat="-0.880902" lon="36.467142">
        <ele>2141.8789062</ele>
      </trkpt>
      <trkpt lat="-0.880837" lon="36.466906">
        <ele>2142.3164062</ele>
      </trkpt>
      <trkpt lat="-0.880666" lon="36.466498">
        <ele>2142.1875</ele>
      </trkpt>
      <trkpt lat="-0.880601" lon="36.466262">
        <ele>2142.2539062</ele>
      </trkpt>
      <trkpt lat="-0.880558" lon="36.466155">
        <ele>2142.28125</ele>
      </trkpt>
      <trkpt lat="-0.880537" lon="36.466026">
        <ele>2142.4414062</ele>
      </trkpt>
      <trkpt lat="-0.88043" lon="36.465833">
        <ele>2142.7265625</ele>
      </trkpt>
      <trkpt lat="-0.880451" lon="36.4657259">
        <ele>2142.9453125</ele>
      </trkpt>
      <trkpt lat="-0.88043" lon="36.465576">
        <ele>2143.2460937</ele>
      </trkpt>
      <trkpt lat="-0.880301" lon="36.465168">
        <ele>2144.2695312</ele>
      </trkpt>
      <trkpt lat="-0.880129" lon="36.464825">
        <ele>2144.9882812</ele>
      </trkpt>
      <trkpt lat="-0.880086" lon="36.46476">
        <ele>2145.09375</ele>
      </trkpt>
      <trkpt lat="-0.879958" lon="36.464331">
        <ele>2145.6484375</ele>
      </trkpt>
      <trkpt lat="-0.879872" lon="36.464117">
        <ele>2145.6953125</ele>
      </trkpt>
      <trkpt lat="-0.879829" lon="36.4640739">
        <ele>2145.6914062</ele>
      </trkpt>
      <trkpt lat="-0.879529" lon="36.463366">
        <ele>2146.578125</ele>
      </trkpt>
      <trkpt lat="-0.879486" lon="36.463344">
        <ele>2146.6445312</ele>
      </trkpt>
      <trkpt lat="-0.879529" lon="36.463323">
        <ele>2146.6796875</ele>
      </trkpt>
      <trkpt lat="-0.879743" lon="36.463087">
        <ele>2147.0585937</ele>
      </trkpt>
      <trkpt lat="-0.879807" lon="36.4630439">
        <ele>2147.0898437</ele>
      </trkpt>
      <trkpt lat="-0.880022" lon="36.462851">
        <ele>2147.2226562</ele>
      </trkpt>
      <trkpt lat="-0.880301" lon="36.462636">
        <ele>2146.6601562</ele>
      </trkpt>
      <trkpt lat="-0.88043" lon="36.462486">
        <ele>2146.8320312</ele>
      </trkpt>
      <trkpt lat="-0.880494" lon="36.462464">
        <ele>2147.0703125</ele>
      </trkpt>
      <trkpt lat="-0.880516" lon="36.462421">
        <ele>2147.1132812</ele>
      </trkpt>
      <trkpt lat="-0.880623" lon="36.462336">
        <ele>2147.546875</ele>
      </trkpt>
      <trkpt lat="-0.880687" lon="36.462293">
        <ele>2147.8632812</ele>
      </trkpt>
      <trkpt lat="-0.88073" lon="36.46225">
        <ele>2148.09375</ele>
      </trkpt>
      <trkpt lat="-0.880795" lon="36.462207">
        <ele>2148.4648437</ele>
      </trkpt>
      <trkpt lat="-0.880859" lon="36.462142">
        <ele>2148.8867187</ele>
      </trkpt>
      <trkpt lat="-0.880902" lon="36.462121">
        <ele>2149.171875</ele>
      </trkpt>
      <trkpt lat="-0.880945" lon="36.462057">
        <ele>2149.5234375</ele>
      </trkpt>
      <trkpt lat="-0.880988" lon="36.462035">
        <ele>2149.84375</ele>
      </trkpt>
      <trkpt lat="-0.881031" lon="36.461971">
        <ele>2150.25</ele>
      </trkpt>
      <trkpt lat="-0.881073" lon="36.461949">
        <ele>2150.59375</ele>
      </trkpt>
      <trkpt lat="-0.881138" lon="36.461885">
        <ele>2150.9921875</ele>
      </trkpt>
      <trkpt lat="-0.881181" lon="36.461864">
        <ele>2150.9375</ele>
      </trkpt>
      <trkpt lat="-0.881267" lon="36.461799">
        <ele>2150.8359375</ele>
      </trkpt>
      <trkpt lat="-0.88131" lon="36.461778">
        <ele>2150.7851562</ele>
      </trkpt>
      <trkpt lat="-0.881331" lon="36.461735">
        <ele>2150.7578125</ele>
      </trkpt>
      <trkpt lat="-0.881417" lon="36.461713">
        <ele>2150.65625</ele>
      </trkpt>
      <trkpt lat="-0.88146" lon="36.461649">
        <ele>2150.6054687</ele>
      </trkpt>
      <trkpt lat="-0.881503" lon="36.461606">
        <ele>2150.5507812</ele>
      </trkpt>
      <trkpt lat="-0.881546" lon="36.461542">
        <ele>2150.5</ele>
      </trkpt>
      <trkpt lat="-0.88161" lon="36.46152">
        <ele>2150.421875</ele>
      </trkpt>
      <trkpt lat="-0.881653" lon="36.461456">
        <ele>2150.3710937</ele>
      </trkpt>
      <trkpt lat="-0.881696" lon="36.4614339">
        <ele>2150.3203125</ele>
      </trkpt>
      <trkpt lat="-0.881739" lon="36.461391">
        <ele>2150.2695312</ele>
      </trkpt>
      <trkpt lat="-0.881803" lon="36.461349">
        <ele>2150.1914062</ele>
      </trkpt>
      <trkpt lat="-0.881846" lon="36.461306">
        <ele>2150.140625</ele>
      </trkpt>
      <trkpt lat="-0.88191" lon="36.461263">
        <ele>2150.0625</ele>
      </trkpt>
      <trkpt lat="-0.881953" lon="36.46122">
        <ele>2150.0117187</ele>
      </trkpt>
      <trkpt lat="-0.882018" lon="36.461177">
        <ele>2150.0039062</ele>
      </trkpt>
      <trkpt lat="-0.882039" lon="36.461112">
        <ele>2150.0</ele>
      </trkpt>
      <trkpt lat="-0.882103" lon="36.461091">
        <ele>2150.0117187</ele>
      </trkpt>
      <trkpt lat="-0.882146" lon="36.461027">
        <ele>2150.046875</ele>
      </trkpt>
      <trkpt lat="-0.882189" lon="36.461005">
        <ele>2150.0742187</ele>
      </trkpt>
      <trkpt lat="-0.882318" lon="36.460855">
        <ele>2150.2695312</ele>
      </trkpt>
      <trkpt lat="-0.882382" lon="36.460834">
        <ele>2150.34375</ele>
      </trkpt>
      <trkpt lat="-0.882447" lon="36.460791">
        <ele>2150.4570312</ele>
      </trkpt>
      <trkpt lat="-0.882533" lon="36.460748">
        <ele>2150.609375</ele>
      </trkpt>
      <trkpt lat="-0.882576" lon="36.460683">
        <ele>2150.7695312</ele>
      </trkpt>
      <trkpt lat="-0.882683" lon="36.460598">
        <ele>2151.0820312</ele>
      </trkpt>
      <trkpt lat="-0.882747" lon="36.460512">
        <ele>2151.3710937</ele>
      </trkpt>
      <trkpt lat="-0.88279" lon="36.46049">
        <ele>2151.4960937</ele>
      </trkpt>
      <trkpt lat="-0.882833" lon="36.460447">
        <ele>2151.890625</ele>
      </trkpt>
      <trkpt lat="-0.882897" lon="36.4604039">
        <ele>2152.4648437</ele>
      </trkpt>
      <trkpt lat="-0.88294" lon="36.460361">
        <ele>2152.875</ele>
      </trkpt>
      <trkpt lat="-0.883005" lon="36.460319">
        <ele>2153.4375</ele>
      </trkpt>
      <trkpt lat="-0.883112" lon="36.460233">
        <ele>2154.4375</ele>
      </trkpt>
      <trkpt lat="-0.883155" lon="36.46019">
        <ele>2154.8476562</ele>
      </trkpt>
      <trkpt lat="-0.883219" lon="36.460147">
        <ele>2155.3789062</ele>
      </trkpt>
      <trkpt lat="-0.883262" lon="36.460083">
        <ele>2155.7890625</ele>
      </trkpt>
      <trkpt lat="-0.883327" lon="36.46004">
        <ele>2156.2539062</ele>
      </trkpt>
      <trkpt lat="-0.883369" lon="36.459997">
        <ele>2156.5664062</ele>
      </trkpt>
      <trkpt lat="-0.883434" lon="36.459954">
        <ele>2156.96875</ele>
      </trkpt>
      <trkpt lat="-0.883477" lon="36.459911">
        <ele>2157.234375</ele>
      </trkpt>
      <trkpt lat="-0.883541" lon="36.4598889">
        <ele>2157.5703125</ele>
      </trkpt>
      <trkpt lat="-0.88367" lon="36.459761">
        <ele>2158.0703125</ele>
      </trkpt>
      <trkpt lat="-0.883734" lon="36.459718">
        <ele>2158.1679687</ele>
      </trkpt>
      <trkpt lat="-0.883756" lon="36.459675">
        <ele>2158.1953125</ele>
      </trkpt>
      <trkpt lat="-0.88382" lon="36.459632">
        <ele>2158.28125</ele>
      </trkpt>
      <trkpt lat="-0.883863" lon="36.459568">
        <ele>2158.3203125</ele>
      </trkpt>
      <trkpt lat="-0.883927" lon="36.459525">
        <ele>2158.390625</ele>
      </trkpt>
      <trkpt lat="-0.88397" lon="36.459482">
        <ele>2158.4257812</ele>
      </trkpt>
      <trkpt lat="-0.88412" lon="36.4593739">
        <ele>2158.7382812</ele>
      </trkpt>
      <trkpt lat="-0.884163" lon="36.459332">
        <ele>2158.8789062</ele>
      </trkpt>
      <trkpt lat="-0.884228" lon="36.459289">
        <ele>2159.0585937</ele>
      </trkpt>
      <trkpt lat="-0.884271" lon="36.459224">
        <ele>2159.2578125</ele>
      </trkpt>
      <trkpt lat="-0.884335" lon="36.459203">
        <ele>2159.4023437</ele>
      </trkpt>
      <trkpt lat="-0.884378" lon="36.459138">
        <ele>2159.6171875</ele>
      </trkpt>
      <trkpt lat="-0.884464" lon="36.459053">
        <ele>2159.9648437</ele>
      </trkpt>
      <trkpt lat="-0.884507" lon="36.459031">
        <ele>2160.0664062</ele>
      </trkpt>
      <trkpt lat="-0.88455" lon="36.458967">
        <ele>2160.2539062</ele>
      </trkpt>
      <trkpt lat="-0.884593" lon="36.458945">
        <ele>2160.3398437</ele>
      </trkpt>
      <trkpt lat="-0.884635" lon="36.458881">
        <ele>2160.5039062</ele>
      </trkpt>
      <trkpt lat="-0.8847" lon="36.458838">
        <ele>2160.625</ele>
      </trkpt>
      <trkpt lat="-0.884871" lon="36.458709">
        <ele>2160.890625</ele>
      </trkpt>
      <trkpt lat="-0.884936" lon="36.458688">
        <ele>2160.9296875</ele>
      </trkpt>
      <trkpt lat="-0.884979" lon="36.458623">
        <ele>2160.9960937</ele>
      </trkpt>
      <trkpt lat="-0.885043" lon="36.45858">
        <ele>2161.0273437</ele>
      </trkpt>
      <trkpt lat="-0.885086" lon="36.458538">
        <ele>2161.0507812</ele>
      </trkpt>
      <trkpt lat="-0.88515" lon="36.458495">
        <ele>2161.0507812</ele>
      </trkpt>
      <trkpt lat="-0.885193" lon="36.458452">
        <ele>2161.046875</ele>
      </trkpt>
      <trkpt lat="-0.885258" lon="36.458409">
        <ele>2161.0234375</ele>
      </trkpt>
      <trkpt lat="-0.885301" lon="36.458366">
        <ele>2161.0</ele>
      </trkpt>
      <trkpt lat="-0.885365" lon="36.4583439">
        <ele>2161.0</ele>
      </trkpt>
      <trkpt lat="-0.885451" lon="36.45828">
        <ele>2161.0</ele>
      </trkpt>
      <trkpt lat="-0.885623" lon="36.458259">
        <ele>2161.0</ele>
      </trkpt>
      <trkpt lat="-0.885751" lon="36.458194">
        <ele>2161.0</ele>
      </trkpt>
      <trkpt lat="-0.886438" lon="36.458194">
        <ele>2163.6210937</ele>
      </trkpt>
      <trkpt lat="-0.886502" lon="36.458151">
        <ele>2164.2109375</ele>
      </trkpt>
      <trkpt lat="-0.886545" lon="36.458108">
        <ele>2164.6328125</ele>
      </trkpt>
      <trkpt lat="-0.886588" lon="36.458001">
        <ele>2165.1445312</ele>
      </trkpt>
      <trkpt lat="-0.88661" lon="36.457872">
        <ele>2165.5195312</ele>
      </trkpt>
      <trkpt lat="-0.88661" lon="36.457658">
        <ele>2165.6367187</ele>
      </trkpt>
      <trkpt lat="-0.886567" lon="36.457336">
        <ele>2165.2265625</ele>
      </trkpt>
      <trkpt lat="-0.886567" lon="36.45725">
        <ele>2165.2265625</ele>
      </trkpt>
      <trkpt lat="-0.886631" lon="36.457057">
        <ele>2165.84375</ele>
      </trkpt>
      <trkpt lat="-0.886631" lon="36.456757">
        <ele>2166.5039062</ele>
      </trkpt>
      <trkpt lat="-0.886717" lon="36.456478">
        <ele>2168.1445312</ele>
      </trkpt>
      <trkpt lat="-0.886717" lon="36.456242">
        <ele>2168.875</ele>
      </trkpt>
      <trkpt lat="-0.886803" lon="36.456027">
        <ele>2169.5742187</ele>
      </trkpt>
      <trkpt lat="-0.886803" lon="36.455812">
        <ele>2168.8984375</ele>
      </trkpt>
      <trkpt lat="-0.886889" lon="36.455491">
        <ele>2168.3476562</ele>
      </trkpt>
      <trkpt lat="-0.886889" lon="36.455362">
        <ele>2167.9101562</ele>
      </trkpt>
      <trkpt lat="-0.886953" lon="36.45519">
        <ele>2167.8476562</ele>
      </trkpt>
      <trkpt lat="-0.886974" lon="36.455169">
        <ele>2168.1328125</ele>
      </trkpt>
      <trkpt lat="-0.88706" lon="36.454954">
        <ele>2169.3867187</ele>
      </trkpt>
      <trkpt lat="-0.887125" lon="36.454847">
        <ele>2170.3242187</ele>
      </trkpt>
      <trkpt lat="-0.887167" lon="36.454825">
        <ele>2171.0234375</ele>
      </trkpt>
      <trkpt lat="-0.88721" lon="36.454697">
        <ele>2171.4648437</ele>
      </trkpt>
      <trkpt lat="-0.887854" lon="36.453967">
        <ele>2180.3945312</ele>
      </trkpt>
      <trkpt lat="-0.88809" lon="36.453731">
        <ele>2183.5585937</ele>
      </trkpt>
      <trkpt lat="-0.888197" lon="36.45371">
        <ele>2185.09375</ele>
      </trkpt>
      <trkpt lat="-0.88824" lon="36.453645">
        <ele>2185.5273437</ele>
      </trkpt>
      <trkpt lat="-0.888305" lon="36.4536019">
        <ele>2186.328125</ele>
      </trkpt>
      <trkpt lat="-0.888348" lon="36.453516">
        <ele>2186.703125</ele>
      </trkpt>
      <trkpt lat="-0.888348" lon="36.453474">
        <ele>2186.5820312</ele>
      </trkpt>
      <trkpt lat="-0.888305" lon="36.4533879">
        <ele>2185.7539062</ele>
      </trkpt>
      <trkpt lat="-0.888262" lon="36.45328">
        <ele>2184.890625</ele>
      </trkpt>
      <trkpt lat="-0.888262" lon="36.452744">
        <ele>2183.2148437</ele>
      </trkpt>
      <trkpt lat="-0.88824" lon="36.452551">
        <ele>2181.1953125</ele>
      </trkpt>
      <trkpt lat="-0.888176" lon="36.452379">
        <ele>2178.96875</ele>
      </trkpt>
      <trkpt lat="-0.888219" lon="36.452057">
        <ele>2176.4960937</ele>
      </trkpt>
      <trkpt lat="-0.888176" lon="36.451628">
        <ele>2171.9179687</ele>
      </trkpt>
      <trkpt lat="-0.888176" lon="36.451285">
        <ele>2168.4609375</ele>
      </trkpt>
      <trkpt lat="-0.888197" lon="36.451178">
        <ele>2167.4882812</ele>
      </trkpt>
      <trkpt lat="-0.88824" lon="36.451027">
        <ele>2166.3320312</ele>
      </trkpt>
      <trkpt lat="-0.888262" lon="36.450856">
        <ele>2164.9570312</ele>
      </trkpt>
      <trkpt lat="-0.888262" lon="36.450212">
        <ele>2159.6523437</ele>
      </trkpt>
      <trkpt lat="-0.888112" lon="36.449697">
        <ele>2156.1992187</ele>
      </trkpt>
      <trkpt lat="-0.888069" lon="36.4496759">
        <ele>2155.96875</ele>
      </trkpt>
      <trkpt lat="-0.888004" lon="36.44959">
        <ele>2155.296875</ele>
      </trkpt>
      <trkpt lat="-0.887961" lon="36.449461">
        <ele>2154.421875</ele>
      </trkpt>
      <trkpt lat="-0.887897" lon="36.449397">
        <ele>2153.8242187</ele>
      </trkpt>
      <trkpt lat="-0.887854" lon="36.4492679">
        <ele>2152.8085937</ele>
      </trkpt>
      <trkpt lat="-0.887811" lon="36.449225">
        <ele>2152.375</ele>
      </trkpt>
      <trkpt lat="-0.887682" lon="36.448925">
        <ele>2149.6835937</ele>
      </trkpt>
      <trkpt lat="-0.887597" lon="36.448581">
        <ele>2146.546875</ele>
      </trkpt>
      <trkpt lat="-0.887575" lon="36.448324">
        <ele>2144.7890625</ele>
      </trkpt>
      <trkpt lat="-0.887511" lon="36.448152">
        <ele>2143.2734375</ele>
      </trkpt>
      <trkpt lat="-0.887446" lon="36.448066">
        <ele>2142.2851562</ele>
      </trkpt>
      <trkpt lat="-0.887339" lon="36.447723">
        <ele>2139.2851562</ele>
      </trkpt>
      <trkpt lat="-0.887318" lon="36.447487">
        <ele>2137.6367187</ele>
      </trkpt>
      <trkpt lat="-0.887232" lon="36.447251">
        <ele>2135.7226562</ele>
      </trkpt>
      <trkpt lat="-0.887232" lon="36.447058">
        <ele>2134.5664062</ele>
      </trkpt>
      <trkpt lat="-0.887189" lon="36.446886">
        <ele>2133.625</ele>
      </trkpt>
      <trkpt lat="-0.887039" lon="36.446736">
        <ele>2132.7226562</ele>
      </trkpt>
      <trkpt lat="-0.886931" lon="36.446607">
        <ele>2132.0664062</ele>
      </trkpt>
      <trkpt lat="-0.886889" lon="36.446586">
        <ele>2131.8828125</ele>
      </trkpt>
      <trkpt lat="-0.886824" lon="36.446414">
        <ele>2131.3085937</ele>
      </trkpt>
      <trkpt lat="-0.886803" lon="36.446285">
        <ele>2130.96875</ele>
      </trkpt>
      <trkpt lat="-0.88676" lon="36.446135">
        <ele>2130.5390625</ele>
      </trkpt>
      <trkpt lat="-0.886695" lon="36.446028">
        <ele>2130.2460937</ele>
      </trkpt>
      <trkpt lat="-0.886674" lon="36.445963">
        <ele>2130.1171875</ele>
      </trkpt>
      <trkpt lat="-0.886588" lon="36.445835">
        <ele>2129.7578125</ele>
      </trkpt>
      <trkpt lat="-0.886459" lon="36.445448">
        <ele>2128.984375</ele>
      </trkpt>
      <trkpt lat="-0.886459" lon="36.445062">
        <ele>2128.3515625</ele>
      </trkpt>
      <trkpt lat="-0.886395" lon="36.4449759">
        <ele>2128.0039062</ele>
      </trkpt>
      <trkpt lat="-0.886223" lon="36.444504">
        <ele>2126.4453125</ele>
      </trkpt>
      <trkpt lat="-0.886202" lon="36.44429">
        <ele>2125.8398437</ele>
      </trkpt>
      <trkpt lat="-0.886116" lon="36.444054">
        <ele>2125.015625</ele>
      </trkpt>
      <trkpt lat="-0.886052" lon="36.443925">
        <ele>2124.6796875</ele>
      </trkpt>
      <trkpt lat="-0.885966" lon="36.443646">
        <ele>2124.0390625</ele>
      </trkpt>
      <trkpt lat="-0.88588" lon="36.443496">
        <ele>2123.90625</ele>
      </trkpt>
      <trkpt lat="-0.885751" lon="36.443152">
        <ele>2123.484375</ele>
      </trkpt>
      <trkpt lat="-0.885708" lon="36.443088">
        <ele>2123.3476562</ele>
      </trkpt>
      <trkpt lat="-0.885665" lon="36.443045">
        <ele>2123.2226562</ele>
      </trkpt>
      <trkpt lat="-0.88558" lon="36.442852">
        <ele>2122.7734375</ele>
      </trkpt>
      <trkpt lat="-0.885515" lon="36.44253">
        <ele>2121.8085937</ele>
      </trkpt>
      <trkpt lat="-0.885451" lon="36.442358">
        <ele>2121.2265625</ele>
      </trkpt>
      <trkpt lat="-0.885429" lon="36.44223">
        <ele>2120.8554687</ele>
      </trkpt>
      <trkpt lat="-0.885365" lon="36.442058">
        <ele>2120.3242187</ele>
      </trkpt>
      <trkpt lat="-0.885344" lon="36.441908">
        <ele>2119.9101562</ele>
      </trkpt>
      <trkpt lat="-0.885322" lon="36.441629">
        <ele>2119.1757812</ele>
      </trkpt>
      <trkpt lat="-0.885215" lon="36.441286">
        <ele>2118.5117187</ele>
      </trkpt>
      <trkpt lat="-0.885108" lon="36.441071">
        <ele>2117.96875</ele>
      </trkpt>
      <trkpt lat="-0.885086" lon="36.440964">
        <ele>2117.1523437</ele>
      </trkpt>
      <trkpt lat="-0.885" lon="36.440728">
        <ele>2115.4921875</ele>
      </trkpt>
      <trkpt lat="-0.884871" lon="36.440277">
        <ele>2112.2773437</ele>
      </trkpt>
      <trkpt lat="-0.884829" lon="36.440213">
        <ele>2111.625</ele>
      </trkpt>
      <trkpt lat="-0.884764" lon="36.440084">
        <ele>2110.140625</ele>
      </trkpt>
      <trkpt lat="-0.884721" lon="36.440041">
        <ele>2109.640625</ele>
      </trkpt>
      <trkpt lat="-0.884678" lon="36.439977">
        <ele>2108.8164062</ele>
      </trkpt>
      <trkpt lat="-0.88455" lon="36.439869">
        <ele>2107.3320312</ele>
      </trkpt>
      <trkpt lat="-0.884507" lon="36.4398259">
        <ele>2106.671875</ele>
      </trkpt>
      <trkpt lat="-0.884378" lon="36.439741">
        <ele>2105.4140625</ele>
      </trkpt>
      <trkpt lat="-0.884314" lon="36.4397189">
        <ele>2105.1679687</ele>
      </trkpt>
      <trkpt lat="-0.884271" lon="36.439655">
        <ele>2104.2734375</ele>
      </trkpt>
      <trkpt lat="-0.884206" lon="36.4396119">
        <ele>2103.7539062</ele>
      </trkpt>
      <trkpt lat="-0.884078" lon="36.439483">
        <ele>2102.1835937</ele>
      </trkpt>
      <trkpt lat="-0.884035" lon="36.439462">
        <ele>2102.0195312</ele>
      </trkpt>
      <trkpt lat="-0.883777" lon="36.439161">
        <ele>2101.6796875</ele>
      </trkpt>
      <trkpt lat="-0.883563" lon="36.438882">
        <ele>2100.6210937</ele>
      </trkpt>
      <trkpt lat="-0.88352" lon="36.438839">
        <ele>2100.2265625</ele>
      </trkpt>
      <trkpt lat="-0.883391" lon="36.438539">
        <ele>2098.1328125</ele>
      </trkpt>
      <trkpt lat="-0.883369" lon="36.438432">
        <ele>2097.8046875</ele>
      </trkpt>
      <trkpt lat="-0.883327" lon="36.4379599">
        <ele>2096.796875</ele>
      </trkpt>
      <trkpt lat="-0.883348" lon="36.437852">
        <ele>2096.7382812</ele>
      </trkpt>
      <trkpt lat="-0.883391" lon="36.437681">
        <ele>2097.2226562</ele>
      </trkpt>
      <trkpt lat="-0.883434" lon="36.437573">
        <ele>2097.734375</ele>
      </trkpt>
      <trkpt lat="-0.883455" lon="36.4375519">
        <ele>2097.8867187</ele>
      </trkpt>
      <trkpt lat="-0.883455" lon="36.4358999">
        <ele>2103.5976562</ele>
      </trkpt>
      <trkpt lat="-0.883391" lon="36.435707">
        <ele>2103.5117187</ele>
      </trkpt>
      <trkpt lat="-0.883348" lon="36.435513">
        <ele>2103.484375</ele>
      </trkpt>
      <trkpt lat="-0.883284" lon="36.43532">
        <ele>2103.3320312</ele>
      </trkpt>
      <trkpt lat="-0.883219" lon="36.435084">
        <ele>2103.0273437</ele>
      </trkpt>
      <trkpt lat="-0.883176" lon="36.4348699">
        <ele>2102.9179687</ele>
      </trkpt>
      <trkpt lat="-0.883133" lon="36.434698">
        <ele>2102.8945312</ele>
      </trkpt>
      <trkpt lat="-0.883112" lon="36.434505">
        <ele>2102.9765625</ele>
      </trkpt>
      <trkpt lat="-0.883069" lon="36.434419">
        <ele>2103.0195312</ele>
      </trkpt>
      <trkpt lat="-0.883005" lon="36.43414">
        <ele>2103.0976562</ele>
      </trkpt>
      <trkpt lat="-0.882962" lon="36.434076">
        <ele>2103.09375</ele>
      </trkpt>
      <trkpt lat="-0.882919" lon="36.434033">
        <ele>2103.078125</ele>
      </trkpt>
      <trkpt lat="-0.882876" lon="36.433883">
        <ele>2103.0664062</ele>
      </trkpt>
      <trkpt lat="-0.882747" lon="36.433775">
        <ele>2102.8046875</ele>
      </trkpt>
      <trkpt lat="-0.882618" lon="36.433539">
        <ele>2102.1328125</ele>
      </trkpt>
      <trkpt lat="-0.882576" lon="36.433518">
        <ele>2101.9257812</ele>
      </trkpt>
      <trkpt lat="-0.882447" lon="36.433282">
        <ele>2100.8984375</ele>
      </trkpt>
      <trkpt lat="-0.882318" lon="36.433175">
        <ele>2100.1757812</ele>
      </trkpt>
      <trkpt lat="-0.882275" lon="36.433067">
        <ele>2099.7617187</ele>
      </trkpt>
      <trkpt lat="-0.882168" lon="36.432917">
        <ele>2099.015625</ele>
      </trkpt>
      <trkpt lat="-0.882125" lon="36.432788">
        <ele>2098.5507812</ele>
      </trkpt>
      <trkpt lat="-0.882061" lon="36.4327029">
        <ele>2098.1132812</ele>
      </trkpt>
      <trkpt lat="-0.881996" lon="36.432531">
        <ele>2097.46875</ele>
      </trkpt>
      <trkpt lat="-0.88191" lon="36.432381">
        <ele>2096.9257812</ele>
      </trkpt>
      <trkpt lat="-0.881867" lon="36.432295">
        <ele>2096.6679687</ele>
      </trkpt>
      <trkpt lat="-0.881803" lon="36.432209">
        <ele>2096.3867187</ele>
      </trkpt>
      <trkpt lat="-0.88176" lon="36.432102">
        <ele>2096.0742187</ele>
      </trkpt>
      <trkpt lat="-0.881717" lon="36.432059">
        <ele>2095.921875</ele>
      </trkpt>
      <trkpt lat="-0.881674" lon="36.431994">
        <ele>2095.7148437</ele>
      </trkpt>
      <trkpt lat="-0.88161" lon="36.431973">
        <ele>2095.5859375</ele>
      </trkpt>
      <trkpt lat="-0.881588" lon="36.43193">
        <ele>2095.7226562</ele>
      </trkpt>
      <trkpt lat="-0.881438" lon="36.43178">
        <ele>2096.078125</ele>
      </trkpt>
      <trkpt lat="-0.881267" lon="36.431522">
        <ele>2096.5</ele>
      </trkpt>
      <trkpt lat="-0.881224" lon="36.431415">
        <ele>2096.6679687</ele>
      </trkpt>
      <trkpt lat="-0.881031" lon="36.431072">
        <ele>2096.609375</ele>
      </trkpt>
      <trkpt lat="-0.880859" lon="36.430836">
        <ele>2096.1757812</ele>
      </trkpt>
      <trkpt lat="-0.880837" lon="36.43075">
        <ele>2096.2226562</ele>
      </trkpt>
      <trkpt lat="-0.880687" lon="36.430492">
        <ele>2096.0585937</ele>
      </trkpt>
      <trkpt lat="-0.880644" lon="36.430364">
        <ele>2096.1367187</ele>
      </trkpt>
      <trkpt lat="-0.880601" lon="36.430299">
        <ele>2096.0898437</ele>
      </trkpt>
      <trkpt lat="-0.880537" lon="36.430171">
        <ele>2095.7070312</ele>
      </trkpt>
      <trkpt lat="-0.880537" lon="36.429956">
        <ele>2095.4492187</ele>
      </trkpt>
      <trkpt lat="-0.880558" lon="36.429849">
        <ele>2095.3945312</ele>
      </trkpt>
      <trkpt lat="-0.880644" lon="36.42957">
        <ele>2095.3710937</ele>
      </trkpt>
      <trkpt lat="-0.880687" lon="36.429484">
        <ele>2095.421875</ele>
      </trkpt>
      <trkpt lat="-0.880709" lon="36.429355">
        <ele>2095.2773437</ele>
      </trkpt>
      <trkpt lat="-0.88076" lon="36.429352">
        <ele>2095.4296875</ele>
      </trkpt>
      <trkpt lat="-0.877974" lon="36.427914">
        <ele>2093.3476562</ele>
      </trkpt>
      <trkpt lat="-0.87615" lon="36.426817">
        <ele>2085.828125</ele>
      </trkpt>
      <trkpt lat="-0.873829" lon="36.425689">
        <ele>2078.3359375</ele>
      </trkpt>
      <trkpt lat="-0.872615" lon="36.424998">
        <ele>2067.578125</ele>
      </trkpt>
      <trkpt lat="-0.871752" lon="36.423611">
        <ele>2064.5078125</ele>
      </trkpt>
      <trkpt lat="-0.871706" lon="36.421067">
        <ele>2054.5234375</ele>
      </trkpt>
      <trkpt lat="-0.871932" lon="36.419498">
        <ele>2051.0507812</ele>
      </trkpt>
      <trkpt lat="-0.871957" lon="36.417858">
        <ele>2051.9257812</ele>
      </trkpt>
      <trkpt lat="-0.871845" lon="36.417188">
        <ele>2049.8320312</ele>
      </trkpt>
      <trkpt lat="-0.871176" lon="36.416188">
        <ele>2046.1132812</ele>
      </trkpt>
      <trkpt lat="-0.86916" lon="36.414905">
        <ele>2038.90625</ele>
      </trkpt>
      <trkpt lat="-0.8668" lon="36.413646">
        <ele>2034.7929687</ele>
      </trkpt>
      <trkpt lat="-0.866175" lon="36.4131519">
        <ele>2032.8554687</ele>
      </trkpt>
      <trkpt lat="-0.865624" lon="36.413143">
        <ele>2033.9101562</ele>
      </trkpt>
      <trkpt lat="-0.862349" lon="36.411275">
        <ele>2024.2890625</ele>
      </trkpt>
      <trkpt lat="-0.857914" lon="36.408802">
        <ele>2019.9804687</ele>
      </trkpt>
      <trkpt lat="-0.856094" lon="36.405667">
        <ele>2012.6757812</ele>
      </trkpt>
      <trkpt lat="-0.855105" lon="36.403946">
        <ele>2010.7304687</ele>
      </trkpt>
      <trkpt lat="-0.851816" lon="36.400018">
        <ele>1991.2695312</ele>
      </trkpt>
      <trkpt lat="-0.850457" lon="36.399236">
        <ele>1990.3398437</ele>
      </trkpt>
      <trkpt lat="-0.850062" lon="36.397608">
        <ele>1979.5859375</ele>
      </trkpt>
      <trkpt lat="-0.848194" lon="36.395684">
        <ele>1968.578125</ele>
      </trkpt>
      <trkpt lat="-0.848072" lon="36.395774">
        <ele>1969.4414062</ele>
      </trkpt>
      <trkpt lat="-0.847535" lon="36.395752">
        <ele>1968.2148437</ele>
      </trkpt>
      <trkpt lat="-0.845969" lon="36.395559">
        <ele>1961.71875</ele>
      </trkpt>
      <trkpt lat="-0.840862" lon="36.3938429">
        <ele>1951.3515625</ele>
      </trkpt>
      <trkpt lat="-0.8349609" lon="36.392062">
        <ele>1940.7382812</ele>
      </trkpt>
      <trkpt lat="-0.833952" lon="36.391761">
        <ele>1939.1953125</ele>
      </trkpt>
      <trkpt lat="-0.832429" lon="36.391718">
        <ele>1934.46875</ele>
      </trkpt>
      <trkpt lat="-0.830433" lon="36.391826">
        <ele>1936.2929687</ele>
      </trkpt>
      <trkpt lat="-0.827923" lon="36.392062">
        <ele>1925.1328125</ele>
      </trkpt>
      <trkpt lat="-0.825047" lon="36.392577">
        <ele>1924.15625</ele>
      </trkpt>
      <trkpt lat="-0.821829" lon="36.3933279">
        <ele>1917.9804687</ele>
      </trkpt>
      <trkpt lat="-0.820885" lon="36.393692">
        <ele>1920.6367187</ele>
      </trkpt>
      <trkpt lat="-0.819232" lon="36.394722">
        <ele>1921.1015625</ele>
      </trkpt>
      <trkpt lat="-0.81876" lon="36.395044">
        <ele>1918.9960937</ele>
      </trkpt>
      <trkpt lat="-0.817666" lon="36.395345">
        <ele>1918.4960937</ele>
      </trkpt>
      <trkpt lat="-0.816958" lon="36.3953879">
        <ele>1916.5429687</ele>
      </trkpt>
      <trkpt lat="-0.816078" lon="36.395173">
        <ele>1914.2148437</ele>
      </trkpt>
      <trkpt lat="-0.817859" lon="36.392148">
        <ele>1910.8554687</ele>
      </trkpt>
      <trkpt lat="-0.821013" lon="36.386118">
        <ele>1897.140625</ele>
      </trkpt>
      <trkpt lat="-0.821249" lon="36.385818">
        <ele>1898.875</ele>
      </trkpt>
      <trkpt lat="-0.822022" lon="36.385045">
        <ele>1898.9140625</ele>
      </trkpt>
      <trkpt lat="-0.822451" lon="36.384745">
        <ele>1898.09375</ele>
      </trkpt>
      <trkpt lat="-0.8228799" lon="36.384273">
        <ele>1896.9335937</ele>
      </trkpt>
      <trkpt lat="-0.823181" lon="36.3837789">
        <ele>1897.890625</ele>
      </trkpt>
      <trkpt lat="-0.823567" lon="36.382899">
        <ele>1898.1992187</ele>
      </trkpt>
      <trkpt lat="-0.827236" lon="36.374896">
        <ele>1899.8242187</ele>
      </trkpt>
      <trkpt lat="-0.828223" lon="36.373394">
        <ele>1899.9804687</ele>
      </trkpt>
      <trkpt lat="-0.8349609" lon="36.365626">
        <ele>1894.265625</ele>
      </trkpt>
      <trkpt lat="-0.83569" lon="36.364768">
        <ele>1896.6210937</ele>
      </trkpt>
      <trkpt lat="-0.837386" lon="36.362836">
        <ele>1895.9414062</ele>
      </trkpt>
      <trkpt lat="-0.837965" lon="36.362128">
        <ele>1896.4804687</ele>
      </trkpt>
      <trkpt lat="-0.838244" lon="36.36157">
        <ele>1895.9570312</ele>
      </trkpt>
      <trkpt lat="-0.838459" lon="36.360991">
        <ele>1896.3984375</ele>
      </trkpt>
      <trkpt lat="-0.838544" lon="36.3604119">
        <ele>1898.0625</ele>
      </trkpt>
      <trkpt lat="-0.838544" lon="36.359811">
        <ele>1900.2109375</ele>
      </trkpt>
      <trkpt lat="-0.838459" lon="36.35936">
        <ele>1900.578125</ele>
      </trkpt>
      <trkpt lat="-0.838308" lon="36.35891">
        <ele>1899.3710937</ele>
      </trkpt>
      <trkpt lat="-0.838115" lon="36.358459">
        <ele>1898.96875</ele>
      </trkpt>
      <trkpt lat="-0.837836" lon="36.358094">
        <ele>1898.734375</ele>
      </trkpt>
      <trkpt lat="-0.83745" lon="36.357687">
        <ele>1899.1054687</ele>
      </trkpt>
      <trkpt lat="-0.836935" lon="36.357172">
        <ele>1898.9101562</ele>
      </trkpt>
      <trkpt lat="-0.836699" lon="36.356914">
        <ele>1898.6523437</ele>
      </trkpt>
      <trkpt lat="-0.836463" lon="36.356571">
        <ele>1898.3671875</ele>
      </trkpt>
      <trkpt lat="-0.83627" lon="36.356206">
        <ele>1898.1367187</ele>
      </trkpt>
      <trkpt lat="-0.836141" lon="36.355691">
        <ele>1897.4023437</ele>
      </trkpt>
      <trkpt lat="-0.8349609" lon="36.35185">
        <ele>1900.5625</ele>
      </trkpt>
      <trkpt lat="-0.834939" lon="36.351807">
        <ele>1900.5390625</ele>
      </trkpt>
      <trkpt lat="-0.834467" lon="36.350219">
        <ele>1899.2929687</ele>
      </trkpt>
      <trkpt lat="-0.833802" lon="36.348052">
        <ele>1904.7617187</ele>
      </trkpt>
      <trkpt lat="-0.832" lon="36.341572">
        <ele>1909.7382812</ele>
      </trkpt>
      <trkpt lat="-0.831678" lon="36.340885">
        <ele>1911.6875</ele>
      </trkpt>
      <trkpt lat="-0.831292" lon="36.340327">
        <ele>1910.90625</ele>
      </trkpt>
      <trkpt lat="-0.828846" lon="36.336873">
        <ele>1916.2109375</ele>
      </trkpt>
      <trkpt lat="-0.828116" lon="36.335821">
        <ele>1919.921875</ele>
      </trkpt>
      <trkpt lat="-0.827816" lon="36.335263">
        <ele>1918.8515625</ele>
      </trkpt>
      <trkpt lat="-0.8276869" lon="36.3349199">
        <ele>1917.375</ele>
      </trkpt>
      <trkpt lat="-0.827622" lon="36.334662">
        <ele>1916.5585937</ele>
      </trkpt>
      <trkpt lat="-0.827451" lon="36.334641">
        <ele>1914.5195312</ele>
      </trkpt>
      <trkpt lat="-0.827386" lon="36.334577">
        <ele>1913.7148437</ele>
      </trkpt>
      <trkpt lat="-0.827322" lon="36.33419">
        <ele>1912.6640625</ele>
      </trkpt>
      <trkpt lat="-0.827236" lon="36.334147">
        <ele>1911.5585937</ele>
      </trkpt>
      <trkpt lat="-0.827129" lon="36.334169">
        <ele>1910.2304687</ele>
      </trkpt>
      <trkpt lat="-0.827" lon="36.334212">
        <ele>1908.671875</ele>
      </trkpt>
      <trkpt lat="-0.826893" lon="36.334255">
        <ele>1908.2578125</ele>
      </trkpt>
      <trkpt lat="-0.826871" lon="36.334276">
        <ele>1908.203125</ele>
      </trkpt>
      <trkpt lat="-0.826743" lon="36.334426">
        <ele>1907.9257812</ele>
      </trkpt>
      <trkpt lat="-0.8267" lon="36.334705">
        <ele>1908.0703125</ele>
      </trkpt>
      <trkpt lat="-0.826678" lon="36.334941">
        <ele>1908.1601562</ele>
      </trkpt>
      <trkpt lat="-0.826614" lon="36.335049">
        <ele>1907.9609375</ele>
      </trkpt>
      <trkpt lat="-0.826528" lon="36.335135">
        <ele>1907.6328125</ele>
      </trkpt>
      <trkpt lat="-0.826442" lon="36.335177">
        <ele>1907.265625</ele>
      </trkpt>
      <trkpt lat="-0.826271" lon="36.33522">
        <ele>1905.9</ele>
      </trkpt>
      <trkpt lat="-0.82601" lon="36.33538">
        <ele>1903.5</ele>
      </trkpt>
      <trkpt lat="-0.826" lon="36.33535">
        <ele>1903.6</ele>
      </trkpt>
      <trkpt lat="-0.82599" lon="36.33535">
        <ele>1903.6</ele>
      </trkpt>
      <trkpt lat="-0.82595" lon="36.33528">
        <ele>1903.9</ele>
      </trkpt>
      <trkpt lat="-0.82592" lon="36.3352099">
        <ele>1904.4</ele>
      </trkpt>
      <trkpt lat="-0.82591" lon="36.33517">
        <ele>1904.7</ele>
      </trkpt>
      <trkpt lat="-0.82591" lon="36.3350099">
        <ele>1906.1</ele>
      </trkpt>
      <trkpt lat="-0.82596" lon="36.3348299">
        <ele>1905.9</ele>
      </trkpt>
      <trkpt lat="-0.82602" lon="36.33464">
        <ele>1905.6</ele>
      </trkpt>
    </trkseg>
  </trk>
</gpx>