<?xml version="1.0" encoding="UTF-8"?>
<gpx xmlns="http://www.topografix.com/GPX/1/1" xmlns:xsi="http://www.w3.org/2001/XMLSchema-instance" xsi:schemaLocation="http://www.topografix.com/GPX/1/1 http://www.topografix.com/GPX/1/1/gpx.xsd" version="1.1" creator="gpx.py -- https://github.com/tkrajina/gpxpy">
  <trk>
    <name>Optional: Fisherman's Camp to Eburru Earth Camp via Hell's Gate</name>
    <trkseg>
      <trkpt lat="-0.82602" lon="36.33464">
        <ele>1905.6</ele>
      </trkpt>
      <trkpt lat="-0.82606" lon="36.33455">
        <ele>1905.5</ele>
      </trkpt>
      <trkpt lat="-0.8260999" lon="36.3345">
        <ele>1905.4</ele>
      </trkpt>
      <trkpt lat="-0.82611" lon="36.33449">
        <ele>1905.4</ele>
      </trkpt>
      <trkpt lat="-0.82615" lon="36.3344499">
        <ele>1905.4</ele>
      </trkpt>
      <trkpt lat="-0.8262699" lon="36.33438">
        <ele>1905.6</ele>
      </trkpt>
      <trkpt lat="-0.82635" lon="36.3343599">
        <ele>1905.7</ele>
      </trkpt>
      <trkpt lat="-0.82645" lon="36.33433">
        <ele>1905.9</ele>
      </trkpt>
      <trkpt lat="-0.82655" lon="36.33431">
        <ele>1906.1</ele>
      </trkpt>
      <trkpt lat="-0.82675" lon="36.33426">
        <ele>1906.8</ele>
      </trkpt>
      <trkpt lat="-0.82676" lon="36.33426">
        <ele>1906.9</ele>
      </trkpt>
      <trkpt lat="-0.8270499" lon="36.33417">
        <ele>1908.8</ele>
      </trkpt>
      <trkpt lat="-0.82715" lon="36.33414">
        <ele>1909.5</ele>
      </trkpt>
      <trkpt lat="-0.82718" lon="36.33414">
        <ele>1909.7</ele>
      </trkpt>
      <trkpt lat="-0.82723" lon="36.33415">
        <ele>1910.1</ele>
      </trkpt>
      <trkpt lat="-0.82728" lon="36.33415">
        <ele>1910.4</ele>
      </trkpt>
      <trkpt lat="-0.82732" lon="36.33415">
        <ele>1910.7</ele>
      </trkpt>
      <trkpt lat="-0.82736" lon="36.33415">
        <ele>1911.0</ele>
      </trkpt>
      <trkpt lat="-0.8274399" lon="36.33414">
        <ele>1911.6</ele>
      </trkpt>
      <trkpt lat="-0.8274399" lon="36.33414">
        <ele>1911.6</ele>
      </trkpt>
      <trkpt lat="-0.82747" lon="36.33425">
        <ele>1912.1</ele>
      </trkpt>
      <trkpt lat="-0.82752" lon="36.33451">
        <ele>1913.6</ele>
      </trkpt>
      <trkpt lat="-0.82754" lon="36.33458">
        <ele>1914.3</ele>
      </trkpt>
      <trkpt lat="-0.82761" lon="36.33484">
        <ele>1916.4</ele>
      </trkpt>
      <trkpt lat="-0.82767" lon="36.33503">
        <ele>1917.7</ele>
      </trkpt>
      <trkpt lat="-0.82769" lon="36.33509">
        <ele>1917.8</ele>
      </trkpt>
      <trkpt lat="-0.82781" lon="36.33538">
        <ele>1918.3</ele>
      </trkpt>
      <trkpt lat="-0.82787" lon="36.33549">
        <ele>1918.7</ele>
      </trkpt>
      <trkpt lat="-0.828" lon="36.33574">
        <ele>1919.1</ele>
      </trkpt>
      <trkpt lat="-0.82804" lon="36.33581">
        <ele>1919.3</ele>
      </trkpt>
      <trkpt lat="-0.8280999" lon="36.33591">
        <ele>1919.3</ele>
      </trkpt>
      <trkpt lat="-0.82836" lon="36.33628">
        <ele>1917.9</ele>
      </trkpt>
      <trkpt lat="-0.82841" lon="36.33635">
        <ele>1917.5</ele>
      </trkpt>
      <trkpt lat="-0.82876" lon="36.33684">
        <ele>1915.4</ele>
      </trkpt>
      <trkpt lat="-0.82887" lon="36.337">
        <ele>1915.0</ele>
      </trkpt>
      <trkpt lat="-0.82979" lon="36.33831">
        <ele>1910.3</ele>
      </trkpt>
      <trkpt lat="-0.83009" lon="36.33874">
        <ele>1912.2</ele>
      </trkpt>
      <trkpt lat="-0.83036" lon="36.33911">
        <ele>1912.9</ele>
      </trkpt>
      <trkpt lat="-0.83053" lon="36.33935">
        <ele>1912.5</ele>
      </trkpt>
      <trkpt lat="-0.83064" lon="36.33951">
        <ele>1911.9</ele>
      </trkpt>
      <trkpt lat="-0.83077" lon="36.3397">
        <ele>1911.0</ele>
      </trkpt>
      <trkpt lat="-0.83094" lon="36.33994">
        <ele>1909.7</ele>
      </trkpt>
      <trkpt lat="-0.83109" lon="36.34015">
        <ele>1909.7</ele>
      </trkpt>
      <trkpt lat="-0.83121" lon="36.34033">
        <ele>1910.3</ele>
      </trkpt>
      <trkpt lat="-0.83138" lon="36.34059">
        <ele>1911.2</ele>
      </trkpt>
      <trkpt lat="-0.83145" lon="36.34068">
        <ele>1911.7</ele>
      </trkpt>
      <trkpt lat="-0.83157" lon="36.34089">
        <ele>1912.1</ele>
      </trkpt>
      <trkpt lat="-0.8317099" lon="36.34115">
        <ele>1910.6</ele>
      </trkpt>
      <trkpt lat="-0.83187" lon="36.34154">
        <ele>1908.4</ele>
      </trkpt>
      <trkpt lat="-0.8319299" lon="36.34171">
        <ele>1907.8</ele>
      </trkpt>
      <trkpt lat="-0.83198" lon="36.34185">
        <ele>1907.8</ele>
      </trkpt>
      <trkpt lat="-0.83203" lon="36.34201">
        <ele>1907.7</ele>
      </trkpt>
      <trkpt lat="-0.83213" lon="36.34235">
        <ele>1907.1</ele>
      </trkpt>
      <trkpt lat="-0.83229" lon="36.3429">
        <ele>1907.3</ele>
      </trkpt>
      <trkpt lat="-0.83233" lon="36.34303">
        <ele>1907.6</ele>
      </trkpt>
      <trkpt lat="-0.83237" lon="36.34319">
        <ele>1907.8</ele>
      </trkpt>
      <trkpt lat="-0.8324" lon="36.34329">
        <ele>1907.9</ele>
      </trkpt>
      <trkpt lat="-0.83242" lon="36.3433599">
        <ele>1908.0</ele>
      </trkpt>
      <trkpt lat="-0.83244" lon="36.34343">
        <ele>1907.9</ele>
      </trkpt>
      <trkpt lat="-0.83264" lon="36.34411">
        <ele>1907.4</ele>
      </trkpt>
      <trkpt lat="-0.83267" lon="36.34422">
        <ele>1907.2</ele>
      </trkpt>
      <trkpt lat="-0.8327" lon="36.34433">
        <ele>1906.7</ele>
      </trkpt>
      <trkpt lat="-0.83277" lon="36.34458">
        <ele>1905.4</ele>
      </trkpt>
      <trkpt lat="-0.8328" lon="36.3446799">
        <ele>1904.8</ele>
      </trkpt>
      <trkpt lat="-0.8328" lon="36.3447">
        <ele>1904.6</ele>
      </trkpt>
      <trkpt lat="-0.83288" lon="36.34496">
        <ele>1902.9</ele>
      </trkpt>
      <trkpt lat="-0.83297" lon="36.34527">
        <ele>1902.2</ele>
      </trkpt>
      <trkpt lat="-0.83314" lon="36.34588">
        <ele>1901.4</ele>
      </trkpt>
      <trkpt lat="-0.83314" lon="36.34589">
        <ele>1901.4</ele>
      </trkpt>
      <trkpt lat="-0.83321" lon="36.34614">
        <ele>1900.8</ele>
      </trkpt>
      <trkpt lat="-0.83329" lon="36.34641">
        <ele>1900.3</ele>
      </trkpt>
      <trkpt lat="-0.8333" lon="36.3464699">
        <ele>1900.3</ele>
      </trkpt>
      <trkpt lat="-0.83335" lon="36.34666">
        <ele>1900.1</ele>
      </trkpt>
      <trkpt lat="-0.83343" lon="36.34693">
        <ele>1900.8</ele>
      </trkpt>
      <trkpt lat="-0.83343" lon="36.34695">
        <ele>1900.8</ele>
      </trkpt>
      <trkpt lat="-0.8336" lon="36.34756">
        <ele>1902.8</ele>
      </trkpt>
      <trkpt lat="-0.83367" lon="36.3478">
        <ele>1903.8</ele>
      </trkpt>
      <trkpt lat="-0.83382" lon="36.34832">
        <ele>1905.7</ele>
      </trkpt>
      <trkpt lat="-0.83382" lon="36.34833">
        <ele>1905.7</ele>
      </trkpt>
      <trkpt lat="-0.83398" lon="36.3489099">
        <ele>1903.9</ele>
      </trkpt>
      <trkpt lat="-0.83406" lon="36.34919">
        <ele>1902.8</ele>
      </trkpt>
      <trkpt lat="-0.83411" lon="36.34936">
        <ele>1902.2</ele>
      </trkpt>
      <trkpt lat="-0.83423" lon="36.34976">
        <ele>1900.8</ele>
      </trkpt>
      <trkpt lat="-0.83431" lon="36.35007">
        <ele>1899.8</ele>
      </trkpt>
      <trkpt lat="-0.83434" lon="36.35017">
        <ele>1899.6</ele>
      </trkpt>
      <trkpt lat="-0.83436" lon="36.35025">
        <ele>1899.5</ele>
      </trkpt>
      <trkpt lat="-0.8344" lon="36.35038">
        <ele>1899.2</ele>
      </trkpt>
      <trkpt lat="-0.83453" lon="36.3508">
        <ele>1898.5</ele>
      </trkpt>
      <trkpt lat="-0.83458" lon="36.35095">
        <ele>1898.9</ele>
      </trkpt>
      <trkpt lat="-0.83478" lon="36.3516199">
        <ele>1901.6</ele>
      </trkpt>
      <trkpt lat="-0.83485" lon="36.35183">
        <ele>1901.4</ele>
      </trkpt>
      <trkpt lat="-0.8349299" lon="36.3520899">
        <ele>1900.8</ele>
      </trkpt>
      <trkpt lat="-0.83508" lon="36.3525599">
        <ele>1900.0</ele>
      </trkpt>
      <trkpt lat="-0.8351499" lon="36.3528499">
        <ele>1900.0</ele>
      </trkpt>
      <trkpt lat="-0.83529" lon="36.3533">
        <ele>1900.0</ele>
      </trkpt>
      <trkpt lat="-0.8355" lon="36.35394">
        <ele>1897.8</ele>
      </trkpt>
      <trkpt lat="-0.83559" lon="36.35422">
        <ele>1897.0</ele>
      </trkpt>
      <trkpt lat="-0.83577" lon="36.3548">
        <ele>1897.6</ele>
      </trkpt>
      <trkpt lat="-0.83589" lon="36.35519">
        <ele>1897.7</ele>
      </trkpt>
      <trkpt lat="-0.83603" lon="36.35559">
        <ele>1897.3</ele>
      </trkpt>
      <trkpt lat="-0.83608" lon="36.35572">
        <ele>1897.3</ele>
      </trkpt>
      <trkpt lat="-0.8361499" lon="36.35589">
        <ele>1897.5</ele>
      </trkpt>
      <trkpt lat="-0.83618" lon="36.35599">
        <ele>1897.7</ele>
      </trkpt>
      <trkpt lat="-0.83623" lon="36.35614">
        <ele>1898.0</ele>
      </trkpt>
      <trkpt lat="-0.83627" lon="36.35625">
        <ele>1898.3</ele>
      </trkpt>
      <trkpt lat="-0.83631" lon="36.35635">
        <ele>1898.5</ele>
      </trkpt>
      <trkpt lat="-0.83635" lon="36.35643">
        <ele>1898.8</ele>
      </trkpt>
      <trkpt lat="-0.83641" lon="36.35655">
        <ele>1899.1</ele>
      </trkpt>
      <trkpt lat="-0.83647" lon="36.35666">
        <ele>1899.5</ele>
      </trkpt>
      <trkpt lat="-0.8365" lon="36.35672">
        <ele>1899.5</ele>
      </trkpt>
      <trkpt lat="-0.83651" lon="36.35672">
        <ele>1899.5</ele>
      </trkpt>
      <trkpt lat="-0.83655" lon="36.3567899">
        <ele>1899.4</ele>
      </trkpt>
      <trkpt lat="-0.8366" lon="36.35685">
        <ele>1899.4</ele>
      </trkpt>
      <trkpt lat="-0.83664" lon="36.35691">
        <ele>1899.3</ele>
      </trkpt>
      <trkpt lat="-0.83679" lon="36.35708">
        <ele>1899.1</ele>
      </trkpt>
      <trkpt lat="-0.83683" lon="36.35713">
        <ele>1899.0</ele>
      </trkpt>
      <trkpt lat="-0.83701" lon="36.35732">
        <ele>1899.0</ele>
      </trkpt>
      <trkpt lat="-0.83736" lon="36.35764">
        <ele>1899.4</ele>
      </trkpt>
      <trkpt lat="-0.83744" lon="36.35772">
        <ele>1899.4</ele>
      </trkpt>
      <trkpt lat="-0.8375" lon="36.35777">
        <ele>1899.4</ele>
      </trkpt>
      <trkpt lat="-0.83762" lon="36.3579">
        <ele>1899.1</ele>
      </trkpt>
      <trkpt lat="-0.83768" lon="36.35797">
        <ele>1899.0</ele>
      </trkpt>
      <trkpt lat="-0.83773" lon="36.35803">
        <ele>1898.8</ele>
      </trkpt>
      <trkpt lat="-0.83779" lon="36.3581">
        <ele>1898.7</ele>
      </trkpt>
      <trkpt lat="-0.83784" lon="36.35817">
        <ele>1898.5</ele>
      </trkpt>
      <trkpt lat="-0.83786" lon="36.35819">
        <ele>1898.4</ele>
      </trkpt>
      <trkpt lat="-0.83788" lon="36.35823">
        <ele>1898.3</ele>
      </trkpt>
      <trkpt lat="-0.83792" lon="36.3582899">
        <ele>1898.1</ele>
      </trkpt>
      <trkpt lat="-0.83797" lon="36.35837">
        <ele>1898.1</ele>
      </trkpt>
      <trkpt lat="-0.83807" lon="36.35852">
        <ele>1898.5</ele>
      </trkpt>
      <trkpt lat="-0.83814" lon="36.35865">
        <ele>1899.1</ele>
      </trkpt>
      <trkpt lat="-0.83821" lon="36.3588">
        <ele>1899.8</ele>
      </trkpt>
      <trkpt lat="-0.83822" lon="36.35881">
        <ele>1899.9</ele>
      </trkpt>
      <trkpt lat="-0.83827" lon="36.35891">
        <ele>1900.5</ele>
      </trkpt>
      <trkpt lat="-0.83832" lon="36.35905">
        <ele>1901.4</ele>
      </trkpt>
      <trkpt lat="-0.83838" lon="36.3592">
        <ele>1901.9</ele>
      </trkpt>
      <trkpt lat="-0.83842" lon="36.35936">
        <ele>1901.5</ele>
      </trkpt>
      <trkpt lat="-0.83844" lon="36.35944">
        <ele>1901.3</ele>
      </trkpt>
      <trkpt lat="-0.83847" lon="36.35955">
        <ele>1901.0</ele>
      </trkpt>
      <trkpt lat="-0.83849" lon="36.35965">
        <ele>1900.7</ele>
      </trkpt>
      <trkpt lat="-0.83849" lon="36.35967">
        <ele>1900.7</ele>
      </trkpt>
      <trkpt lat="-0.8385" lon="36.35975">
        <ele>1900.5</ele>
      </trkpt>
      <trkpt lat="-0.83851" lon="36.35987">
        <ele>1900.1</ele>
      </trkpt>
      <trkpt lat="-0.83852" lon="36.3599699">
        <ele>1899.9</ele>
      </trkpt>
      <trkpt lat="-0.83852" lon="36.36006">
        <ele>1899.6</ele>
      </trkpt>
      <trkpt lat="-0.83852" lon="36.36023">
        <ele>1898.9</ele>
      </trkpt>
      <trkpt lat="-0.83851" lon="36.3604">
        <ele>1898.3</ele>
      </trkpt>
      <trkpt lat="-0.83851" lon="36.36051">
        <ele>1898.0</ele>
      </trkpt>
      <trkpt lat="-0.83849" lon="36.36067">
        <ele>1897.4</ele>
      </trkpt>
      <trkpt lat="-0.83848" lon="36.36077">
        <ele>1897.1</ele>
      </trkpt>
      <trkpt lat="-0.83846" lon="36.36087">
        <ele>1896.9</ele>
      </trkpt>
      <trkpt lat="-0.8384" lon="36.36109">
        <ele>1896.9</ele>
      </trkpt>
      <trkpt lat="-0.8384" lon="36.3611099">
        <ele>1896.9</ele>
      </trkpt>
      <trkpt lat="-0.83833" lon="36.3612899">
        <ele>1897.0</ele>
      </trkpt>
      <trkpt lat="-0.83828" lon="36.36143">
        <ele>1896.8</ele>
      </trkpt>
      <trkpt lat="-0.83823" lon="36.36155">
        <ele>1896.7</ele>
      </trkpt>
      <trkpt lat="-0.83819" lon="36.36164">
        <ele>1896.6</ele>
      </trkpt>
      <trkpt lat="-0.83814" lon="36.36175">
        <ele>1896.6</ele>
      </trkpt>
      <trkpt lat="-0.83813" lon="36.3617599">
        <ele>1896.6</ele>
      </trkpt>
      <trkpt lat="-0.83807" lon="36.36187">
        <ele>1896.5</ele>
      </trkpt>
      <trkpt lat="-0.83794" lon="36.36209">
        <ele>1896.3</ele>
      </trkpt>
      <trkpt lat="-0.83794" lon="36.36209">
        <ele>1896.3</ele>
      </trkpt>
      <trkpt lat="-0.83836" lon="36.3623199">
        <ele>1897.9</ele>
      </trkpt>
      <trkpt lat="-0.83839" lon="36.36234">
        <ele>1898.0</ele>
      </trkpt>
      <trkpt lat="-0.8385899" lon="36.36245">
        <ele>1898.8</ele>
      </trkpt>
      <trkpt lat="-0.8396" lon="36.36301">
        <ele>1901.6</ele>
      </trkpt>
      <trkpt lat="-0.83967" lon="36.36304">
        <ele>1901.9</ele>
      </trkpt>
      <trkpt lat="-0.83973" lon="36.36307">
        <ele>1902.2</ele>
      </trkpt>
      <trkpt lat="-0.83992" lon="36.36318">
        <ele>1903.2</ele>
      </trkpt>
      <trkpt lat="-0.84057" lon="36.36353">
        <ele>1906.3</ele>
      </trkpt>
      <trkpt lat="-0.84078" lon="36.3636399">
        <ele>1907.3</ele>
      </trkpt>
      <trkpt lat="-0.84086" lon="36.36369">
        <ele>1907.7</ele>
      </trkpt>
      <trkpt lat="-0.84102" lon="36.36377">
        <ele>1908.0</ele>
      </trkpt>
      <trkpt lat="-0.8415" lon="36.36403">
        <ele>1907.6</ele>
      </trkpt>
      <trkpt lat="-0.84157" lon="36.36406">
        <ele>1907.4</ele>
      </trkpt>
      <trkpt lat="-0.84182" lon="36.36419">
        <ele>1907.0</ele>
      </trkpt>
      <trkpt lat="-0.84189" lon="36.36423">
        <ele>1907.1</ele>
      </trkpt>
      <trkpt lat="-0.84221" lon="36.36439">
        <ele>1907.5</ele>
      </trkpt>
      <trkpt lat="-0.84228" lon="36.36442">
        <ele>1907.7</ele>
      </trkpt>
      <trkpt lat="-0.84262" lon="36.3646">
        <ele>1909.4</ele>
      </trkpt>
      <trkpt lat="-0.84277" lon="36.3647">
        <ele>1910.8</ele>
      </trkpt>
      <trkpt lat="-0.84284" lon="36.36474">
        <ele>1911.4</ele>
      </trkpt>
      <trkpt lat="-0.84296" lon="36.36482">
        <ele>1912.3</ele>
      </trkpt>
      <trkpt lat="-0.84312" lon="36.3649">
        <ele>1913.5</ele>
      </trkpt>
      <trkpt lat="-0.84372" lon="36.36521">
        <ele>1915.2</ele>
      </trkpt>
      <trkpt lat="-0.8442" lon="36.36545">
        <ele>1917.2</ele>
      </trkpt>
      <trkpt lat="-0.84459" lon="36.36566">
        <ele>1917.9</ele>
      </trkpt>
      <trkpt lat="-0.84526" lon="36.3659899">
        <ele>1918.8</ele>
      </trkpt>
      <trkpt lat="-0.84559" lon="36.3661699">
        <ele>1920.3</ele>
      </trkpt>
      <trkpt lat="-0.84596" lon="36.36636">
        <ele>1922.1</ele>
      </trkpt>
      <trkpt lat="-0.84672" lon="36.36678">
        <ele>1923.7</ele>
      </trkpt>
      <trkpt lat="-0.84749" lon="36.36718">
        <ele>1929.1</ele>
      </trkpt>
      <trkpt lat="-0.84841" lon="36.3676699">
        <ele>1934.2</ele>
      </trkpt>
      <trkpt lat="-0.84864" lon="36.36781">
        <ele>1936.2</ele>
      </trkpt>
      <trkpt lat="-0.84931" lon="36.3682299">
        <ele>1938.0</ele>
      </trkpt>
      <trkpt lat="-0.84952" lon="36.36834">
        <ele>1938.3</ele>
      </trkpt>
      <trkpt lat="-0.84984" lon="36.36851">
        <ele>1939.4</ele>
      </trkpt>
      <trkpt lat="-0.84989" lon="36.36854">
        <ele>1939.4</ele>
      </trkpt>
      <trkpt lat="-0.84994" lon="36.36855">
        <ele>1939.7</ele>
      </trkpt>
      <trkpt lat="-0.84999" lon="36.36857">
        <ele>1939.8</ele>
      </trkpt>
      <trkpt lat="-0.85003" lon="36.36857">
        <ele>1940.0</ele>
      </trkpt>
      <trkpt lat="-0.85008" lon="36.36858">
        <ele>1940.0</ele>
      </trkpt>
      <trkpt lat="-0.85012" lon="36.36857">
        <ele>1940.2</ele>
      </trkpt>
      <trkpt lat="-0.85022" lon="36.36855">
        <ele>1940.7</ele>
      </trkpt>
      <trkpt lat="-0.8503" lon="36.36854">
        <ele>1941.1</ele>
      </trkpt>
      <trkpt lat="-0.85037" lon="36.36854">
        <ele>1941.3</ele>
      </trkpt>
      <trkpt lat="-0.85058" lon="36.3685199">
        <ele>1942.1</ele>
      </trkpt>
      <trkpt lat="-0.85068" lon="36.3685199">
        <ele>1942.3</ele>
      </trkpt>
      <trkpt lat="-0.85073" lon="36.3685199">
        <ele>1942.5</ele>
      </trkpt>
      <trkpt lat="-0.85077" lon="36.36853">
        <ele>1942.5</ele>
      </trkpt>
      <trkpt lat="-0.85088" lon="36.36854">
        <ele>1942.9</ele>
      </trkpt>
      <trkpt lat="-0.85112" lon="36.3686">
        <ele>1943.9</ele>
      </trkpt>
      <trkpt lat="-0.8516" lon="36.36872">
        <ele>1945.9</ele>
      </trkpt>
      <trkpt lat="-0.8517" lon="36.36875">
        <ele>1946.2</ele>
      </trkpt>
      <trkpt lat="-0.85175" lon="36.36877">
        <ele>1946.2</ele>
      </trkpt>
      <trkpt lat="-0.8518" lon="36.36879">
        <ele>1946.2</ele>
      </trkpt>
      <trkpt lat="-0.8518" lon="36.36879">
        <ele>1946.2</ele>
      </trkpt>
      <trkpt lat="-0.85192" lon="36.36883">
        <ele>1946.3</ele>
      </trkpt>
      <trkpt lat="-0.85201" lon="36.36886">
        <ele>1946.3</ele>
      </trkpt>
      <trkpt lat="-0.85213" lon="36.36891">
        <ele>1946.0</ele>
      </trkpt>
      <trkpt lat="-0.85225" lon="36.3689899">
        <ele>1945.3</ele>
      </trkpt>
      <trkpt lat="-0.85228" lon="36.369">
        <ele>1945.2</ele>
      </trkpt>
      <trkpt lat="-0.85231" lon="36.36901">
        <ele>1945.1</ele>
      </trkpt>
      <trkpt lat="-0.85235" lon="36.36906">
        <ele>1944.4</ele>
      </trkpt>
      <trkpt lat="-0.85241" lon="36.36911">
        <ele>1943.8</ele>
      </trkpt>
      <trkpt lat="-0.85251" lon="36.36915">
        <ele>1943.3</ele>
      </trkpt>
      <trkpt lat="-0.85259" lon="36.3691699">
        <ele>1943.2</ele>
      </trkpt>
      <trkpt lat="-0.85264" lon="36.36918">
        <ele>1943.3</ele>
      </trkpt>
      <trkpt lat="-0.85271" lon="36.3691699">
        <ele>1943.5</ele>
      </trkpt>
      <trkpt lat="-0.85277" lon="36.36916">
        <ele>1943.8</ele>
      </trkpt>
      <trkpt lat="-0.85286" lon="36.36915">
        <ele>1944.2</ele>
      </trkpt>
      <trkpt lat="-0.85311" lon="36.36914">
        <ele>1945.0</ele>
      </trkpt>
      <trkpt lat="-0.85319" lon="36.36913">
        <ele>1945.4</ele>
      </trkpt>
      <trkpt lat="-0.85329" lon="36.36912">
        <ele>1945.8</ele>
      </trkpt>
      <trkpt lat="-0.85338" lon="36.3691">
        <ele>1946.4</ele>
      </trkpt>
      <trkpt lat="-0.85356" lon="36.36904">
        <ele>1948.1</ele>
      </trkpt>
      <trkpt lat="-0.85364" lon="36.36901">
        <ele>1948.8</ele>
      </trkpt>
      <trkpt lat="-0.85371" lon="36.3689899">
        <ele>1949.4</ele>
      </trkpt>
      <trkpt lat="-0.85384" lon="36.36896">
        <ele>1950.2</ele>
      </trkpt>
      <trkpt lat="-0.85405" lon="36.36892">
        <ele>1951.3</ele>
      </trkpt>
      <trkpt lat="-0.85418" lon="36.36889">
        <ele>1952.0</ele>
      </trkpt>
      <trkpt lat="-0.8543" lon="36.36885">
        <ele>1952.6</ele>
      </trkpt>
      <trkpt lat="-0.85441" lon="36.36882">
        <ele>1953.0</ele>
      </trkpt>
      <trkpt lat="-0.85458" lon="36.36876">
        <ele>1953.6</ele>
      </trkpt>
      <trkpt lat="-0.85468" lon="36.36871">
        <ele>1954.1</ele>
      </trkpt>
      <trkpt lat="-0.8547" lon="36.36871">
        <ele>1954.1</ele>
      </trkpt>
      <trkpt lat="-0.85486" lon="36.36862">
        <ele>1954.8</ele>
      </trkpt>
      <trkpt lat="-0.8551" lon="36.36848">
        <ele>1954.5</ele>
      </trkpt>
      <trkpt lat="-0.85525" lon="36.36838">
        <ele>1953.1</ele>
      </trkpt>
      <trkpt lat="-0.85536" lon="36.36829">
        <ele>1952.4</ele>
      </trkpt>
      <trkpt lat="-0.85547" lon="36.3682">
        <ele>1952.3</ele>
      </trkpt>
      <trkpt lat="-0.85557" lon="36.3681">
        <ele>1952.6</ele>
      </trkpt>
      <trkpt lat="-0.85575" lon="36.36793">
        <ele>1953.2</ele>
      </trkpt>
      <trkpt lat="-0.85591" lon="36.36777">
        <ele>1955.0</ele>
      </trkpt>
      <trkpt lat="-0.85608" lon="36.36759">
        <ele>1957.0</ele>
      </trkpt>
      <trkpt lat="-0.85621" lon="36.36744">
        <ele>1957.6</ele>
      </trkpt>
      <trkpt lat="-0.85627" lon="36.36737">
        <ele>1957.4</ele>
      </trkpt>
      <trkpt lat="-0.85632" lon="36.3673">
        <ele>1957.1</ele>
      </trkpt>
      <trkpt lat="-0.85642" lon="36.36714">
        <ele>1956.1</ele>
      </trkpt>
      <trkpt lat="-0.85651" lon="36.36699">
        <ele>1954.8</ele>
      </trkpt>
      <trkpt lat="-0.85657" lon="36.36688">
        <ele>1953.6</ele>
      </trkpt>
      <trkpt lat="-0.85681" lon="36.36637">
        <ele>1952.5</ele>
      </trkpt>
      <trkpt lat="-0.85723" lon="36.36549">
        <ele>1947.8</ele>
      </trkpt>
      <trkpt lat="-0.85779" lon="36.36432">
        <ele>1940.4</ele>
      </trkpt>
      <trkpt lat="-0.85809" lon="36.36376">
        <ele>1939.1</ele>
      </trkpt>
      <trkpt lat="-0.85837" lon="36.3632599">
        <ele>1939.2</ele>
      </trkpt>
      <trkpt lat="-0.85856" lon="36.36293">
        <ele>1939.7</ele>
      </trkpt>
      <trkpt lat="-0.85871" lon="36.36272">
        <ele>1939.8</ele>
      </trkpt>
      <trkpt lat="-0.85901" lon="36.36237">
        <ele>1939.0</ele>
      </trkpt>
      <trkpt lat="-0.85919" lon="36.36208">
        <ele>1938.3</ele>
      </trkpt>
      <trkpt lat="-0.85935" lon="36.36175">
        <ele>1938.7</ele>
      </trkpt>
      <trkpt lat="-0.85946" lon="36.36146">
        <ele>1938.5</ele>
      </trkpt>
      <trkpt lat="-0.85963" lon="36.36099">
        <ele>1936.7</ele>
      </trkpt>
      <trkpt lat="-0.85974" lon="36.36076">
        <ele>1935.9</ele>
      </trkpt>
      <trkpt lat="-0.85987" lon="36.36054">
        <ele>1936.4</ele>
      </trkpt>
      <trkpt lat="-0.86007" lon="36.36024">
        <ele>1937.5</ele>
      </trkpt>
      <trkpt lat="-0.86018" lon="36.3601">
        <ele>1938.7</ele>
      </trkpt>
      <trkpt lat="-0.8604" lon="36.35983">
        <ele>1939.6</ele>
      </trkpt>
      <trkpt lat="-0.86067" lon="36.35953">
        <ele>1939.4</ele>
      </trkpt>
      <trkpt lat="-0.86161" lon="36.35848">
        <ele>1926.6</ele>
      </trkpt>
      <trkpt lat="-0.86202" lon="36.35805">
        <ele>1928.6</ele>
      </trkpt>
      <trkpt lat="-0.86235" lon="36.35778">
        <ele>1931.9</ele>
      </trkpt>
      <trkpt lat="-0.86268" lon="36.35754">
        <ele>1933.8</ele>
      </trkpt>
      <trkpt lat="-0.86288" lon="36.3574">
        <ele>1931.7</ele>
      </trkpt>
      <trkpt lat="-0.86328" lon="36.35713">
        <ele>1928.7</ele>
      </trkpt>
      <trkpt lat="-0.86345" lon="36.357">
        <ele>1926.9</ele>
      </trkpt>
      <trkpt lat="-0.86363" lon="36.35685">
        <ele>1925.4</ele>
      </trkpt>
      <trkpt lat="-0.86413" lon="36.35633">
        <ele>1919.1</ele>
      </trkpt>
      <trkpt lat="-0.8648" lon="36.35571">
        <ele>1923.2</ele>
      </trkpt>
      <trkpt lat="-0.8649" lon="36.35562">
        <ele>1925.9</ele>
      </trkpt>
      <trkpt lat="-0.86521" lon="36.35535">
        <ele>1928.5</ele>
      </trkpt>
      <trkpt lat="-0.86547" lon="36.35513">
        <ele>1929.9</ele>
      </trkpt>
      <trkpt lat="-0.86558" lon="36.35505">
        <ele>1930.4</ele>
      </trkpt>
      <trkpt lat="-0.86573" lon="36.35496">
        <ele>1931.9</ele>
      </trkpt>
      <trkpt lat="-0.86575" lon="36.35495">
        <ele>1932.1</ele>
      </trkpt>
      <trkpt lat="-0.86607" lon="36.3548">
        <ele>1932.2</ele>
      </trkpt>
      <trkpt lat="-0.86656" lon="36.35457">
        <ele>1926.6</ele>
      </trkpt>
      <trkpt lat="-0.86711" lon="36.35432">
        <ele>1925.6</ele>
      </trkpt>
      <trkpt lat="-0.86774" lon="36.3540599">
        <ele>1925.4</ele>
      </trkpt>
      <trkpt lat="-0.86857" lon="36.35372">
        <ele>1924.0</ele>
      </trkpt>
      <trkpt lat="-0.86943" lon="36.35338">
        <ele>1923.1</ele>
      </trkpt>
      <trkpt lat="-0.8706" lon="36.35287">
        <ele>1921.4</ele>
      </trkpt>
      <trkpt lat="-0.87109" lon="36.35262">
        <ele>1920.8</ele>
      </trkpt>
      <trkpt lat="-0.87134" lon="36.35248">
        <ele>1921.0</ele>
      </trkpt>
      <trkpt lat="-0.87165" lon="36.3523">
        <ele>1920.3</ele>
      </trkpt>
      <trkpt lat="-0.87209" lon="36.35204">
        <ele>1920.0</ele>
      </trkpt>
      <trkpt lat="-0.87241" lon="36.35187">
        <ele>1920.5</ele>
      </trkpt>
      <trkpt lat="-0.87271" lon="36.35174">
        <ele>1920.4</ele>
      </trkpt>
      <trkpt lat="-0.87315" lon="36.35157">
        <ele>1919.7</ele>
      </trkpt>
      <trkpt lat="-0.87345" lon="36.35149">
        <ele>1918.9</ele>
      </trkpt>
      <trkpt lat="-0.87375" lon="36.3514399">
        <ele>1917.4</ele>
      </trkpt>
      <trkpt lat="-0.8738" lon="36.3514399">
        <ele>1917.1</ele>
      </trkpt>
      <trkpt lat="-0.87395" lon="36.35142">
        <ele>1916.3</ele>
      </trkpt>
      <trkpt lat="-0.87414" lon="36.35142">
        <ele>1915.2</ele>
      </trkpt>
      <trkpt lat="-0.87447" lon="36.35147">
        <ele>1914.8</ele>
      </trkpt>
      <trkpt lat="-0.87478" lon="36.35152">
        <ele>1914.7</ele>
      </trkpt>
      <trkpt lat="-0.87514" lon="36.3516199">
        <ele>1914.8</ele>
      </trkpt>
      <trkpt lat="-0.87545" lon="36.35166">
        <ele>1915.7</ele>
      </trkpt>
      <trkpt lat="-0.87576" lon="36.35169">
        <ele>1916.9</ele>
      </trkpt>
      <trkpt lat="-0.87611" lon="36.35168">
        <ele>1917.7</ele>
      </trkpt>
      <trkpt lat="-0.87638" lon="36.3516199">
        <ele>1918.4</ele>
      </trkpt>
      <trkpt lat="-0.87648" lon="36.3516">
        <ele>1918.7</ele>
      </trkpt>
      <trkpt lat="-0.87685" lon="36.35149">
        <ele>1918.9</ele>
      </trkpt>
      <trkpt lat="-0.87706" lon="36.35141">
        <ele>1918.8</ele>
      </trkpt>
      <trkpt lat="-0.87725" lon="36.35134">
        <ele>1918.8</ele>
      </trkpt>
      <trkpt lat="-0.87765" lon="36.35114">
        <ele>1918.9</ele>
      </trkpt>
      <trkpt lat="-0.8781" lon="36.35087">
        <ele>1917.4</ele>
      </trkpt>
      <trkpt lat="-0.87845" lon="36.35063">
        <ele>1915.8</ele>
      </trkpt>
      <trkpt lat="-0.87877" lon="36.35038">
        <ele>1914.6</ele>
      </trkpt>
      <trkpt lat="-0.87889" lon="36.35028">
        <ele>1914.0</ele>
      </trkpt>
      <trkpt lat="-0.8791" lon="36.35009">
        <ele>1912.6</ele>
      </trkpt>
      <trkpt lat="-0.87944" lon="36.3498">
        <ele>1909.9</ele>
      </trkpt>
      <trkpt lat="-0.87987" lon="36.34948">
        <ele>1907.0</ele>
      </trkpt>
      <trkpt lat="-0.88017" lon="36.34929">
        <ele>1906.3</ele>
      </trkpt>
      <trkpt lat="-0.88021" lon="36.34926">
        <ele>1906.3</ele>
      </trkpt>
      <trkpt lat="-0.88061" lon="36.34903">
        <ele>1905.3</ele>
      </trkpt>
      <trkpt lat="-0.88075" lon="36.34887">
        <ele>1904.8</ele>
      </trkpt>
      <trkpt lat="-0.88079" lon="36.34883">
        <ele>1904.7</ele>
      </trkpt>
      <trkpt lat="-0.88095" lon="36.34861">
        <ele>1903.9</ele>
      </trkpt>
      <trkpt lat="-0.88106" lon="36.34837">
        <ele>1902.8</ele>
      </trkpt>
      <trkpt lat="-0.88115" lon="36.34811">
        <ele>1902.2</ele>
      </trkpt>
      <trkpt lat="-0.88116" lon="36.3479">
        <ele>1902.3</ele>
      </trkpt>
      <trkpt lat="-0.88117" lon="36.34782">
        <ele>1902.4</ele>
      </trkpt>
      <trkpt lat="-0.88115" lon="36.34766">
        <ele>1902.5</ele>
      </trkpt>
      <trkpt lat="-0.8811" lon="36.34749">
        <ele>1902.6</ele>
      </trkpt>
      <trkpt lat="-0.88095" lon="36.3472">
        <ele>1900.4</ele>
      </trkpt>
      <trkpt lat="-0.88086" lon="36.34708">
        <ele>1899.5</ele>
      </trkpt>
      <trkpt lat="-0.8806" lon="36.34675">
        <ele>1895.6</ele>
      </trkpt>
      <trkpt lat="-0.88052" lon="36.34666">
        <ele>1894.5</ele>
      </trkpt>
      <trkpt lat="-0.88016" lon="36.3462699">
        <ele>1891.3</ele>
      </trkpt>
      <trkpt lat="-0.87951" lon="36.34561">
        <ele>1889.5</ele>
      </trkpt>
      <trkpt lat="-0.8794" lon="36.3455">
        <ele>1889.8</ele>
      </trkpt>
      <trkpt lat="-0.87906" lon="36.34519">
        <ele>1890.2</ele>
      </trkpt>
      <trkpt lat="-0.879" lon="36.34513">
        <ele>1890.4</ele>
      </trkpt>
      <trkpt lat="-0.87868" lon="36.34485">
        <ele>1891.0</ele>
      </trkpt>
      <trkpt lat="-0.87846" lon="36.34465">
        <ele>1891.4</ele>
      </trkpt>
      <trkpt lat="-0.87831" lon="36.34449">
        <ele>1891.9</ele>
      </trkpt>
      <trkpt lat="-0.87808" lon="36.34419">
        <ele>1892.7</ele>
      </trkpt>
      <trkpt lat="-0.87789" lon="36.34388">
        <ele>1891.8</ele>
      </trkpt>
      <trkpt lat="-0.87779" lon="36.34371">
        <ele>1891.3</ele>
      </trkpt>
      <trkpt lat="-0.8777" lon="36.3435">
        <ele>1890.6</ele>
      </trkpt>
      <trkpt lat="-0.87753" lon="36.34256">
        <ele>1889.2</ele>
      </trkpt>
      <trkpt lat="-0.87742" lon="36.34203">
        <ele>1892.7</ele>
      </trkpt>
      <trkpt lat="-0.87727" lon="36.3415899">
        <ele>1894.4</ele>
      </trkpt>
      <trkpt lat="-0.87712" lon="36.3412099">
        <ele>1893.5</ele>
      </trkpt>
      <trkpt lat="-0.87694" lon="36.3406499">
        <ele>1892.9</ele>
      </trkpt>
      <trkpt lat="-0.87684" lon="36.34031">
        <ele>1892.8</ele>
      </trkpt>
      <trkpt lat="-0.87674" lon="36.33977">
        <ele>1893.3</ele>
      </trkpt>
      <trkpt lat="-0.87659" lon="36.33907">
        <ele>1894.9</ele>
      </trkpt>
      <trkpt lat="-0.87638" lon="36.3381">
        <ele>1893.4</ele>
      </trkpt>
      <trkpt lat="-0.87631" lon="36.3377">
        <ele>1893.5</ele>
      </trkpt>
      <trkpt lat="-0.87628" lon="36.33735">
        <ele>1893.5</ele>
      </trkpt>
      <trkpt lat="-0.87627" lon="36.33712">
        <ele>1893.3</ele>
      </trkpt>
      <trkpt lat="-0.87629" lon="36.33692">
        <ele>1893.3</ele>
      </trkpt>
      <trkpt lat="-0.87632" lon="36.33686">
        <ele>1893.4</ele>
      </trkpt>
      <trkpt lat="-0.87637" lon="36.33672">
        <ele>1893.6</ele>
      </trkpt>
      <trkpt lat="-0.87662" lon="36.33607">
        <ele>1894.3</ele>
      </trkpt>
      <trkpt lat="-0.87682" lon="36.33558">
        <ele>1894.3</ele>
      </trkpt>
      <trkpt lat="-0.87695" lon="36.33522">
        <ele>1893.7</ele>
      </trkpt>
      <trkpt lat="-0.87709" lon="36.33484">
        <ele>1893.7</ele>
      </trkpt>
      <trkpt lat="-0.87721" lon="36.33435">
        <ele>1893.0</ele>
      </trkpt>
      <trkpt lat="-0.87734" lon="36.33386">
        <ele>1892.7</ele>
      </trkpt>
      <trkpt lat="-0.87739" lon="36.33367">
        <ele>1892.8</ele>
      </trkpt>
      <trkpt lat="-0.87747" lon="36.3333299">
        <ele>1892.9</ele>
      </trkpt>
      <trkpt lat="-0.87751" lon="36.3332">
        <ele>1892.4</ele>
      </trkpt>
      <trkpt lat="-0.87757" lon="36.33293">
        <ele>1891.3</ele>
      </trkpt>
      <trkpt lat="-0.87763" lon="36.33276">
        <ele>1890.7</ele>
      </trkpt>
      <trkpt lat="-0.8777" lon="36.33262">
        <ele>1890.3</ele>
      </trkpt>
      <trkpt lat="-0.878" lon="36.33204">
        <ele>1889.9</ele>
      </trkpt>
      <trkpt lat="-0.87809" lon="36.33185">
        <ele>1889.8</ele>
      </trkpt>
      <trkpt lat="-0.87828" lon="36.33147">
        <ele>1889.3</ele>
      </trkpt>
      <trkpt lat="-0.87839" lon="36.33119">
        <ele>1888.6</ele>
      </trkpt>
      <trkpt lat="-0.87841" lon="36.33117">
        <ele>1888.7</ele>
      </trkpt>
      <trkpt lat="-0.87878" lon="36.33019">
        <ele>1887.3</ele>
      </trkpt>
      <trkpt lat="-0.87895" lon="36.32967">
        <ele>1887.2</ele>
      </trkpt>
      <trkpt lat="-0.87902" lon="36.32945">
        <ele>1887.5</ele>
      </trkpt>
      <trkpt lat="-0.87924" lon="36.32885">
        <ele>1887.4</ele>
      </trkpt>
      <trkpt lat="-0.87979" lon="36.3276899">
        <ele>1886.9</ele>
      </trkpt>
      <trkpt lat="-0.8798" lon="36.32767">
        <ele>1887.0</ele>
      </trkpt>
      <trkpt lat="-0.88005" lon="36.32712">
        <ele>1886.4</ele>
      </trkpt>
      <trkpt lat="-0.88016" lon="36.32685">
        <ele>1886.6</ele>
      </trkpt>
      <trkpt lat="-0.88039" lon="36.32638">
        <ele>1887.9</ele>
      </trkpt>
      <trkpt lat="-0.88071" lon="36.32571">
        <ele>1887.4</ele>
      </trkpt>
      <trkpt lat="-0.88092" lon="36.32535">
        <ele>1887.4</ele>
      </trkpt>
      <trkpt lat="-0.88102" lon="36.32519">
        <ele>1887.1</ele>
      </trkpt>
      <trkpt lat="-0.88109" lon="36.32513">
        <ele>1886.9</ele>
      </trkpt>
      <trkpt lat="-0.88115" lon="36.3250699">
        <ele>1886.6</ele>
      </trkpt>
      <trkpt lat="-0.88125" lon="36.32499">
        <ele>1886.1</ele>
      </trkpt>
      <trkpt lat="-0.88134" lon="36.32492">
        <ele>1886.0</ele>
      </trkpt>
      <trkpt lat="-0.88149" lon="36.32482">
        <ele>1885.0</ele>
      </trkpt>
      <trkpt lat="-0.88164" lon="36.32472">
        <ele>1883.3</ele>
      </trkpt>
      <trkpt lat="-0.88182" lon="36.32456">
        <ele>1882.9</ele>
      </trkpt>
      <trkpt lat="-0.88205" lon="36.32433">
        <ele>1883.4</ele>
      </trkpt>
      <trkpt lat="-0.88208" lon="36.3243">
        <ele>1883.6</ele>
      </trkpt>
      <trkpt lat="-0.88219" lon="36.32421">
        <ele>1884.1</ele>
      </trkpt>
      <trkpt lat="-0.88247" lon="36.32401">
        <ele>1886.0</ele>
      </trkpt>
      <trkpt lat="-0.88277" lon="36.32381">
        <ele>1885.4</ele>
      </trkpt>
      <trkpt lat="-0.88295" lon="36.32372">
        <ele>1884.9</ele>
      </trkpt>
      <trkpt lat="-0.88313" lon="36.32363">
        <ele>1884.3</ele>
      </trkpt>
      <trkpt lat="-0.88327" lon="36.32358">
        <ele>1883.8</ele>
      </trkpt>
      <trkpt lat="-0.88336" lon="36.32356">
        <ele>1883.5</ele>
      </trkpt>
      <trkpt lat="-0.88378" lon="36.32345">
        <ele>1882.5</ele>
      </trkpt>
      <trkpt lat="-0.88395" lon="36.32341">
        <ele>1882.0</ele>
      </trkpt>
      <trkpt lat="-0.88423" lon="36.32336">
        <ele>1881.1</ele>
      </trkpt>
      <trkpt lat="-0.88429" lon="36.32335">
        <ele>1881.0</ele>
      </trkpt>
      <trkpt lat="-0.88481" lon="36.32326">
        <ele>1881.5</ele>
      </trkpt>
      <trkpt lat="-0.88488" lon="36.32325">
        <ele>1881.5</ele>
      </trkpt>
      <trkpt lat="-0.88495" lon="36.32324">
        <ele>1881.6</ele>
      </trkpt>
      <trkpt lat="-0.88503" lon="36.32323">
        <ele>1881.6</ele>
      </trkpt>
      <trkpt lat="-0.8851" lon="36.32322">
        <ele>1881.6</ele>
      </trkpt>
      <trkpt lat="-0.88517" lon="36.32321">
        <ele>1881.7</ele>
      </trkpt>
      <trkpt lat="-0.88525" lon="36.3231899">
        <ele>1881.8</ele>
      </trkpt>
      <trkpt lat="-0.88532" lon="36.32318">
        <ele>1881.8</ele>
      </trkpt>
      <trkpt lat="-0.88539" lon="36.32316">
        <ele>1881.8</ele>
      </trkpt>
      <trkpt lat="-0.88546" lon="36.32314">
        <ele>1881.9</ele>
      </trkpt>
      <trkpt lat="-0.88553" lon="36.32312">
        <ele>1881.9</ele>
      </trkpt>
      <trkpt lat="-0.8856" lon="36.3230999">
        <ele>1881.8</ele>
      </trkpt>
      <trkpt lat="-0.88567" lon="36.32307">
        <ele>1881.8</ele>
      </trkpt>
      <trkpt lat="-0.88574" lon="36.32305">
        <ele>1881.7</ele>
      </trkpt>
      <trkpt lat="-0.88581" lon="36.32303">
        <ele>1881.5</ele>
      </trkpt>
      <trkpt lat="-0.88588" lon="36.3230099">
        <ele>1881.3</ele>
      </trkpt>
      <trkpt lat="-0.88595" lon="36.32298">
        <ele>1880.9</ele>
      </trkpt>
      <trkpt lat="-0.88602" lon="36.32295">
        <ele>1880.6</ele>
      </trkpt>
      <trkpt lat="-0.88604" lon="36.32294">
        <ele>1880.5</ele>
      </trkpt>
      <trkpt lat="-0.88608" lon="36.32292">
        <ele>1880.4</ele>
      </trkpt>
      <trkpt lat="-0.88615" lon="36.32288">
        <ele>1880.1</ele>
      </trkpt>
      <trkpt lat="-0.88622" lon="36.32285">
        <ele>1879.7</ele>
      </trkpt>
      <trkpt lat="-0.88628" lon="36.32282">
        <ele>1879.5</ele>
      </trkpt>
      <trkpt lat="-0.88635" lon="36.32279">
        <ele>1879.1</ele>
      </trkpt>
      <trkpt lat="-0.88642" lon="36.32276">
        <ele>1878.7</ele>
      </trkpt>
      <trkpt lat="-0.88649" lon="36.32273">
        <ele>1878.4</ele>
      </trkpt>
      <trkpt lat="-0.88655" lon="36.32271">
        <ele>1878.0</ele>
      </trkpt>
      <trkpt lat="-0.88662" lon="36.32268">
        <ele>1877.7</ele>
      </trkpt>
      <trkpt lat="-0.88669" lon="36.32266">
        <ele>1877.3</ele>
      </trkpt>
      <trkpt lat="-0.88671" lon="36.32266">
        <ele>1877.2</ele>
      </trkpt>
      <trkpt lat="-0.88676" lon="36.32264">
        <ele>1877.1</ele>
      </trkpt>
      <trkpt lat="-0.88684" lon="36.32262">
        <ele>1876.8</ele>
      </trkpt>
      <trkpt lat="-0.88691" lon="36.3226">
        <ele>1876.5</ele>
      </trkpt>
      <trkpt lat="-0.88698" lon="36.32258">
        <ele>1876.3</ele>
      </trkpt>
      <trkpt lat="-0.88705" lon="36.32256">
        <ele>1876.0</ele>
      </trkpt>
      <trkpt lat="-0.88712" lon="36.3225399">
        <ele>1875.7</ele>
      </trkpt>
      <trkpt lat="-0.88719" lon="36.32252">
        <ele>1875.4</ele>
      </trkpt>
      <trkpt lat="-0.88723" lon="36.32251">
        <ele>1875.3</ele>
      </trkpt>
      <trkpt lat="-0.88726" lon="36.3225">
        <ele>1875.2</ele>
      </trkpt>
      <trkpt lat="-0.88733" lon="36.32248">
        <ele>1875.3</ele>
      </trkpt>
      <trkpt lat="-0.8874" lon="36.32246">
        <ele>1875.5</ele>
      </trkpt>
      <trkpt lat="-0.88747" lon="36.32244">
        <ele>1875.7</ele>
      </trkpt>
      <trkpt lat="-0.88755" lon="36.32242">
        <ele>1876.1</ele>
      </trkpt>
      <trkpt lat="-0.88762" lon="36.3224">
        <ele>1876.5</ele>
      </trkpt>
      <trkpt lat="-0.88769" lon="36.32239">
        <ele>1876.7</ele>
      </trkpt>
      <trkpt lat="-0.88776" lon="36.32237">
        <ele>1877.2</ele>
      </trkpt>
      <trkpt lat="-0.88838" lon="36.32208">
        <ele>1884.3</ele>
      </trkpt>
      <trkpt lat="-0.88916" lon="36.32167">
        <ele>1886.0</ele>
      </trkpt>
      <trkpt lat="-0.8906" lon="36.3209">
        <ele>1886.7</ele>
      </trkpt>
      <trkpt lat="-0.89079" lon="36.3208">
        <ele>1885.9</ele>
      </trkpt>
      <trkpt lat="-0.89171" lon="36.3203699">
        <ele>1883.6</ele>
      </trkpt>
      <trkpt lat="-0.89194" lon="36.32022">
        <ele>1882.2</ele>
      </trkpt>
      <trkpt lat="-0.89207" lon="36.32015">
        <ele>1881.1</ele>
      </trkpt>
      <trkpt lat="-0.89246" lon="36.31994">
        <ele>1878.4</ele>
      </trkpt>
      <trkpt lat="-0.89267" lon="36.31985">
        <ele>1877.6</ele>
      </trkpt>
      <trkpt lat="-0.89279" lon="36.31984">
        <ele>1875.9</ele>
      </trkpt>
      <trkpt lat="-0.89276" lon="36.32027">
        <ele>1870.0</ele>
      </trkpt>
      <trkpt lat="-0.89276" lon="36.32027">
        <ele>1870.0</ele>
      </trkpt>
      <trkpt lat="-0.89325" lon="36.31997">
        <ele>1865.8</ele>
      </trkpt>
      <trkpt lat="-0.89359" lon="36.31975">
        <ele>1866.6</ele>
      </trkpt>
      <trkpt lat="-0.89366" lon="36.31971">
        <ele>1866.8</ele>
      </trkpt>
      <trkpt lat="-0.89368" lon="36.3197">
        <ele>1866.8</ele>
      </trkpt>
      <trkpt lat="-0.89373" lon="36.31968">
        <ele>1866.8</ele>
      </trkpt>
      <trkpt lat="-0.89421" lon="36.3194299">
        <ele>1867.6</ele>
      </trkpt>
      <trkpt lat="-0.89438" lon="36.31931">
        <ele>1868.4</ele>
      </trkpt>
      <trkpt lat="-0.89456" lon="36.3191599">
        <ele>1869.3</ele>
      </trkpt>
      <trkpt lat="-0.89459" lon="36.31914">
        <ele>1869.4</ele>
      </trkpt>
      <trkpt lat="-0.89473" lon="36.31902">
        <ele>1870.3</ele>
      </trkpt>
      <trkpt lat="-0.89482" lon="36.31894">
        <ele>1871.1</ele>
      </trkpt>
      <trkpt lat="-0.89494" lon="36.31888">
        <ele>1871.3</ele>
      </trkpt>
      <trkpt lat="-0.89503" lon="36.31884">
        <ele>1871.3</ele>
      </trkpt>
      <trkpt lat="-0.89511" lon="36.3188">
        <ele>1871.0</ele>
      </trkpt>
      <trkpt lat="-0.8953" lon="36.31874">
        <ele>1869.8</ele>
      </trkpt>
      <trkpt lat="-0.89536" lon="36.3187">
        <ele>1869.8</ele>
      </trkpt>
      <trkpt lat="-0.89541" lon="36.31867">
        <ele>1869.8</ele>
      </trkpt>
      <trkpt lat="-0.89549" lon="36.31859">
        <ele>1870.5</ele>
      </trkpt>
      <trkpt lat="-0.89559" lon="36.31846">
        <ele>1872.1</ele>
      </trkpt>
      <trkpt lat="-0.89584" lon="36.31809">
        <ele>1877.2</ele>
      </trkpt>
      <trkpt lat="-0.89591" lon="36.31794">
        <ele>1879.6</ele>
      </trkpt>
      <trkpt lat="-0.89602" lon="36.31769">
        <ele>1883.4</ele>
      </trkpt>
      <trkpt lat="-0.89604" lon="36.31765">
        <ele>1884.0</ele>
      </trkpt>
      <trkpt lat="-0.89611" lon="36.31745">
        <ele>1886.8</ele>
      </trkpt>
      <trkpt lat="-0.89611" lon="36.31738">
        <ele>1887.9</ele>
      </trkpt>
      <trkpt lat="-0.89612" lon="36.31724">
        <ele>1889.9</ele>
      </trkpt>
      <trkpt lat="-0.89611" lon="36.31712">
        <ele>1891.9</ele>
      </trkpt>
      <trkpt lat="-0.89607" lon="36.31698">
        <ele>1894.8</ele>
      </trkpt>
      <trkpt lat="-0.89602" lon="36.31684">
        <ele>1897.9</ele>
      </trkpt>
      <trkpt lat="-0.89595" lon="36.31668">
        <ele>1901.7</ele>
      </trkpt>
      <trkpt lat="-0.89595" lon="36.31668">
        <ele>1901.7</ele>
      </trkpt>
      <trkpt lat="-0.89587" lon="36.31658">
        <ele>1904.7</ele>
      </trkpt>
      <trkpt lat="-0.89582" lon="36.31649">
        <ele>1906.8</ele>
      </trkpt>
      <trkpt lat="-0.89575" lon="36.31637">
        <ele>1908.5</ele>
      </trkpt>
      <trkpt lat="-0.89573" lon="36.31633">
        <ele>1909.0</ele>
      </trkpt>
      <trkpt lat="-0.8957" lon="36.31622">
        <ele>1910.2</ele>
      </trkpt>
      <trkpt lat="-0.89569" lon="36.31621">
        <ele>1910.3</ele>
      </trkpt>
      <trkpt lat="-0.89567" lon="36.31613">
        <ele>1911.0</ele>
      </trkpt>
      <trkpt lat="-0.89566" lon="36.31606">
        <ele>1911.7</ele>
      </trkpt>
      <trkpt lat="-0.89565" lon="36.316">
        <ele>1912.2</ele>
      </trkpt>
      <trkpt lat="-0.89566" lon="36.31594">
        <ele>1913.0</ele>
      </trkpt>
      <trkpt lat="-0.89567" lon="36.31588">
        <ele>1913.7</ele>
      </trkpt>
      <trkpt lat="-0.89573" lon="36.31571">
        <ele>1916.1</ele>
      </trkpt>
      <trkpt lat="-0.89574" lon="36.3156899">
        <ele>1916.4</ele>
      </trkpt>
      <trkpt lat="-0.89585" lon="36.31545">
        <ele>1919.6</ele>
      </trkpt>
      <trkpt lat="-0.89589" lon="36.3153">
        <ele>1920.5</ele>
      </trkpt>
      <trkpt lat="-0.89592" lon="36.31518">
        <ele>1921.2</ele>
      </trkpt>
      <trkpt lat="-0.89598" lon="36.31496">
        <ele>1922.5</ele>
      </trkpt>
      <trkpt lat="-0.89603" lon="36.31478">
        <ele>1923.4</ele>
      </trkpt>
      <trkpt lat="-0.89606" lon="36.3146">
        <ele>1924.4</ele>
      </trkpt>
      <trkpt lat="-0.89607" lon="36.31448">
        <ele>1925.1</ele>
      </trkpt>
      <trkpt lat="-0.89607" lon="36.3143699">
        <ele>1925.7</ele>
      </trkpt>
      <trkpt lat="-0.89607" lon="36.31425">
        <ele>1926.5</ele>
      </trkpt>
      <trkpt lat="-0.89606" lon="36.31414">
        <ele>1927.3</ele>
      </trkpt>
      <trkpt lat="-0.89603" lon="36.31402">
        <ele>1928.5</ele>
      </trkpt>
      <trkpt lat="-0.896" lon="36.3138999">
        <ele>1929.8</ele>
      </trkpt>
      <trkpt lat="-0.89593" lon="36.31373">
        <ele>1931.6</ele>
      </trkpt>
      <trkpt lat="-0.89583" lon="36.31355">
        <ele>1933.6</ele>
      </trkpt>
      <trkpt lat="-0.89558" lon="36.31316">
        <ele>1935.1</ele>
      </trkpt>
      <trkpt lat="-0.89539" lon="36.31286">
        <ele>1936.4</ele>
      </trkpt>
      <trkpt lat="-0.89536" lon="36.31281">
        <ele>1936.7</ele>
      </trkpt>
      <trkpt lat="-0.89517" lon="36.31253">
        <ele>1938.9</ele>
      </trkpt>
      <trkpt lat="-0.895" lon="36.3123099">
        <ele>1939.2</ele>
      </trkpt>
      <trkpt lat="-0.89437" lon="36.3116">
        <ele>1938.9</ele>
      </trkpt>
      <trkpt lat="-0.89433" lon="36.31156">
        <ele>1938.7</ele>
      </trkpt>
      <trkpt lat="-0.89422" lon="36.31144">
        <ele>1938.2</ele>
      </trkpt>
      <trkpt lat="-0.89416" lon="36.3113699">
        <ele>1937.9</ele>
      </trkpt>
      <trkpt lat="-0.89399" lon="36.31124">
        <ele>1937.0</ele>
      </trkpt>
      <trkpt lat="-0.89393" lon="36.3112">
        <ele>1936.8</ele>
      </trkpt>
      <trkpt lat="-0.89384" lon="36.31114">
        <ele>1936.4</ele>
      </trkpt>
      <trkpt lat="-0.89366" lon="36.31105">
        <ele>1935.9</ele>
      </trkpt>
      <trkpt lat="-0.89356" lon="36.311">
        <ele>1935.6</ele>
      </trkpt>
      <trkpt lat="-0.89348" lon="36.31096">
        <ele>1935.4</ele>
      </trkpt>
      <trkpt lat="-0.89327" lon="36.31089">
        <ele>1935.6</ele>
      </trkpt>
      <trkpt lat="-0.89313" lon="36.31085">
        <ele>1936.7</ele>
      </trkpt>
      <trkpt lat="-0.89298" lon="36.31082">
        <ele>1937.9</ele>
      </trkpt>
      <trkpt lat="-0.89276" lon="36.31079">
        <ele>1939.6</ele>
      </trkpt>
      <trkpt lat="-0.89156" lon="36.31062">
        <ele>1938.4</ele>
      </trkpt>
      <trkpt lat="-0.89133" lon="36.31058">
        <ele>1938.4</ele>
      </trkpt>
      <trkpt lat="-0.8912" lon="36.31055">
        <ele>1938.4</ele>
      </trkpt>
      <trkpt lat="-0.89112" lon="36.31053">
        <ele>1938.3</ele>
      </trkpt>
      <trkpt lat="-0.8907" lon="36.31041">
        <ele>1938.8</ele>
      </trkpt>
      <trkpt lat="-0.89034" lon="36.3103">
        <ele>1940.3</ele>
      </trkpt>
      <trkpt lat="-0.89023" lon="36.31024">
        <ele>1940.7</ele>
      </trkpt>
      <trkpt lat="-0.89014" lon="36.31019">
        <ele>1941.0</ele>
      </trkpt>
      <trkpt lat="-0.89006" lon="36.31013">
        <ele>1941.2</ele>
      </trkpt>
      <trkpt lat="-0.88999" lon="36.31009">
        <ele>1941.4</ele>
      </trkpt>
      <trkpt lat="-0.88997" lon="36.31007">
        <ele>1941.4</ele>
      </trkpt>
      <trkpt lat="-0.88991" lon="36.31001">
        <ele>1941.2</ele>
      </trkpt>
      <trkpt lat="-0.88984" lon="36.30994">
        <ele>1940.8</ele>
      </trkpt>
      <trkpt lat="-0.88974" lon="36.3098">
        <ele>1940.0</ele>
      </trkpt>
      <trkpt lat="-0.88966" lon="36.3096699">
        <ele>1939.4</ele>
      </trkpt>
      <trkpt lat="-0.88966" lon="36.30966">
        <ele>1939.3</ele>
      </trkpt>
      <trkpt lat="-0.88945" lon="36.30934">
        <ele>1938.0</ele>
      </trkpt>
      <trkpt lat="-0.88932" lon="36.30916">
        <ele>1937.5</ele>
      </trkpt>
      <trkpt lat="-0.8892" lon="36.3090199">
        <ele>1938.1</ele>
      </trkpt>
      <trkpt lat="-0.88912" lon="36.30895">
        <ele>1938.6</ele>
      </trkpt>
      <trkpt lat="-0.88909" lon="36.30892">
        <ele>1938.8</ele>
      </trkpt>
      <trkpt lat="-0.88899" lon="36.30879">
        <ele>1939.5</ele>
      </trkpt>
      <trkpt lat="-0.88892" lon="36.30871">
        <ele>1939.8</ele>
      </trkpt>
      <trkpt lat="-0.8889" lon="36.30867">
        <ele>1939.8</ele>
      </trkpt>
      <trkpt lat="-0.88886" lon="36.30862">
        <ele>1939.9</ele>
      </trkpt>
      <trkpt lat="-0.88881" lon="36.30853">
        <ele>1939.9</ele>
      </trkpt>
      <trkpt lat="-0.88877" lon="36.30844">
        <ele>1939.8</ele>
      </trkpt>
      <trkpt lat="-0.88871" lon="36.30831">
        <ele>1939.6</ele>
      </trkpt>
      <trkpt lat="-0.88866" lon="36.30818">
        <ele>1940.3</ele>
      </trkpt>
      <trkpt lat="-0.88859" lon="36.30794">
        <ele>1941.4</ele>
      </trkpt>
      <trkpt lat="-0.88856" lon="36.30784">
        <ele>1941.9</ele>
      </trkpt>
      <trkpt lat="-0.88852" lon="36.30766">
        <ele>1942.8</ele>
      </trkpt>
      <trkpt lat="-0.88849" lon="36.30749">
        <ele>1943.7</ele>
      </trkpt>
      <trkpt lat="-0.8884" lon="36.30702">
        <ele>1946.1</ele>
      </trkpt>
      <trkpt lat="-0.88834" lon="36.3067">
        <ele>1947.8</ele>
      </trkpt>
      <trkpt lat="-0.88833" lon="36.30662">
        <ele>1948.1</ele>
      </trkpt>
      <trkpt lat="-0.88833" lon="36.3066">
        <ele>1948.2</ele>
      </trkpt>
      <trkpt lat="-0.88832" lon="36.30652">
        <ele>1948.4</ele>
      </trkpt>
      <trkpt lat="-0.88832" lon="36.30635">
        <ele>1948.8</ele>
      </trkpt>
      <trkpt lat="-0.88831" lon="36.30632">
        <ele>1948.9</ele>
      </trkpt>
      <trkpt lat="-0.8883" lon="36.30629">
        <ele>1948.9</ele>
      </trkpt>
      <trkpt lat="-0.88829" lon="36.30627">
        <ele>1949.0</ele>
      </trkpt>
      <trkpt lat="-0.88828" lon="36.30625">
        <ele>1949.1</ele>
      </trkpt>
      <trkpt lat="-0.88824" lon="36.30622">
        <ele>1949.2</ele>
      </trkpt>
      <trkpt lat="-0.88806" lon="36.30605">
        <ele>1949.8</ele>
      </trkpt>
      <trkpt lat="-0.88761" lon="36.30565">
        <ele>1951.2</ele>
      </trkpt>
      <trkpt lat="-0.88712" lon="36.3052">
        <ele>1954.0</ele>
      </trkpt>
      <trkpt lat="-0.88694" lon="36.30505">
        <ele>1955.4</ele>
      </trkpt>
      <trkpt lat="-0.88672" lon="36.30489">
        <ele>1957.3</ele>
      </trkpt>
      <trkpt lat="-0.88654" lon="36.30477">
        <ele>1958.7</ele>
      </trkpt>
      <trkpt lat="-0.88635" lon="36.30465">
        <ele>1960.5</ele>
      </trkpt>
      <trkpt lat="-0.88618" lon="36.30457">
        <ele>1962.0</ele>
      </trkpt>
      <trkpt lat="-0.88602" lon="36.3045">
        <ele>1963.6</ele>
      </trkpt>
      <trkpt lat="-0.88585" lon="36.30443">
        <ele>1965.4</ele>
      </trkpt>
      <trkpt lat="-0.88561" lon="36.30434">
        <ele>1966.9</ele>
      </trkpt>
      <trkpt lat="-0.88533" lon="36.30427">
        <ele>1968.3</ele>
      </trkpt>
      <trkpt lat="-0.8851" lon="36.30421">
        <ele>1969.4</ele>
      </trkpt>
      <trkpt lat="-0.88498" lon="36.30418">
        <ele>1969.9</ele>
      </trkpt>
      <trkpt lat="-0.88376" lon="36.30391">
        <ele>1972.6</ele>
      </trkpt>
      <trkpt lat="-0.88343" lon="36.30384">
        <ele>1973.4</ele>
      </trkpt>
      <trkpt lat="-0.88277" lon="36.30371">
        <ele>1978.2</ele>
      </trkpt>
      <trkpt lat="-0.88217" lon="36.3035799">
        <ele>1980.7</ele>
      </trkpt>
      <trkpt lat="-0.88182" lon="36.3035">
        <ele>1980.7</ele>
      </trkpt>
      <trkpt lat="-0.88112" lon="36.30335">
        <ele>1982.9</ele>
      </trkpt>
      <trkpt lat="-0.88094" lon="36.30331">
        <ele>1983.8</ele>
      </trkpt>
      <trkpt lat="-0.88078" lon="36.30325">
        <ele>1984.9</ele>
      </trkpt>
      <trkpt lat="-0.88066" lon="36.30321">
        <ele>1985.9</ele>
      </trkpt>
      <trkpt lat="-0.88042" lon="36.30309">
        <ele>1988.1</ele>
      </trkpt>
      <trkpt lat="-0.8803" lon="36.3030199">
        <ele>1989.2</ele>
      </trkpt>
      <trkpt lat="-0.88015" lon="36.3029">
        <ele>1990.8</ele>
      </trkpt>
      <trkpt lat="-0.88013" lon="36.30289">
        <ele>1991.0</ele>
      </trkpt>
      <trkpt lat="-0.88009" lon="36.30286">
        <ele>1991.4</ele>
      </trkpt>
      <trkpt lat="-0.88001" lon="36.30279">
        <ele>1992.2</ele>
      </trkpt>
      <trkpt lat="-0.87987" lon="36.30267">
        <ele>1993.6</ele>
      </trkpt>
      <trkpt lat="-0.87976" lon="36.30257">
        <ele>1994.6</ele>
      </trkpt>
      <trkpt lat="-0.87974" lon="36.3025499">
        <ele>1994.7</ele>
      </trkpt>
      <trkpt lat="-0.8796" lon="36.30241">
        <ele>1996.3</ele>
      </trkpt>
      <trkpt lat="-0.87938" lon="36.30223">
        <ele>1997.9</ele>
      </trkpt>
      <trkpt lat="-0.87919" lon="36.3021">
        <ele>1998.0</ele>
      </trkpt>
      <trkpt lat="-0.8791" lon="36.30204">
        <ele>1998.6</ele>
      </trkpt>
      <trkpt lat="-0.87898" lon="36.30198">
        <ele>1999.7</ele>
      </trkpt>
      <trkpt lat="-0.87884" lon="36.30192">
        <ele>2000.7</ele>
      </trkpt>
      <trkpt lat="-0.87872" lon="36.30188">
        <ele>2001.5</ele>
      </trkpt>
      <trkpt lat="-0.87849" lon="36.30184">
        <ele>2002.8</ele>
      </trkpt>
      <trkpt lat="-0.87838" lon="36.30183">
        <ele>2003.5</ele>
      </trkpt>
      <trkpt lat="-0.87834" lon="36.30183">
        <ele>2003.7</ele>
      </trkpt>
      <trkpt lat="-0.87826" lon="36.30182">
        <ele>2004.7</ele>
      </trkpt>
      <trkpt lat="-0.87816" lon="36.30182">
        <ele>2005.9</ele>
      </trkpt>
      <trkpt lat="-0.87815" lon="36.30182">
        <ele>2006.1</ele>
      </trkpt>
      <trkpt lat="-0.87802" lon="36.30183">
        <ele>2007.8</ele>
      </trkpt>
      <trkpt lat="-0.87798" lon="36.30183">
        <ele>2008.3</ele>
      </trkpt>
      <trkpt lat="-0.8778" lon="36.30186">
        <ele>2010.7</ele>
      </trkpt>
      <trkpt lat="-0.87762" lon="36.30189">
        <ele>2013.0</ele>
      </trkpt>
      <trkpt lat="-0.87744" lon="36.30191">
        <ele>2015.4</ele>
      </trkpt>
      <trkpt lat="-0.87738" lon="36.30192">
        <ele>2016.2</ele>
      </trkpt>
      <trkpt lat="-0.87726" lon="36.30192">
        <ele>2017.9</ele>
      </trkpt>
      <trkpt lat="-0.87701" lon="36.30191">
        <ele>2021.2</ele>
      </trkpt>
      <trkpt lat="-0.87684" lon="36.30189">
        <ele>2023.5</ele>
      </trkpt>
      <trkpt lat="-0.87675" lon="36.30187">
        <ele>2024.6</ele>
      </trkpt>
      <trkpt lat="-0.87665" lon="36.30183">
        <ele>2025.8</ele>
      </trkpt>
      <trkpt lat="-0.87656" lon="36.3018">
        <ele>2026.9</ele>
      </trkpt>
      <trkpt lat="-0.87644" lon="36.30175">
        <ele>2028.3</ele>
      </trkpt>
      <trkpt lat="-0.8764" lon="36.30172">
        <ele>2028.7</ele>
      </trkpt>
      <trkpt lat="-0.87627" lon="36.30164">
        <ele>2030.5</ele>
      </trkpt>
      <trkpt lat="-0.87601" lon="36.30148">
        <ele>2034.6</ele>
      </trkpt>
      <trkpt lat="-0.8758" lon="36.30133">
        <ele>2036.9</ele>
      </trkpt>
      <trkpt lat="-0.87565" lon="36.30122">
        <ele>2037.4</ele>
      </trkpt>
      <trkpt lat="-0.87541" lon="36.30104">
        <ele>2037.0</ele>
      </trkpt>
      <trkpt lat="-0.87521" lon="36.30092">
        <ele>2035.7</ele>
      </trkpt>
      <trkpt lat="-0.8752" lon="36.30092">
        <ele>2035.7</ele>
      </trkpt>
      <trkpt lat="-0.87489" lon="36.30077">
        <ele>2034.2</ele>
      </trkpt>
      <trkpt lat="-0.87488" lon="36.30077">
        <ele>2034.1</ele>
      </trkpt>
      <trkpt lat="-0.87454" lon="36.30064">
        <ele>2033.2</ele>
      </trkpt>
      <trkpt lat="-0.87437" lon="36.3005799">
        <ele>2032.4</ele>
      </trkpt>
      <trkpt lat="-0.87435" lon="36.30057">
        <ele>2032.3</ele>
      </trkpt>
      <trkpt lat="-0.8742" lon="36.30053">
        <ele>2031.4</ele>
      </trkpt>
      <trkpt lat="-0.87399" lon="36.30048">
        <ele>2030.5</ele>
      </trkpt>
      <trkpt lat="-0.87385" lon="36.30045">
        <ele>2030.0</ele>
      </trkpt>
      <trkpt lat="-0.8738" lon="36.30044">
        <ele>2029.7</ele>
      </trkpt>
      <trkpt lat="-0.87367" lon="36.30043">
        <ele>2029.1</ele>
      </trkpt>
      <trkpt lat="-0.87359" lon="36.30041">
        <ele>2028.7</ele>
      </trkpt>
      <trkpt lat="-0.87342" lon="36.3004">
        <ele>2027.9</ele>
      </trkpt>
      <trkpt lat="-0.87321" lon="36.30039">
        <ele>2027.5</ele>
      </trkpt>
      <trkpt lat="-0.87298" lon="36.30039">
        <ele>2027.8</ele>
      </trkpt>
      <trkpt lat="-0.8726" lon="36.30041">
        <ele>2028.3</ele>
      </trkpt>
      <trkpt lat="-0.87259" lon="36.30041">
        <ele>2028.3</ele>
      </trkpt>
      <trkpt lat="-0.87242" lon="36.30044">
        <ele>2028.6</ele>
      </trkpt>
      <trkpt lat="-0.87188" lon="36.30052">
        <ele>2028.6</ele>
      </trkpt>
      <trkpt lat="-0.87077" lon="36.30071">
        <ele>2026.6</ele>
      </trkpt>
      <trkpt lat="-0.87068" lon="36.30072">
        <ele>2026.2</ele>
      </trkpt>
      <trkpt lat="-0.87056" lon="36.30073">
        <ele>2025.6</ele>
      </trkpt>
      <trkpt lat="-0.87037" lon="36.30074">
        <ele>2024.6</ele>
      </trkpt>
      <trkpt lat="-0.87028" lon="36.30074">
        <ele>2024.1</ele>
      </trkpt>
      <trkpt lat="-0.87011" lon="36.30073">
        <ele>2023.1</ele>
      </trkpt>
      <trkpt lat="-0.86999" lon="36.30072">
        <ele>2022.4</ele>
      </trkpt>
      <trkpt lat="-0.86987" lon="36.3007">
        <ele>2022.1</ele>
      </trkpt>
      <trkpt lat="-0.86973" lon="36.30066">
        <ele>2021.7</ele>
      </trkpt>
      <trkpt lat="-0.86958" lon="36.30062">
        <ele>2021.2</ele>
      </trkpt>
      <trkpt lat="-0.86943" lon="36.30056">
        <ele>2020.8</ele>
      </trkpt>
      <trkpt lat="-0.86922" lon="36.30046">
        <ele>2020.2</ele>
      </trkpt>
      <trkpt lat="-0.86897" lon="36.30031">
        <ele>2019.2</ele>
      </trkpt>
      <trkpt lat="-0.86848" lon="36.30001">
        <ele>2017.4</ele>
      </trkpt>
      <trkpt lat="-0.86781" lon="36.29959">
        <ele>2016.3</ele>
      </trkpt>
      <trkpt lat="-0.86707" lon="36.29912">
        <ele>2012.4</ele>
      </trkpt>
      <trkpt lat="-0.86692" lon="36.29902">
        <ele>2012.3</ele>
      </trkpt>
      <trkpt lat="-0.86676" lon="36.29893">
        <ele>2011.8</ele>
      </trkpt>
      <trkpt lat="-0.86635" lon="36.29867">
        <ele>2010.7</ele>
      </trkpt>
      <trkpt lat="-0.86585" lon="36.29835">
        <ele>2008.1</ele>
      </trkpt>
      <trkpt lat="-0.86555" lon="36.29816">
        <ele>2008.6</ele>
      </trkpt>
      <trkpt lat="-0.86537" lon="36.29805">
        <ele>2008.4</ele>
      </trkpt>
      <trkpt lat="-0.86508" lon="36.29788">
        <ele>2006.8</ele>
      </trkpt>
      <trkpt lat="-0.86493" lon="36.29779">
        <ele>2005.9</ele>
      </trkpt>
      <trkpt lat="-0.86481" lon="36.29772">
        <ele>2005.3</ele>
      </trkpt>
      <trkpt lat="-0.86477" lon="36.2977">
        <ele>2005.1</ele>
      </trkpt>
      <trkpt lat="-0.86409" lon="36.29732">
        <ele>2000.4</ele>
      </trkpt>
      <trkpt lat="-0.864" lon="36.29727">
        <ele>2000.0</ele>
      </trkpt>
      <trkpt lat="-0.86367" lon="36.2971">
        <ele>1997.9</ele>
      </trkpt>
      <trkpt lat="-0.86319" lon="36.29686">
        <ele>1995.0</ele>
      </trkpt>
      <trkpt lat="-0.86292" lon="36.29672">
        <ele>1994.3</ele>
      </trkpt>
      <trkpt lat="-0.86271" lon="36.29661">
        <ele>1993.9</ele>
      </trkpt>
      <trkpt lat="-0.86254" lon="36.29653">
        <ele>1993.7</ele>
      </trkpt>
      <trkpt lat="-0.86209" lon="36.2963">
        <ele>1993.0</ele>
      </trkpt>
      <trkpt lat="-0.86172" lon="36.29609">
        <ele>1991.2</ele>
      </trkpt>
      <trkpt lat="-0.86124" lon="36.29578">
        <ele>1988.4</ele>
      </trkpt>
      <trkpt lat="-0.86085" lon="36.29543">
        <ele>1986.6</ele>
      </trkpt>
      <trkpt lat="-0.86079" lon="36.29537">
        <ele>1986.3</ele>
      </trkpt>
      <trkpt lat="-0.86043" lon="36.29497">
        <ele>1983.9</ele>
      </trkpt>
      <trkpt lat="-0.86007" lon="36.29451">
        <ele>1981.4</ele>
      </trkpt>
      <trkpt lat="-0.85996" lon="36.29433">
        <ele>1980.6</ele>
      </trkpt>
      <trkpt lat="-0.85974" lon="36.29403">
        <ele>1979.6</ele>
      </trkpt>
      <trkpt lat="-0.85957" lon="36.2938199">
        <ele>1978.9</ele>
      </trkpt>
      <trkpt lat="-0.85954" lon="36.29378">
        <ele>1978.7</ele>
      </trkpt>
      <trkpt lat="-0.85942" lon="36.29365">
        <ele>1978.5</ele>
      </trkpt>
      <trkpt lat="-0.8593" lon="36.29352">
        <ele>1978.3</ele>
      </trkpt>
      <trkpt lat="-0.85929" lon="36.29351">
        <ele>1978.3</ele>
      </trkpt>
      <trkpt lat="-0.85917" lon="36.29339">
        <ele>1978.2</ele>
      </trkpt>
      <trkpt lat="-0.85895" lon="36.29317">
        <ele>1978.4</ele>
      </trkpt>
      <trkpt lat="-0.85892" lon="36.29314">
        <ele>1978.5</ele>
      </trkpt>
      <trkpt lat="-0.85878" lon="36.29302">
        <ele>1978.5</ele>
      </trkpt>
      <trkpt lat="-0.85863" lon="36.29291">
        <ele>1978.4</ele>
      </trkpt>
      <trkpt lat="-0.85832" lon="36.29268">
        <ele>1977.9</ele>
      </trkpt>
      <trkpt lat="-0.85792" lon="36.29244">
        <ele>1976.8</ele>
      </trkpt>
      <trkpt lat="-0.85789" lon="36.29243">
        <ele>1976.8</ele>
      </trkpt>
      <trkpt lat="-0.85772" lon="36.29234">
        <ele>1976.5</ele>
      </trkpt>
      <trkpt lat="-0.85756" lon="36.29226">
        <ele>1976.2</ele>
      </trkpt>
      <trkpt lat="-0.85751" lon="36.29224">
        <ele>1976.1</ele>
      </trkpt>
      <trkpt lat="-0.85739" lon="36.29219">
        <ele>1976.1</ele>
      </trkpt>
      <trkpt lat="-0.85724" lon="36.29213">
        <ele>1976.1</ele>
      </trkpt>
      <trkpt lat="-0.85723" lon="36.29213">
        <ele>1976.1</ele>
      </trkpt>
      <trkpt lat="-0.85706" lon="36.29207">
        <ele>1976.3</ele>
      </trkpt>
      <trkpt lat="-0.857" lon="36.29206">
        <ele>1976.3</ele>
      </trkpt>
      <trkpt lat="-0.85673" lon="36.29197">
        <ele>1976.6</ele>
      </trkpt>
      <trkpt lat="-0.85632" lon="36.2918499">
        <ele>1976.5</ele>
      </trkpt>
      <trkpt lat="-0.85353" lon="36.29116">
        <ele>1974.2</ele>
      </trkpt>
      <trkpt lat="-0.85323" lon="36.29107">
        <ele>1974.4</ele>
      </trkpt>
      <trkpt lat="-0.85273" lon="36.29094">
        <ele>1973.0</ele>
      </trkpt>
      <trkpt lat="-0.85235" lon="36.29086">
        <ele>1971.7</ele>
      </trkpt>
      <trkpt lat="-0.85203" lon="36.29078">
        <ele>1970.6</ele>
      </trkpt>
      <trkpt lat="-0.85144" lon="36.2906199">
        <ele>1969.3</ele>
      </trkpt>
      <trkpt lat="-0.85113" lon="36.29054">
        <ele>1968.8</ele>
      </trkpt>
      <trkpt lat="-0.85046" lon="36.29038">
        <ele>1967.7</ele>
      </trkpt>
      <trkpt lat="-0.84995" lon="36.29025">
        <ele>1967.3</ele>
      </trkpt>
      <trkpt lat="-0.84905" lon="36.29003">
        <ele>1966.7</ele>
      </trkpt>
      <trkpt lat="-0.84835" lon="36.28987">
        <ele>1963.9</ele>
      </trkpt>
      <trkpt lat="-0.84763" lon="36.28968">
        <ele>1963.8</ele>
      </trkpt>
      <trkpt lat="-0.84722" lon="36.28958">
        <ele>1963.3</ele>
      </trkpt>
      <trkpt lat="-0.84686" lon="36.28951">
        <ele>1962.8</ele>
      </trkpt>
      <trkpt lat="-0.84641" lon="36.28945">
        <ele>1961.8</ele>
      </trkpt>
      <trkpt lat="-0.84585" lon="36.28944">
        <ele>1960.7</ele>
      </trkpt>
      <trkpt lat="-0.8456" lon="36.28946">
        <ele>1960.7</ele>
      </trkpt>
      <trkpt lat="-0.84534" lon="36.28948">
        <ele>1960.8</ele>
      </trkpt>
      <trkpt lat="-0.84532" lon="36.28948">
        <ele>1960.8</ele>
      </trkpt>
      <trkpt lat="-0.84514" lon="36.2894999">
        <ele>1960.8</ele>
      </trkpt>
      <trkpt lat="-0.84479" lon="36.28957">
        <ele>1960.6</ele>
      </trkpt>
      <trkpt lat="-0.84436" lon="36.28968">
        <ele>1959.8</ele>
      </trkpt>
      <trkpt lat="-0.84404" lon="36.28978">
        <ele>1959.2</ele>
      </trkpt>
      <trkpt lat="-0.84377" lon="36.2899">
        <ele>1958.5</ele>
      </trkpt>
      <trkpt lat="-0.84366" lon="36.28995">
        <ele>1958.1</ele>
      </trkpt>
      <trkpt lat="-0.84361" lon="36.28998">
        <ele>1957.8</ele>
      </trkpt>
      <trkpt lat="-0.8435" lon="36.29003">
        <ele>1957.8</ele>
      </trkpt>
      <trkpt lat="-0.84323" lon="36.29018">
        <ele>1959.2</ele>
      </trkpt>
      <trkpt lat="-0.84277" lon="36.29049">
        <ele>1959.7</ele>
      </trkpt>
      <trkpt lat="-0.8426" lon="36.2906199">
        <ele>1958.6</ele>
      </trkpt>
      <trkpt lat="-0.84242" lon="36.29078">
        <ele>1957.1</ele>
      </trkpt>
      <trkpt lat="-0.84216" lon="36.29102">
        <ele>1958.9</ele>
      </trkpt>
      <trkpt lat="-0.84207" lon="36.29111">
        <ele>1959.4</ele>
      </trkpt>
      <trkpt lat="-0.84199" lon="36.29119">
        <ele>1959.7</ele>
      </trkpt>
      <trkpt lat="-0.84182" lon="36.29139">
        <ele>1959.7</ele>
      </trkpt>
      <trkpt lat="-0.84166" lon="36.29157">
        <ele>1958.6</ele>
      </trkpt>
      <trkpt lat="-0.84155" lon="36.29172">
        <ele>1958.5</ele>
      </trkpt>
      <trkpt lat="-0.84142" lon="36.29192">
        <ele>1959.1</ele>
      </trkpt>
      <trkpt lat="-0.84129" lon="36.29213">
        <ele>1959.5</ele>
      </trkpt>
      <trkpt lat="-0.84111" lon="36.29248">
        <ele>1960.2</ele>
      </trkpt>
      <trkpt lat="-0.84099" lon="36.29277">
        <ele>1960.2</ele>
      </trkpt>
      <trkpt lat="-0.84085" lon="36.29315">
        <ele>1960.3</ele>
      </trkpt>
      <trkpt lat="-0.84074" lon="36.29354">
        <ele>1960.6</ele>
      </trkpt>
      <trkpt lat="-0.84066" lon="36.29387">
        <ele>1960.3</ele>
      </trkpt>
      <trkpt lat="-0.84063" lon="36.29406">
        <ele>1960.2</ele>
      </trkpt>
      <trkpt lat="-0.84058" lon="36.29454">
        <ele>1960.3</ele>
      </trkpt>
      <trkpt lat="-0.84058" lon="36.29468">
        <ele>1960.4</ele>
      </trkpt>
      <trkpt lat="-0.84057" lon="36.29525">
        <ele>1961.3</ele>
      </trkpt>
      <trkpt lat="-0.84056" lon="36.29557">
        <ele>1962.0</ele>
      </trkpt>
      <trkpt lat="-0.84055" lon="36.2959">
        <ele>1963.2</ele>
      </trkpt>
      <trkpt lat="-0.84051" lon="36.29628">
        <ele>1966.0</ele>
      </trkpt>
      <trkpt lat="-0.84043" lon="36.2967">
        <ele>1969.1</ele>
      </trkpt>
      <trkpt lat="-0.84032" lon="36.29709">
        <ele>1970.5</ele>
      </trkpt>
      <trkpt lat="-0.84021" lon="36.29742">
        <ele>1971.7</ele>
      </trkpt>
      <trkpt lat="-0.84011" lon="36.2976699">
        <ele>1972.1</ele>
      </trkpt>
      <trkpt lat="-0.84003" lon="36.29787">
        <ele>1972.0</ele>
      </trkpt>
      <trkpt lat="-0.84003" lon="36.29788">
        <ele>1972.0</ele>
      </trkpt>
      <trkpt lat="-0.83992" lon="36.29809">
        <ele>1971.5</ele>
      </trkpt>
      <trkpt lat="-0.83975" lon="36.29838">
        <ele>1970.8</ele>
      </trkpt>
      <trkpt lat="-0.8397" lon="36.29846">
        <ele>1971.0</ele>
      </trkpt>
      <trkpt lat="-0.83947" lon="36.2988">
        <ele>1971.5</ele>
      </trkpt>
      <trkpt lat="-0.83918" lon="36.29919">
        <ele>1971.2</ele>
      </trkpt>
      <trkpt lat="-0.83895" lon="36.29943">
        <ele>1971.7</ele>
      </trkpt>
      <trkpt lat="-0.83869" lon="36.29967">
        <ele>1972.3</ele>
      </trkpt>
      <trkpt lat="-0.83848" lon="36.29985">
        <ele>1972.6</ele>
      </trkpt>
      <trkpt lat="-0.83827" lon="36.30001">
        <ele>1972.8</ele>
      </trkpt>
      <trkpt lat="-0.83802" lon="36.30018">
        <ele>1972.5</ele>
      </trkpt>
      <trkpt lat="-0.83773" lon="36.30036">
        <ele>1972.1</ele>
      </trkpt>
      <trkpt lat="-0.83735" lon="36.3006">
        <ele>1971.6</ele>
      </trkpt>
      <trkpt lat="-0.837" lon="36.30074">
        <ele>1970.9</ele>
      </trkpt>
      <trkpt lat="-0.83673" lon="36.30081">
        <ele>1970.1</ele>
      </trkpt>
      <trkpt lat="-0.83641" lon="36.30091">
        <ele>1970.9</ele>
      </trkpt>
      <trkpt lat="-0.83604" lon="36.30099">
        <ele>1971.8</ele>
      </trkpt>
      <trkpt lat="-0.83592" lon="36.30101">
        <ele>1972.1</ele>
      </trkpt>
      <trkpt lat="-0.83549" lon="36.30107">
        <ele>1972.3</ele>
      </trkpt>
      <trkpt lat="-0.83518" lon="36.30109">
        <ele>1972.1</ele>
      </trkpt>
      <trkpt lat="-0.83485" lon="36.3011">
        <ele>1971.8</ele>
      </trkpt>
      <trkpt lat="-0.83443" lon="36.30109">
        <ele>1971.6</ele>
      </trkpt>
      <trkpt lat="-0.83407" lon="36.30104">
        <ele>1970.8</ele>
      </trkpt>
      <trkpt lat="-0.83389" lon="36.30101">
        <ele>1969.9</ele>
      </trkpt>
      <trkpt lat="-0.83364" lon="36.30096">
        <ele>1968.4</ele>
      </trkpt>
      <trkpt lat="-0.8335399" lon="36.30094">
        <ele>1967.8</ele>
      </trkpt>
      <trkpt lat="-0.83323" lon="36.3008499">
        <ele>1966.0</ele>
      </trkpt>
      <trkpt lat="-0.83281" lon="36.3007">
        <ele>1964.2</ele>
      </trkpt>
      <trkpt lat="-0.83261" lon="36.30062">
        <ele>1963.2</ele>
      </trkpt>
      <trkpt lat="-0.83246" lon="36.30055">
        <ele>1962.4</ele>
      </trkpt>
      <trkpt lat="-0.83235" lon="36.3005">
        <ele>1962.2</ele>
      </trkpt>
      <trkpt lat="-0.8319" lon="36.30027">
        <ele>1961.0</ele>
      </trkpt>
      <trkpt lat="-0.83143" lon="36.30002">
        <ele>1960.6</ele>
      </trkpt>
      <trkpt lat="-0.8312" lon="36.2999">
        <ele>1960.0</ele>
      </trkpt>
      <trkpt lat="-0.83001" lon="36.29934">
        <ele>1948.9</ele>
      </trkpt>
      <trkpt lat="-0.82968" lon="36.29918">
        <ele>1947.9</ele>
      </trkpt>
      <trkpt lat="-0.82956" lon="36.29912">
        <ele>1947.5</ele>
      </trkpt>
      <trkpt lat="-0.82947" lon="36.2990799">
        <ele>1947.3</ele>
      </trkpt>
      <trkpt lat="-0.82946" lon="36.29907">
        <ele>1947.2</ele>
      </trkpt>
      <trkpt lat="-0.82945" lon="36.29907">
        <ele>1947.2</ele>
      </trkpt>
      <trkpt lat="-0.829" lon="36.29884">
        <ele>1945.0</ele>
      </trkpt>
      <trkpt lat="-0.82881" lon="36.29875">
        <ele>1943.8</ele>
      </trkpt>
      <trkpt lat="-0.8284899" lon="36.29859">
        <ele>1941.8</ele>
      </trkpt>
      <trkpt lat="-0.8283199" lon="36.29852">
        <ele>1941.0</ele>
      </trkpt>
      <trkpt lat="-0.82816" lon="36.29844">
        <ele>1940.3</ele>
      </trkpt>
      <trkpt lat="-0.82809" lon="36.2984099">
        <ele>1940.0</ele>
      </trkpt>
      <trkpt lat="-0.828" lon="36.29836">
        <ele>1939.6</ele>
      </trkpt>
      <trkpt lat="-0.82768" lon="36.29819">
        <ele>1938.6</ele>
      </trkpt>
      <trkpt lat="-0.82751" lon="36.29811">
        <ele>1938.1</ele>
      </trkpt>
      <trkpt lat="-0.82736" lon="36.29803">
        <ele>1937.7</ele>
      </trkpt>
      <trkpt lat="-0.8270499" lon="36.29788">
        <ele>1936.7</ele>
      </trkpt>
      <trkpt lat="-0.82691" lon="36.29781">
        <ele>1936.1</ele>
      </trkpt>
      <trkpt lat="-0.82654" lon="36.29765">
        <ele>1934.5</ele>
      </trkpt>
      <trkpt lat="-0.82641" lon="36.2976">
        <ele>1933.8</ele>
      </trkpt>
      <trkpt lat="-0.82632" lon="36.29758">
        <ele>1933.5</ele>
      </trkpt>
      <trkpt lat="-0.82618" lon="36.29755">
        <ele>1933.0</ele>
      </trkpt>
      <trkpt lat="-0.8258299" lon="36.29748">
        <ele>1931.8</ele>
      </trkpt>
      <trkpt lat="-0.82556" lon="36.29746">
        <ele>1930.9</ele>
      </trkpt>
      <trkpt lat="-0.82532" lon="36.29746">
        <ele>1930.3</ele>
      </trkpt>
      <trkpt lat="-0.82513" lon="36.29748">
        <ele>1930.1</ele>
      </trkpt>
      <trkpt lat="-0.82495" lon="36.29751">
        <ele>1929.7</ele>
      </trkpt>
      <trkpt lat="-0.82475" lon="36.29756">
        <ele>1928.9</ele>
      </trkpt>
      <trkpt lat="-0.82457" lon="36.29763">
        <ele>1928.4</ele>
      </trkpt>
      <trkpt lat="-0.82454" lon="36.29764">
        <ele>1928.3</ele>
      </trkpt>
      <trkpt lat="-0.82447" lon="36.2976699">
        <ele>1928.1</ele>
      </trkpt>
      <trkpt lat="-0.82435" lon="36.29772">
        <ele>1927.9</ele>
      </trkpt>
      <trkpt lat="-0.82424" lon="36.29778">
        <ele>1927.9</ele>
      </trkpt>
      <trkpt lat="-0.82389" lon="36.29798">
        <ele>1927.6</ele>
      </trkpt>
      <trkpt lat="-0.82372" lon="36.29808">
        <ele>1927.4</ele>
      </trkpt>
      <trkpt lat="-0.82341" lon="36.29829">
        <ele>1927.2</ele>
      </trkpt>
      <trkpt lat="-0.82326" lon="36.29839">
        <ele>1927.0</ele>
      </trkpt>
      <trkpt lat="-0.82294" lon="36.29859">
        <ele>1926.2</ele>
      </trkpt>
      <trkpt lat="-0.82281" lon="36.29868">
        <ele>1925.8</ele>
      </trkpt>
      <trkpt lat="-0.82273" lon="36.29873">
        <ele>1925.5</ele>
      </trkpt>
      <trkpt lat="-0.8226599" lon="36.29877">
        <ele>1925.2</ele>
      </trkpt>
      <trkpt lat="-0.8225" lon="36.29885">
        <ele>1924.3</ele>
      </trkpt>
      <trkpt lat="-0.82248" lon="36.29886">
        <ele>1924.2</ele>
      </trkpt>
      <trkpt lat="-0.8224" lon="36.2989">
        <ele>1923.4</ele>
      </trkpt>
      <trkpt lat="-0.8223" lon="36.29893">
        <ele>1922.2</ele>
      </trkpt>
      <trkpt lat="-0.82223" lon="36.29895">
        <ele>1921.4</ele>
      </trkpt>
      <trkpt lat="-0.82215" lon="36.29897">
        <ele>1920.4</ele>
      </trkpt>
      <trkpt lat="-0.8221" lon="36.29898">
        <ele>1919.7</ele>
      </trkpt>
      <trkpt lat="-0.82204" lon="36.29898">
        <ele>1918.9</ele>
      </trkpt>
      <trkpt lat="-0.82198" lon="36.299">
        <ele>1918.1</ele>
      </trkpt>
      <trkpt lat="-0.82187" lon="36.29901">
        <ele>1916.6</ele>
      </trkpt>
      <trkpt lat="-0.82162" lon="36.29905">
        <ele>1913.5</ele>
      </trkpt>
      <trkpt lat="-0.82162" lon="36.29905">
        <ele>1913.5</ele>
      </trkpt>
      <trkpt lat="-0.82165" lon="36.29876">
        <ele>1912.9</ele>
      </trkpt>
      <trkpt lat="-0.8216599" lon="36.29859">
        <ele>1912.5</ele>
      </trkpt>
      <trkpt lat="-0.8217" lon="36.29835">
        <ele>1912.4</ele>
      </trkpt>
      <trkpt lat="-0.8218" lon="36.29773">
        <ele>1909.3</ele>
      </trkpt>
      <trkpt lat="-0.8219" lon="36.29726">
        <ele>1907.5</ele>
      </trkpt>
      <trkpt lat="-0.8219" lon="36.29725">
        <ele>1907.4</ele>
      </trkpt>
      <trkpt lat="-0.82192" lon="36.29713">
        <ele>1907.1</ele>
      </trkpt>
      <trkpt lat="-0.82193" lon="36.29704">
        <ele>1906.7</ele>
      </trkpt>
      <trkpt lat="-0.82203" lon="36.2964399">
        <ele>1905.0</ele>
      </trkpt>
      <trkpt lat="-0.8220499" lon="36.29636">
        <ele>1904.8</ele>
      </trkpt>
      <trkpt lat="-0.8221" lon="36.29616">
        <ele>1904.2</ele>
      </trkpt>
      <trkpt lat="-0.82216" lon="36.29594">
        <ele>1903.6</ele>
      </trkpt>
      <trkpt lat="-0.82219" lon="36.2957899">
        <ele>1903.3</ele>
      </trkpt>
      <trkpt lat="-0.82221" lon="36.29564">
        <ele>1903.3</ele>
      </trkpt>
      <trkpt lat="-0.8222199" lon="36.29551">
        <ele>1903.3</ele>
      </trkpt>
      <trkpt lat="-0.82223" lon="36.29534">
        <ele>1903.4</ele>
      </trkpt>
      <trkpt lat="-0.82221" lon="36.29501">
        <ele>1903.3</ele>
      </trkpt>
      <trkpt lat="-0.82221" lon="36.29496">
        <ele>1903.4</ele>
      </trkpt>
      <trkpt lat="-0.8222" lon="36.29458">
        <ele>1903.8</ele>
      </trkpt>
      <trkpt lat="-0.8222199" lon="36.29422">
        <ele>1904.3</ele>
      </trkpt>
      <trkpt lat="-0.82225" lon="36.29401">
        <ele>1904.2</ele>
      </trkpt>
      <trkpt lat="-0.82245" lon="36.29342">
        <ele>1904.7</ele>
      </trkpt>
      <trkpt lat="-0.82271" lon="36.29272">
        <ele>1903.5</ele>
      </trkpt>
      <trkpt lat="-0.82287" lon="36.29233">
        <ele>1902.9</ele>
      </trkpt>
      <trkpt lat="-0.823" lon="36.2920299">
        <ele>1902.9</ele>
      </trkpt>
      <trkpt lat="-0.82302" lon="36.29197">
        <ele>1902.9</ele>
      </trkpt>
      <trkpt lat="-0.8232199" lon="36.29151">
        <ele>1903.7</ele>
      </trkpt>
      <trkpt lat="-0.8234" lon="36.29107">
        <ele>1904.6</ele>
      </trkpt>
      <trkpt lat="-0.8236" lon="36.29061">
        <ele>1903.8</ele>
      </trkpt>
      <trkpt lat="-0.82384" lon="36.29005">
        <ele>1903.5</ele>
      </trkpt>
      <trkpt lat="-0.8240499" lon="36.2895899">
        <ele>1903.0</ele>
      </trkpt>
      <trkpt lat="-0.82409" lon="36.28949">
        <ele>1902.9</ele>
      </trkpt>
      <trkpt lat="-0.8243" lon="36.28897">
        <ele>1901.8</ele>
      </trkpt>
      <trkpt lat="-0.82459" lon="36.28827">
        <ele>1902.1</ele>
      </trkpt>
      <trkpt lat="-0.82477" lon="36.28782">
        <ele>1903.3</ele>
      </trkpt>
      <trkpt lat="-0.82485" lon="36.28764">
        <ele>1904.0</ele>
      </trkpt>
      <trkpt lat="-0.82518" lon="36.28683">
        <ele>1904.2</ele>
      </trkpt>
      <trkpt lat="-0.82526" lon="36.28666">
        <ele>1904.0</ele>
      </trkpt>
      <trkpt lat="-0.82569" lon="36.28569">
        <ele>1901.4</ele>
      </trkpt>
      <trkpt lat="-0.82591" lon="36.2851799">
        <ele>1898.7</ele>
      </trkpt>
      <trkpt lat="-0.82608" lon="36.28479">
        <ele>1897.9</ele>
      </trkpt>
      <trkpt lat="-0.82631" lon="36.28431">
        <ele>1897.1</ele>
      </trkpt>
      <trkpt lat="-0.82643" lon="36.28403">
        <ele>1897.3</ele>
      </trkpt>
      <trkpt lat="-0.8265" lon="36.28389">
        <ele>1897.9</ele>
      </trkpt>
      <trkpt lat="-0.8267099" lon="36.28343">
        <ele>1898.8</ele>
      </trkpt>
      <trkpt lat="-0.82689" lon="36.2830299">
        <ele>1900.0</ele>
      </trkpt>
      <trkpt lat="-0.82701" lon="36.28277">
        <ele>1900.3</ele>
      </trkpt>
      <trkpt lat="-0.82711" lon="36.28255">
        <ele>1900.4</ele>
      </trkpt>
      <trkpt lat="-0.82719" lon="36.28234">
        <ele>1900.2</ele>
      </trkpt>
      <trkpt lat="-0.82726" lon="36.28214">
        <ele>1900.0</ele>
      </trkpt>
      <trkpt lat="-0.82735" lon="36.2817999">
        <ele>1899.7</ele>
      </trkpt>
      <trkpt lat="-0.82741" lon="36.28158">
        <ele>1899.5</ele>
      </trkpt>
      <trkpt lat="-0.82745" lon="36.28138">
        <ele>1899.6</ele>
      </trkpt>
      <trkpt lat="-0.82747" lon="36.28123">
        <ele>1899.6</ele>
      </trkpt>
      <trkpt lat="-0.8274899" lon="36.28101">
        <ele>1899.8</ele>
      </trkpt>
      <trkpt lat="-0.8275" lon="36.28088">
        <ele>1899.9</ele>
      </trkpt>
      <trkpt lat="-0.8275" lon="36.2805899">
        <ele>1900.6</ele>
      </trkpt>
      <trkpt lat="-0.8274899" lon="36.28039">
        <ele>1901.1</ele>
      </trkpt>
      <trkpt lat="-0.82747" lon="36.2802">
        <ele>1901.6</ele>
      </trkpt>
      <trkpt lat="-0.82742" lon="36.27988">
        <ele>1902.4</ele>
      </trkpt>
      <trkpt lat="-0.82733" lon="36.27951">
        <ele>1903.2</ele>
      </trkpt>
      <trkpt lat="-0.8273" lon="36.27945">
        <ele>1903.3</ele>
      </trkpt>
      <trkpt lat="-0.82713" lon="36.279">
        <ele>1904.3</ele>
      </trkpt>
      <trkpt lat="-0.82706" lon="36.27878">
        <ele>1905.1</ele>
      </trkpt>
      <trkpt lat="-0.82698" lon="36.27855">
        <ele>1905.9</ele>
      </trkpt>
      <trkpt lat="-0.82694" lon="36.27844">
        <ele>1906.2</ele>
      </trkpt>
      <trkpt lat="-0.8268799" lon="36.27823">
        <ele>1907.2</ele>
      </trkpt>
      <trkpt lat="-0.82684" lon="36.2781">
        <ele>1908.0</ele>
      </trkpt>
      <trkpt lat="-0.82673" lon="36.27764">
        <ele>1910.5</ele>
      </trkpt>
      <trkpt lat="-0.8267099" lon="36.27737">
        <ele>1910.5</ele>
      </trkpt>
      <trkpt lat="-0.8267" lon="36.277">
        <ele>1908.2</ele>
      </trkpt>
      <trkpt lat="-0.82674" lon="36.27664">
        <ele>1906.6</ele>
      </trkpt>
      <trkpt lat="-0.82678" lon="36.2762699">
        <ele>1907.2</ele>
      </trkpt>
      <trkpt lat="-0.82691" lon="36.2754">
        <ele>1907.1</ele>
      </trkpt>
      <trkpt lat="-0.82709" lon="36.27425">
        <ele>1905.7</ele>
      </trkpt>
      <trkpt lat="-0.8270999" lon="36.27419">
        <ele>1905.6</ele>
      </trkpt>
      <trkpt lat="-0.82724" lon="36.2733599">
        <ele>1903.1</ele>
      </trkpt>
      <trkpt lat="-0.82724" lon="36.27333">
        <ele>1903.0</ele>
      </trkpt>
      <trkpt lat="-0.82732" lon="36.27279">
        <ele>1903.9</ele>
      </trkpt>
      <trkpt lat="-0.82736" lon="36.27248">
        <ele>1904.4</ele>
      </trkpt>
      <trkpt lat="-0.8274399" lon="36.27205">
        <ele>1903.2</ele>
      </trkpt>
      <trkpt lat="-0.82748" lon="36.27181">
        <ele>1902.5</ele>
      </trkpt>
      <trkpt lat="-0.82755" lon="36.27141">
        <ele>1903.5</ele>
      </trkpt>
      <trkpt lat="-0.82757" lon="36.27133">
        <ele>1903.9</ele>
      </trkpt>
      <trkpt lat="-0.82765" lon="36.27074">
        <ele>1905.7</ele>
      </trkpt>
      <trkpt lat="-0.8276599" lon="36.2707">
        <ele>1905.5</ele>
      </trkpt>
      <trkpt lat="-0.82769" lon="36.27044">
        <ele>1904.1</ele>
      </trkpt>
      <trkpt lat="-0.82777" lon="36.26985">
        <ele>1901.7</ele>
      </trkpt>
      <trkpt lat="-0.82785" lon="36.26914">
        <ele>1900.9</ele>
      </trkpt>
      <trkpt lat="-0.82786" lon="36.26909">
        <ele>1901.0</ele>
      </trkpt>
      <trkpt lat="-0.82792" lon="36.26856">
        <ele>1901.7</ele>
      </trkpt>
      <trkpt lat="-0.82801" lon="36.26784">
        <ele>1902.0</ele>
      </trkpt>
      <trkpt lat="-0.8280499" lon="36.26753">
        <ele>1902.0</ele>
      </trkpt>
      <trkpt lat="-0.8280499" lon="36.26749">
        <ele>1902.0</ele>
      </trkpt>
      <trkpt lat="-0.82807" lon="36.26729">
        <ele>1901.8</ele>
      </trkpt>
      <trkpt lat="-0.82809" lon="36.2671">
        <ele>1901.6</ele>
      </trkpt>
      <trkpt lat="-0.82811" lon="36.26696">
        <ele>1901.5</ele>
      </trkpt>
      <trkpt lat="-0.82811" lon="36.26684">
        <ele>1901.4</ele>
      </trkpt>
      <trkpt lat="-0.82811" lon="36.26672">
        <ele>1901.3</ele>
      </trkpt>
      <trkpt lat="-0.8280999" lon="36.2665099">
        <ele>1901.5</ele>
      </trkpt>
      <trkpt lat="-0.82808" lon="36.26629">
        <ele>1901.9</ele>
      </trkpt>
      <trkpt lat="-0.82808" lon="36.26619">
        <ele>1902.1</ele>
      </trkpt>
      <trkpt lat="-0.82807" lon="36.26611">
        <ele>1902.2</ele>
      </trkpt>
      <trkpt lat="-0.8280499" lon="36.26597">
        <ele>1902.4</ele>
      </trkpt>
      <trkpt lat="-0.828" lon="36.26571">
        <ele>1903.0</ele>
      </trkpt>
      <trkpt lat="-0.82795" lon="36.26552">
        <ele>1903.8</ele>
      </trkpt>
      <trkpt lat="-0.82786" lon="36.26529">
        <ele>1904.8</ele>
      </trkpt>
      <trkpt lat="-0.82774" lon="36.26505">
        <ele>1906.0</ele>
      </trkpt>
      <trkpt lat="-0.8276599" lon="36.26493">
        <ele>1906.7</ele>
      </trkpt>
      <trkpt lat="-0.82763" lon="36.26488">
        <ele>1906.9</ele>
      </trkpt>
      <trkpt lat="-0.82756" lon="36.26479">
        <ele>1907.4</ele>
      </trkpt>
      <trkpt lat="-0.82756" lon="36.26478">
        <ele>1907.4</ele>
      </trkpt>
      <trkpt lat="-0.8275" lon="36.26471">
        <ele>1907.7</ele>
      </trkpt>
      <trkpt lat="-0.82734" lon="36.26451">
        <ele>1908.1</ele>
      </trkpt>
      <trkpt lat="-0.82717" lon="36.26433">
        <ele>1907.8</ele>
      </trkpt>
      <trkpt lat="-0.82696" lon="36.26414">
        <ele>1906.6</ele>
      </trkpt>
      <trkpt lat="-0.82681" lon="36.26401">
        <ele>1905.9</ele>
      </trkpt>
      <trkpt lat="-0.82669" lon="36.2639">
        <ele>1905.5</ele>
      </trkpt>
      <trkpt lat="-0.8263" lon="36.26355">
        <ele>1907.5</ele>
      </trkpt>
      <trkpt lat="-0.82611" lon="36.26338">
        <ele>1908.0</ele>
      </trkpt>
      <trkpt lat="-0.82592" lon="36.26321">
        <ele>1908.2</ele>
      </trkpt>
      <trkpt lat="-0.82561" lon="36.26296">
        <ele>1906.7</ele>
      </trkpt>
      <trkpt lat="-0.82538" lon="36.26277">
        <ele>1904.1</ele>
      </trkpt>
      <trkpt lat="-0.82521" lon="36.26263">
        <ele>1901.5</ele>
      </trkpt>
      <trkpt lat="-0.82458" lon="36.26212">
        <ele>1901.1</ele>
      </trkpt>
      <trkpt lat="-0.82414" lon="36.26175">
        <ele>1902.4</ele>
      </trkpt>
      <trkpt lat="-0.82365" lon="36.26136">
        <ele>1902.7</ele>
      </trkpt>
      <trkpt lat="-0.82346" lon="36.26122">
        <ele>1903.4</ele>
      </trkpt>
      <trkpt lat="-0.82332" lon="36.26111">
        <ele>1904.0</ele>
      </trkpt>
      <trkpt lat="-0.82307" lon="36.26093">
        <ele>1903.9</ele>
      </trkpt>
      <trkpt lat="-0.82303" lon="36.2609">
        <ele>1903.8</ele>
      </trkpt>
      <trkpt lat="-0.82296" lon="36.26084">
        <ele>1903.6</ele>
      </trkpt>
      <trkpt lat="-0.82274" lon="36.2606899">
        <ele>1903.2</ele>
      </trkpt>
      <trkpt lat="-0.82259" lon="36.26058">
        <ele>1902.7</ele>
      </trkpt>
      <trkpt lat="-0.82248" lon="36.26052">
        <ele>1902.2</ele>
      </trkpt>
      <trkpt lat="-0.8222" lon="36.26034">
        <ele>1900.7</ele>
      </trkpt>
      <trkpt lat="-0.82195" lon="36.26019">
        <ele>1899.1</ele>
      </trkpt>
      <trkpt lat="-0.82172" lon="36.26005">
        <ele>1897.5</ele>
      </trkpt>
      <trkpt lat="-0.82168" lon="36.26003">
        <ele>1897.2</ele>
      </trkpt>
      <trkpt lat="-0.8216599" lon="36.26002">
        <ele>1897.1</ele>
      </trkpt>
      <trkpt lat="-0.82135" lon="36.2598399">
        <ele>1898.7</ele>
      </trkpt>
      <trkpt lat="-0.82125" lon="36.25977">
        <ele>1899.0</ele>
      </trkpt>
      <trkpt lat="-0.82063" lon="36.25947">
        <ele>1899.4</ele>
      </trkpt>
      <trkpt lat="-0.82055" lon="36.25944">
        <ele>1899.4</ele>
      </trkpt>
      <trkpt lat="-0.82043" lon="36.2594">
        <ele>1899.5</ele>
      </trkpt>
      <trkpt lat="-0.8203899" lon="36.25939">
        <ele>1899.5</ele>
      </trkpt>
      <trkpt lat="-0.82019" lon="36.25934">
        <ele>1899.6</ele>
      </trkpt>
      <trkpt lat="-0.81976" lon="36.25924">
        <ele>1900.5</ele>
      </trkpt>
      <trkpt lat="-0.81956" lon="36.25921">
        <ele>1901.3</ele>
      </trkpt>
      <trkpt lat="-0.81918" lon="36.25917">
        <ele>1903.0</ele>
      </trkpt>
      <trkpt lat="-0.81907" lon="36.25915">
        <ele>1903.0</ele>
      </trkpt>
      <trkpt lat="-0.8186" lon="36.25912">
        <ele>1903.1</ele>
      </trkpt>
      <trkpt lat="-0.8186" lon="36.25912">
        <ele>1903.1</ele>
      </trkpt>
      <trkpt lat="-0.8184" lon="36.2591899">
        <ele>1903.1</ele>
      </trkpt>
      <trkpt lat="-0.81826" lon="36.25926">
        <ele>1903.6</ele>
      </trkpt>
      <trkpt lat="-0.81807" lon="36.25935">
        <ele>1904.3</ele>
      </trkpt>
      <trkpt lat="-0.81781" lon="36.25951">
        <ele>1904.8</ele>
      </trkpt>
      <trkpt lat="-0.81754" lon="36.25968">
        <ele>1904.8</ele>
      </trkpt>
      <trkpt lat="-0.81737" lon="36.25981">
        <ele>1903.9</ele>
      </trkpt>
      <trkpt lat="-0.81713" lon="36.26002">
        <ele>1901.9</ele>
      </trkpt>
      <trkpt lat="-0.81708" lon="36.26006">
        <ele>1901.8</ele>
      </trkpt>
      <trkpt lat="-0.81686" lon="36.26027">
        <ele>1902.0</ele>
      </trkpt>
      <trkpt lat="-0.8164" lon="36.2606899">
        <ele>1905.0</ele>
      </trkpt>
      <trkpt lat="-0.81599" lon="36.26098">
        <ele>1906.5</ele>
      </trkpt>
      <trkpt lat="-0.8156" lon="36.26128">
        <ele>1905.9</ele>
      </trkpt>
      <trkpt lat="-0.81523" lon="36.26153">
        <ele>1904.8</ele>
      </trkpt>
      <trkpt lat="-0.81507" lon="36.26161">
        <ele>1904.3</ele>
      </trkpt>
      <trkpt lat="-0.8149" lon="36.26167">
        <ele>1904.2</ele>
      </trkpt>
      <trkpt lat="-0.81489" lon="36.26167">
        <ele>1904.3</ele>
      </trkpt>
      <trkpt lat="-0.8147" lon="36.26171">
        <ele>1904.7</ele>
      </trkpt>
      <trkpt lat="-0.81454" lon="36.2617199">
        <ele>1905.1</ele>
      </trkpt>
      <trkpt lat="-0.81452" lon="36.2617199">
        <ele>1905.1</ele>
      </trkpt>
      <trkpt lat="-0.81419" lon="36.26173">
        <ele>1906.0</ele>
      </trkpt>
      <trkpt lat="-0.81418" lon="36.26173">
        <ele>1906.0</ele>
      </trkpt>
      <trkpt lat="-0.81375" lon="36.26168">
        <ele>1906.5</ele>
      </trkpt>
      <trkpt lat="-0.81365" lon="36.26166">
        <ele>1906.7</ele>
      </trkpt>
      <trkpt lat="-0.8133899" lon="36.2616">
        <ele>1907.6</ele>
      </trkpt>
      <trkpt lat="-0.81293" lon="36.26147">
        <ele>1911.1</ele>
      </trkpt>
      <trkpt lat="-0.81279" lon="36.26142">
        <ele>1912.3</ele>
      </trkpt>
      <trkpt lat="-0.81262" lon="36.26136">
        <ele>1913.7</ele>
      </trkpt>
      <trkpt lat="-0.81249" lon="36.26131">
        <ele>1914.9</ele>
      </trkpt>
      <trkpt lat="-0.81218" lon="36.26114">
        <ele>1918.3</ele>
      </trkpt>
      <trkpt lat="-0.81198" lon="36.26103">
        <ele>1920.2</ele>
      </trkpt>
      <trkpt lat="-0.81182" lon="36.26094">
        <ele>1921.6</ele>
      </trkpt>
      <trkpt lat="-0.81179" lon="36.26092">
        <ele>1921.9</ele>
      </trkpt>
      <trkpt lat="-0.81131" lon="36.26062">
        <ele>1924.6</ele>
      </trkpt>
      <trkpt lat="-0.80966" lon="36.2596">
        <ele>1928.5</ele>
      </trkpt>
      <trkpt lat="-0.80893" lon="36.25907">
        <ele>1931.1</ele>
      </trkpt>
      <trkpt lat="-0.80814" lon="36.25853">
        <ele>1933.2</ele>
      </trkpt>
      <trkpt lat="-0.8077" lon="36.25828">
        <ele>1933.2</ele>
      </trkpt>
      <trkpt lat="-0.80726" lon="36.25801">
        <ele>1933.2</ele>
      </trkpt>
      <trkpt lat="-0.80711" lon="36.25791">
        <ele>1933.2</ele>
      </trkpt>
      <trkpt lat="-0.80697" lon="36.25785">
        <ele>1933.0</ele>
      </trkpt>
      <trkpt lat="-0.80685" lon="36.2578">
        <ele>1932.8</ele>
      </trkpt>
      <trkpt lat="-0.80669" lon="36.25775">
        <ele>1932.4</ele>
      </trkpt>
      <trkpt lat="-0.80649" lon="36.25772">
        <ele>1932.3</ele>
      </trkpt>
      <trkpt lat="-0.8064" lon="36.2577">
        <ele>1932.4</ele>
      </trkpt>
      <trkpt lat="-0.80631" lon="36.25768">
        <ele>1932.4</ele>
      </trkpt>
      <trkpt lat="-0.80597" lon="36.25759">
        <ele>1933.0</ele>
      </trkpt>
      <trkpt lat="-0.80553" lon="36.25745">
        <ele>1932.4</ele>
      </trkpt>
      <trkpt lat="-0.80492" lon="36.25724">
        <ele>1929.6</ele>
      </trkpt>
      <trkpt lat="-0.804" lon="36.2569299">
        <ele>1925.5</ele>
      </trkpt>
      <trkpt lat="-0.80238" lon="36.25639">
        <ele>1925.6</ele>
      </trkpt>
      <trkpt lat="-0.8018499" lon="36.25622">
        <ele>1925.5</ele>
      </trkpt>
      <trkpt lat="-0.80114" lon="36.25596">
        <ele>1924.8</ele>
      </trkpt>
      <trkpt lat="-0.80099" lon="36.25591">
        <ele>1924.4</ele>
      </trkpt>
      <trkpt lat="-0.79994" lon="36.25554">
        <ele>1917.4</ele>
      </trkpt>
      <trkpt lat="-0.79954" lon="36.2554">
        <ele>1917.5</ele>
      </trkpt>
      <trkpt lat="-0.7986799" lon="36.25508">
        <ele>1917.8</ele>
      </trkpt>
      <trkpt lat="-0.79786" lon="36.25479">
        <ele>1915.8</ele>
      </trkpt>
      <trkpt lat="-0.79696" lon="36.25453">
        <ele>1912.3</ele>
      </trkpt>
      <trkpt lat="-0.79614" lon="36.25421">
        <ele>1912.1</ele>
      </trkpt>
      <trkpt lat="-0.79574" lon="36.25405">
        <ele>1911.3</ele>
      </trkpt>
      <trkpt lat="-0.79507" lon="36.25382">
        <ele>1907.4</ele>
      </trkpt>
      <trkpt lat="-0.79462" lon="36.2535">
        <ele>1906.6</ele>
      </trkpt>
      <trkpt lat="-0.79381" lon="36.25321">
        <ele>1906.9</ele>
      </trkpt>
      <trkpt lat="-0.7917999" lon="36.2525">
        <ele>1907.0</ele>
      </trkpt>
      <trkpt lat="-0.79126" lon="36.2524299">
        <ele>1908.9</ele>
      </trkpt>
      <trkpt lat="-0.79057" lon="36.25241">
        <ele>1911.3</ele>
      </trkpt>
      <trkpt lat="-0.78976" lon="36.2524299">
        <ele>1911.4</ele>
      </trkpt>
      <trkpt lat="-0.7897" lon="36.25244">
        <ele>1911.1</ele>
      </trkpt>
      <trkpt lat="-0.78798" lon="36.25254">
        <ele>1908.0</ele>
      </trkpt>
      <trkpt lat="-0.78752" lon="36.25256">
        <ele>1909.4</ele>
      </trkpt>
      <trkpt lat="-0.78747" lon="36.25257">
        <ele>1909.5</ele>
      </trkpt>
      <trkpt lat="-0.78734" lon="36.25257">
        <ele>1909.2</ele>
      </trkpt>
      <trkpt lat="-0.785" lon="36.2527">
        <ele>1907.2</ele>
      </trkpt>
      <trkpt lat="-0.78423" lon="36.25275">
        <ele>1905.6</ele>
      </trkpt>
      <trkpt lat="-0.7837499" lon="36.25277">
        <ele>1908.0</ele>
      </trkpt>
      <trkpt lat="-0.78262" lon="36.25283">
        <ele>1907.4</ele>
      </trkpt>
      <trkpt lat="-0.78195" lon="36.2528999">
        <ele>1907.5</ele>
      </trkpt>
      <trkpt lat="-0.78177" lon="36.25292">
        <ele>1907.5</ele>
      </trkpt>
      <trkpt lat="-0.78095" lon="36.25303">
        <ele>1908.4</ele>
      </trkpt>
      <trkpt lat="-0.7806999" lon="36.25307">
        <ele>1908.9</ele>
      </trkpt>
      <trkpt lat="-0.77857" lon="36.2534">
        <ele>1910.2</ele>
      </trkpt>
      <trkpt lat="-0.77817" lon="36.2534599">
        <ele>1911.3</ele>
      </trkpt>
      <trkpt lat="-0.77751" lon="36.25357">
        <ele>1913.8</ele>
      </trkpt>
      <trkpt lat="-0.7772599" lon="36.25361">
        <ele>1912.7</ele>
      </trkpt>
      <trkpt lat="-0.77639" lon="36.25376">
        <ele>1911.7</ele>
      </trkpt>
      <trkpt lat="-0.7760899" lon="36.2538399">
        <ele>1912.8</ele>
      </trkpt>
      <trkpt lat="-0.7759" lon="36.25392">
        <ele>1913.4</ele>
      </trkpt>
      <trkpt lat="-0.77564" lon="36.25411">
        <ele>1912.3</ele>
      </trkpt>
      <trkpt lat="-0.7756" lon="36.25414">
        <ele>1912.0</ele>
      </trkpt>
      <trkpt lat="-0.77539" lon="36.25438">
        <ele>1910.2</ele>
      </trkpt>
      <trkpt lat="-0.77518" lon="36.25463">
        <ele>1908.3</ele>
      </trkpt>
      <trkpt lat="-0.77489" lon="36.25511">
        <ele>1906.2</ele>
      </trkpt>
      <trkpt lat="-0.77479" lon="36.25527">
        <ele>1906.7</ele>
      </trkpt>
      <trkpt lat="-0.77441" lon="36.25588">
        <ele>1908.2</ele>
      </trkpt>
      <trkpt lat="-0.77405" lon="36.25647">
        <ele>1910.6</ele>
      </trkpt>
      <trkpt lat="-0.77403" lon="36.2565">
        <ele>1910.7</ele>
      </trkpt>
      <trkpt lat="-0.7734799" lon="36.25735">
        <ele>1913.8</ele>
      </trkpt>
      <trkpt lat="-0.77346" lon="36.25737">
        <ele>1913.8</ele>
      </trkpt>
      <trkpt lat="-0.77336" lon="36.25752">
        <ele>1914.2</ele>
      </trkpt>
      <trkpt lat="-0.7732599" lon="36.25767">
        <ele>1914.1</ele>
      </trkpt>
      <trkpt lat="-0.77317" lon="36.25779">
        <ele>1914.0</ele>
      </trkpt>
      <trkpt lat="-0.77316" lon="36.25781">
        <ele>1914.0</ele>
      </trkpt>
      <trkpt lat="-0.77306" lon="36.25797">
        <ele>1914.0</ele>
      </trkpt>
      <trkpt lat="-0.77297" lon="36.25812">
        <ele>1914.1</ele>
      </trkpt>
      <trkpt lat="-0.7729" lon="36.2582499">
        <ele>1914.2</ele>
      </trkpt>
      <trkpt lat="-0.77288" lon="36.25828">
        <ele>1914.2</ele>
      </trkpt>
      <trkpt lat="-0.77278" lon="36.25843">
        <ele>1914.3</ele>
      </trkpt>
      <trkpt lat="-0.77268" lon="36.25858">
        <ele>1914.3</ele>
      </trkpt>
      <trkpt lat="-0.7726499" lon="36.2586299">
        <ele>1914.3</ele>
      </trkpt>
      <trkpt lat="-0.77257" lon="36.2587199">
        <ele>1914.2</ele>
      </trkpt>
      <trkpt lat="-0.77244" lon="36.25885">
        <ele>1914.1</ele>
      </trkpt>
      <trkpt lat="-0.77232" lon="36.25898">
        <ele>1914.0</ele>
      </trkpt>
      <trkpt lat="-0.7723" lon="36.259">
        <ele>1913.9</ele>
      </trkpt>
      <trkpt lat="-0.77219" lon="36.2590999">
        <ele>1913.8</ele>
      </trkpt>
      <trkpt lat="-0.77207" lon="36.25923">
        <ele>1913.4</ele>
      </trkpt>
      <trkpt lat="-0.77194" lon="36.25936">
        <ele>1912.9</ele>
      </trkpt>
      <trkpt lat="-0.77185" lon="36.25945">
        <ele>1912.5</ele>
      </trkpt>
      <trkpt lat="-0.77181" lon="36.25948">
        <ele>1912.3</ele>
      </trkpt>
      <trkpt lat="-0.77167" lon="36.2596">
        <ele>1911.5</ele>
      </trkpt>
      <trkpt lat="-0.77154" lon="36.25972">
        <ele>1911.0</ele>
      </trkpt>
      <trkpt lat="-0.7714" lon="36.25983">
        <ele>1910.5</ele>
      </trkpt>
      <trkpt lat="-0.77131" lon="36.25991">
        <ele>1910.2</ele>
      </trkpt>
      <trkpt lat="-0.7712599" lon="36.25995">
        <ele>1910.1</ele>
      </trkpt>
      <trkpt lat="-0.77113" lon="36.26007">
        <ele>1909.9</ele>
      </trkpt>
      <trkpt lat="-0.7709899" lon="36.26019">
        <ele>1909.8</ele>
      </trkpt>
      <trkpt lat="-0.77086" lon="36.2603099">
        <ele>1909.8</ele>
      </trkpt>
      <trkpt lat="-0.77075" lon="36.26041">
        <ele>1909.9</ele>
      </trkpt>
      <trkpt lat="-0.77073" lon="36.26043">
        <ele>1909.9</ele>
      </trkpt>
      <trkpt lat="-0.7705999" lon="36.26056">
        <ele>1910.0</ele>
      </trkpt>
      <trkpt lat="-0.77047" lon="36.26068">
        <ele>1909.9</ele>
      </trkpt>
      <trkpt lat="-0.77034" lon="36.26081">
        <ele>1909.8</ele>
      </trkpt>
      <trkpt lat="-0.7702599" lon="36.26089">
        <ele>1909.7</ele>
      </trkpt>
      <trkpt lat="-0.7702099" lon="36.26094">
        <ele>1909.6</ele>
      </trkpt>
      <trkpt lat="-0.77009" lon="36.2610699">
        <ele>1909.5</ele>
      </trkpt>
      <trkpt lat="-0.76997" lon="36.2612">
        <ele>1909.5</ele>
      </trkpt>
      <trkpt lat="-0.76984" lon="36.26133">
        <ele>1909.7</ele>
      </trkpt>
      <trkpt lat="-0.7698" lon="36.26137">
        <ele>1909.7</ele>
      </trkpt>
      <trkpt lat="-0.76971" lon="36.26145">
        <ele>1909.8</ele>
      </trkpt>
      <trkpt lat="-0.76958" lon="36.26158">
        <ele>1909.9</ele>
      </trkpt>
      <trkpt lat="-0.76945" lon="36.2617">
        <ele>1909.9</ele>
      </trkpt>
      <trkpt lat="-0.76936" lon="36.26179">
        <ele>1909.5</ele>
      </trkpt>
      <trkpt lat="-0.76932" lon="36.26182">
        <ele>1909.3</ele>
      </trkpt>
      <trkpt lat="-0.76917" lon="36.26193">
        <ele>1908.7</ele>
      </trkpt>
      <trkpt lat="-0.76903" lon="36.26204">
        <ele>1908.8</ele>
      </trkpt>
      <trkpt lat="-0.76867" lon="36.2622799">
        <ele>1909.0</ele>
      </trkpt>
      <trkpt lat="-0.76822" lon="36.2626">
        <ele>1909.0</ele>
      </trkpt>
      <trkpt lat="-0.76797" lon="36.26283">
        <ele>1908.9</ele>
      </trkpt>
      <trkpt lat="-0.76746" lon="36.26334">
        <ele>1908.2</ele>
      </trkpt>
      <trkpt lat="-0.76684" lon="36.26396">
        <ele>1909.3</ele>
      </trkpt>
      <trkpt lat="-0.76622" lon="36.26455">
        <ele>1909.1</ele>
      </trkpt>
      <trkpt lat="-0.76535" lon="36.2651899">
        <ele>1908.0</ele>
      </trkpt>
      <trkpt lat="-0.7645999" lon="36.26573">
        <ele>1906.7</ele>
      </trkpt>
      <trkpt lat="-0.76406" lon="36.26623">
        <ele>1906.0</ele>
      </trkpt>
      <trkpt lat="-0.76391" lon="36.26638">
        <ele>1905.7</ele>
      </trkpt>
      <trkpt lat="-0.76379" lon="36.26649">
        <ele>1905.7</ele>
      </trkpt>
      <trkpt lat="-0.7637" lon="36.26656">
        <ele>1905.7</ele>
      </trkpt>
      <trkpt lat="-0.76362" lon="36.26661">
        <ele>1905.9</ele>
      </trkpt>
      <trkpt lat="-0.76353" lon="36.26665">
        <ele>1906.1</ele>
      </trkpt>
      <trkpt lat="-0.76336" lon="36.26672">
        <ele>1906.6</ele>
      </trkpt>
      <trkpt lat="-0.7632" lon="36.26679">
        <ele>1907.1</ele>
      </trkpt>
      <trkpt lat="-0.76303" lon="36.26686">
        <ele>1907.6</ele>
      </trkpt>
      <trkpt lat="-0.76287" lon="36.26694">
        <ele>1907.8</ele>
      </trkpt>
      <trkpt lat="-0.7627" lon="36.26701">
        <ele>1907.9</ele>
      </trkpt>
      <trkpt lat="-0.76254" lon="36.26708">
        <ele>1907.9</ele>
      </trkpt>
      <trkpt lat="-0.76237" lon="36.26715">
        <ele>1909.0</ele>
      </trkpt>
      <trkpt lat="-0.76231" lon="36.26717">
        <ele>1909.6</ele>
      </trkpt>
      <trkpt lat="-0.76221" lon="36.26722">
        <ele>1910.2</ele>
      </trkpt>
      <trkpt lat="-0.76204" lon="36.26728">
        <ele>1911.4</ele>
      </trkpt>
      <trkpt lat="-0.76187" lon="36.26735">
        <ele>1912.1</ele>
      </trkpt>
      <trkpt lat="-0.76171" lon="36.26742">
        <ele>1912.4</ele>
      </trkpt>
      <trkpt lat="-0.76154" lon="36.26748">
        <ele>1912.3</ele>
      </trkpt>
      <trkpt lat="-0.76137" lon="36.26755">
        <ele>1912.0</ele>
      </trkpt>
      <trkpt lat="-0.7612" lon="36.26762">
        <ele>1911.9</ele>
      </trkpt>
      <trkpt lat="-0.76104" lon="36.26768">
        <ele>1911.7</ele>
      </trkpt>
      <trkpt lat="-0.76087" lon="36.26775">
        <ele>1911.3</ele>
      </trkpt>
      <trkpt lat="-0.7607" lon="36.26782">
        <ele>1910.9</ele>
      </trkpt>
      <trkpt lat="-0.76054" lon="36.26789">
        <ele>1910.4</ele>
      </trkpt>
      <trkpt lat="-0.76037" lon="36.26795">
        <ele>1910.1</ele>
      </trkpt>
      <trkpt lat="-0.7602" lon="36.26802">
        <ele>1909.7</ele>
      </trkpt>
      <trkpt lat="-0.76004" lon="36.26809">
        <ele>1909.2</ele>
      </trkpt>
      <trkpt lat="-0.75987" lon="36.26815">
        <ele>1908.3</ele>
      </trkpt>
      <trkpt lat="-0.7597" lon="36.26822">
        <ele>1907.2</ele>
      </trkpt>
      <trkpt lat="-0.75954" lon="36.26829">
        <ele>1906.2</ele>
      </trkpt>
      <trkpt lat="-0.75937" lon="36.26835">
        <ele>1905.7</ele>
      </trkpt>
      <trkpt lat="-0.7592" lon="36.26842">
        <ele>1905.6</ele>
      </trkpt>
      <trkpt lat="-0.75903" lon="36.26849">
        <ele>1906.0</ele>
      </trkpt>
      <trkpt lat="-0.75887" lon="36.26856">
        <ele>1906.4</ele>
      </trkpt>
      <trkpt lat="-0.7587" lon="36.26862">
        <ele>1906.8</ele>
      </trkpt>
      <trkpt lat="-0.75853" lon="36.26869">
        <ele>1907.1</ele>
      </trkpt>
      <trkpt lat="-0.75837" lon="36.26876">
        <ele>1907.3</ele>
      </trkpt>
      <trkpt lat="-0.75836" lon="36.26876">
        <ele>1907.3</ele>
      </trkpt>
      <trkpt lat="-0.7582" lon="36.26882">
        <ele>1906.9</ele>
      </trkpt>
      <trkpt lat="-0.75803" lon="36.26889">
        <ele>1906.3</ele>
      </trkpt>
      <trkpt lat="-0.75787" lon="36.26896">
        <ele>1905.7</ele>
      </trkpt>
      <trkpt lat="-0.7577" lon="36.26903">
        <ele>1905.1</ele>
      </trkpt>
      <trkpt lat="-0.75753" lon="36.26909">
        <ele>1904.6</ele>
      </trkpt>
      <trkpt lat="-0.75737" lon="36.26916">
        <ele>1903.9</ele>
      </trkpt>
      <trkpt lat="-0.7572" lon="36.26923">
        <ele>1903.3</ele>
      </trkpt>
      <trkpt lat="-0.75703" lon="36.26929">
        <ele>1902.8</ele>
      </trkpt>
      <trkpt lat="-0.75687" lon="36.26936">
        <ele>1902.3</ele>
      </trkpt>
      <trkpt lat="-0.7567" lon="36.26943">
        <ele>1901.8</ele>
      </trkpt>
      <trkpt lat="-0.75653" lon="36.2695">
        <ele>1901.3</ele>
      </trkpt>
      <trkpt lat="-0.75636" lon="36.26956">
        <ele>1900.9</ele>
      </trkpt>
      <trkpt lat="-0.75625" lon="36.26961">
        <ele>1900.6</ele>
      </trkpt>
      <trkpt lat="-0.7562" lon="36.26963">
        <ele>1900.5</ele>
      </trkpt>
      <trkpt lat="-0.75604" lon="36.26971">
        <ele>1899.9</ele>
      </trkpt>
      <trkpt lat="-0.75587" lon="36.26979">
        <ele>1899.3</ele>
      </trkpt>
      <trkpt lat="-0.75578" lon="36.26983">
        <ele>1899.2</ele>
      </trkpt>
      <trkpt lat="-0.75571" lon="36.26986">
        <ele>1899.2</ele>
      </trkpt>
      <trkpt lat="-0.75555" lon="36.26994">
        <ele>1899.3</ele>
      </trkpt>
      <trkpt lat="-0.75538" lon="36.27001">
        <ele>1899.6</ele>
      </trkpt>
      <trkpt lat="-0.75525" lon="36.2700699">
        <ele>1899.6</ele>
      </trkpt>
      <trkpt lat="-0.75522" lon="36.27009">
        <ele>1899.5</ele>
      </trkpt>
      <trkpt lat="-0.7550599" lon="36.27017">
        <ele>1899.4</ele>
      </trkpt>
      <trkpt lat="-0.7549" lon="36.27026">
        <ele>1899.0</ele>
      </trkpt>
      <trkpt lat="-0.75474" lon="36.27034">
        <ele>1898.6</ele>
      </trkpt>
      <trkpt lat="-0.75458" lon="36.27042">
        <ele>1898.2</ele>
      </trkpt>
      <trkpt lat="-0.75443" lon="36.27051">
        <ele>1897.8</ele>
      </trkpt>
      <trkpt lat="-0.75427" lon="36.2706">
        <ele>1897.5</ele>
      </trkpt>
      <trkpt lat="-0.75412" lon="36.2707">
        <ele>1897.0</ele>
      </trkpt>
      <trkpt lat="-0.75396" lon="36.27079">
        <ele>1896.6</ele>
      </trkpt>
      <trkpt lat="-0.75388" lon="36.27084">
        <ele>1896.4</ele>
      </trkpt>
      <trkpt lat="-0.75381" lon="36.27088">
        <ele>1896.5</ele>
      </trkpt>
      <trkpt lat="-0.75365" lon="36.27097">
        <ele>1896.9</ele>
      </trkpt>
      <trkpt lat="-0.75349" lon="36.27106">
        <ele>1897.2</ele>
      </trkpt>
      <trkpt lat="-0.75335" lon="36.27113">
        <ele>1897.4</ele>
      </trkpt>
      <trkpt lat="-0.75334" lon="36.27114">
        <ele>1897.4</ele>
      </trkpt>
      <trkpt lat="-0.75318" lon="36.27123">
        <ele>1898.5</ele>
      </trkpt>
      <trkpt lat="-0.75303" lon="36.27132">
        <ele>1899.5</ele>
      </trkpt>
      <trkpt lat="-0.75287" lon="36.27141">
        <ele>1900.4</ele>
      </trkpt>
      <trkpt lat="-0.75271" lon="36.2715">
        <ele>1901.2</ele>
      </trkpt>
      <trkpt lat="-0.75256" lon="36.27159">
        <ele>1901.9</ele>
      </trkpt>
      <trkpt lat="-0.7524" lon="36.27168">
        <ele>1902.6</ele>
      </trkpt>
      <trkpt lat="-0.75225" lon="36.2717699">
        <ele>1903.3</ele>
      </trkpt>
      <trkpt lat="-0.75212" lon="36.27184">
        <ele>1904.0</ele>
      </trkpt>
      <trkpt lat="-0.75209" lon="36.2718599">
        <ele>1904.1</ele>
      </trkpt>
      <trkpt lat="-0.75194" lon="36.2719499">
        <ele>1904.8</ele>
      </trkpt>
      <trkpt lat="-0.75178" lon="36.2720399">
        <ele>1905.5</ele>
      </trkpt>
      <trkpt lat="-0.75162" lon="36.27213">
        <ele>1906.4</ele>
      </trkpt>
      <trkpt lat="-0.75147" lon="36.27222">
        <ele>1907.6</ele>
      </trkpt>
      <trkpt lat="-0.75138" lon="36.27227">
        <ele>1908.2</ele>
      </trkpt>
      <trkpt lat="-0.75132" lon="36.27232">
        <ele>1908.5</ele>
      </trkpt>
      <trkpt lat="-0.75117" lon="36.2724199">
        <ele>1909.1</ele>
      </trkpt>
      <trkpt lat="-0.75103" lon="36.27253">
        <ele>1909.3</ele>
      </trkpt>
      <trkpt lat="-0.7508899" lon="36.27263">
        <ele>1909.5</ele>
      </trkpt>
      <trkpt lat="-0.75088" lon="36.27263">
        <ele>1909.6</ele>
      </trkpt>
      <trkpt lat="-0.75074" lon="36.27275">
        <ele>1909.8</ele>
      </trkpt>
      <trkpt lat="-0.7506" lon="36.27286">
        <ele>1910.3</ele>
      </trkpt>
      <trkpt lat="-0.75048" lon="36.27296">
        <ele>1910.5</ele>
      </trkpt>
      <trkpt lat="-0.75046" lon="36.27297">
        <ele>1910.6</ele>
      </trkpt>
      <trkpt lat="-0.75032" lon="36.27309">
        <ele>1910.7</ele>
      </trkpt>
      <trkpt lat="-0.75018" lon="36.2732">
        <ele>1910.9</ele>
      </trkpt>
      <trkpt lat="-0.75004" lon="36.27331">
        <ele>1910.9</ele>
      </trkpt>
      <trkpt lat="-0.75" lon="36.27335">
        <ele>1910.9</ele>
      </trkpt>
      <trkpt lat="-0.7498899" lon="36.27341">
        <ele>1910.4</ele>
      </trkpt>
      <trkpt lat="-0.74974" lon="36.27351">
        <ele>1909.7</ele>
      </trkpt>
      <trkpt lat="-0.74963" lon="36.27358">
        <ele>1909.2</ele>
      </trkpt>
      <trkpt lat="-0.74959" lon="36.2736">
        <ele>1909.1</ele>
      </trkpt>
      <trkpt lat="-0.74942" lon="36.27367">
        <ele>1908.6</ele>
      </trkpt>
      <trkpt lat="-0.74926" lon="36.27375">
        <ele>1908.1</ele>
      </trkpt>
      <trkpt lat="-0.74909" lon="36.27382">
        <ele>1908.0</ele>
      </trkpt>
      <trkpt lat="-0.74893" lon="36.2739">
        <ele>1908.2</ele>
      </trkpt>
      <trkpt lat="-0.7488899" lon="36.27391">
        <ele>1908.3</ele>
      </trkpt>
      <trkpt lat="-0.74877" lon="36.27397">
        <ele>1908.1</ele>
      </trkpt>
      <trkpt lat="-0.7486" lon="36.27405">
        <ele>1907.5</ele>
      </trkpt>
      <trkpt lat="-0.74844" lon="36.27412">
        <ele>1906.7</ele>
      </trkpt>
      <trkpt lat="-0.7482799" lon="36.2742">
        <ele>1906.2</ele>
      </trkpt>
      <trkpt lat="-0.74811" lon="36.27427">
        <ele>1906.8</ele>
      </trkpt>
      <trkpt lat="-0.74795" lon="36.27435">
        <ele>1907.0</ele>
      </trkpt>
      <trkpt lat="-0.74779" lon="36.27443">
        <ele>1906.9</ele>
      </trkpt>
      <trkpt lat="-0.74764" lon="36.2745">
        <ele>1906.7</ele>
      </trkpt>
      <trkpt lat="-0.7476199" lon="36.2745">
        <ele>1906.8</ele>
      </trkpt>
      <trkpt lat="-0.74746" lon="36.27458">
        <ele>1906.3</ele>
      </trkpt>
      <trkpt lat="-0.7473" lon="36.27465">
        <ele>1906.2</ele>
      </trkpt>
      <trkpt lat="-0.74713" lon="36.27472">
        <ele>1906.2</ele>
      </trkpt>
      <trkpt lat="-0.74697" lon="36.27479">
        <ele>1906.3</ele>
      </trkpt>
      <trkpt lat="-0.74694" lon="36.27481">
        <ele>1906.3</ele>
      </trkpt>
      <trkpt lat="-0.7468" lon="36.27487">
        <ele>1906.5</ele>
      </trkpt>
      <trkpt lat="-0.74664" lon="36.2749499">
        <ele>1906.7</ele>
      </trkpt>
      <trkpt lat="-0.74648" lon="36.27503">
        <ele>1906.5</ele>
      </trkpt>
      <trkpt lat="-0.74632" lon="36.27511">
        <ele>1906.4</ele>
      </trkpt>
      <trkpt lat="-0.74626" lon="36.27513">
        <ele>1906.4</ele>
      </trkpt>
      <trkpt lat="-0.74615" lon="36.27517">
        <ele>1906.3</ele>
      </trkpt>
      <trkpt lat="-0.74598" lon="36.27523">
        <ele>1906.2</ele>
      </trkpt>
      <trkpt lat="-0.74594" lon="36.2752399">
        <ele>1906.2</ele>
      </trkpt>
      <trkpt lat="-0.74581" lon="36.27528">
        <ele>1906.0</ele>
      </trkpt>
      <trkpt lat="-0.74566" lon="36.27532">
        <ele>1905.5</ele>
      </trkpt>
      <trkpt lat="-0.74563" lon="36.27532">
        <ele>1905.5</ele>
      </trkpt>
      <trkpt lat="-0.7454499" lon="36.2753299">
        <ele>1905.3</ele>
      </trkpt>
      <trkpt lat="-0.74527" lon="36.2753299">
        <ele>1905.3</ele>
      </trkpt>
      <trkpt lat="-0.74509" lon="36.27534">
        <ele>1905.2</ele>
      </trkpt>
      <trkpt lat="-0.74492" lon="36.27532">
        <ele>1905.2</ele>
      </trkpt>
      <trkpt lat="-0.74474" lon="36.2753">
        <ele>1905.0</ele>
      </trkpt>
      <trkpt lat="-0.74456" lon="36.27528">
        <ele>1904.8</ele>
      </trkpt>
      <trkpt lat="-0.7444499" lon="36.27526">
        <ele>1904.7</ele>
      </trkpt>
      <trkpt lat="-0.74438" lon="36.27525">
        <ele>1904.6</ele>
      </trkpt>
      <trkpt lat="-0.7442" lon="36.27522">
        <ele>1904.5</ele>
      </trkpt>
      <trkpt lat="-0.74403" lon="36.27518">
        <ele>1905.0</ele>
      </trkpt>
      <trkpt lat="-0.74385" lon="36.2751499">
        <ele>1905.7</ele>
      </trkpt>
      <trkpt lat="-0.74368" lon="36.27512">
        <ele>1906.3</ele>
      </trkpt>
      <trkpt lat="-0.74367" lon="36.27512">
        <ele>1906.3</ele>
      </trkpt>
      <trkpt lat="-0.7435" lon="36.27509">
        <ele>1907.0</ele>
      </trkpt>
      <trkpt lat="-0.74332" lon="36.27507">
        <ele>1907.5</ele>
      </trkpt>
      <trkpt lat="-0.74324" lon="36.27506">
        <ele>1907.5</ele>
      </trkpt>
      <trkpt lat="-0.74314" lon="36.27506">
        <ele>1907.4</ele>
      </trkpt>
      <trkpt lat="-0.74296" lon="36.27505">
        <ele>1907.4</ele>
      </trkpt>
      <trkpt lat="-0.74281" lon="36.27505">
        <ele>1907.2</ele>
      </trkpt>
      <trkpt lat="-0.74278" lon="36.27506">
        <ele>1907.2</ele>
      </trkpt>
      <trkpt lat="-0.7426" lon="36.27509">
        <ele>1907.0</ele>
      </trkpt>
      <trkpt lat="-0.74252" lon="36.2751">
        <ele>1907.0</ele>
      </trkpt>
      <trkpt lat="-0.74243" lon="36.27514">
        <ele>1907.1</ele>
      </trkpt>
      <trkpt lat="-0.74229" lon="36.2752">
        <ele>1907.4</ele>
      </trkpt>
      <trkpt lat="-0.74227" lon="36.27521">
        <ele>1907.4</ele>
      </trkpt>
      <trkpt lat="-0.74211" lon="36.27531">
        <ele>1907.6</ele>
      </trkpt>
      <trkpt lat="-0.7419599" lon="36.27541">
        <ele>1907.7</ele>
      </trkpt>
      <trkpt lat="-0.74181" lon="36.2755">
        <ele>1907.7</ele>
      </trkpt>
      <trkpt lat="-0.74181" lon="36.27551">
        <ele>1907.6</ele>
      </trkpt>
      <trkpt lat="-0.74166" lon="36.27561">
        <ele>1907.6</ele>
      </trkpt>
      <trkpt lat="-0.74152" lon="36.2757099">
        <ele>1908.3</ele>
      </trkpt>
      <trkpt lat="-0.74142" lon="36.27578">
        <ele>1908.7</ele>
      </trkpt>
      <trkpt lat="-0.74137" lon="36.27581">
        <ele>1908.9</ele>
      </trkpt>
      <trkpt lat="-0.74122" lon="36.27592">
        <ele>1908.9</ele>
      </trkpt>
      <trkpt lat="-0.74108" lon="36.27602">
        <ele>1908.8</ele>
      </trkpt>
      <trkpt lat="-0.741" lon="36.27607">
        <ele>1908.8</ele>
      </trkpt>
      <trkpt lat="-0.74093" lon="36.27613">
        <ele>1908.6</ele>
      </trkpt>
      <trkpt lat="-0.7408" lon="36.27625">
        <ele>1908.7</ele>
      </trkpt>
      <trkpt lat="-0.74078" lon="36.27626">
        <ele>1909.1</ele>
      </trkpt>
      <trkpt lat="-0.74068" lon="36.27638">
        <ele>1910.0</ele>
      </trkpt>
      <trkpt lat="-0.7405699" lon="36.27652">
        <ele>1910.5</ele>
      </trkpt>
      <trkpt lat="-0.74045" lon="36.27666">
        <ele>1911.0</ele>
      </trkpt>
      <trkpt lat="-0.7403999" lon="36.27672">
        <ele>1911.2</ele>
      </trkpt>
      <trkpt lat="-0.7403499" lon="36.27681">
        <ele>1911.0</ele>
      </trkpt>
      <trkpt lat="-0.74025" lon="36.27696">
        <ele>1911.0</ele>
      </trkpt>
      <trkpt lat="-0.74014" lon="36.2771">
        <ele>1911.3</ele>
      </trkpt>
      <trkpt lat="-0.74005" lon="36.27725">
        <ele>1911.1</ele>
      </trkpt>
      <trkpt lat="-0.74004" lon="36.27725">
        <ele>1911.3</ele>
      </trkpt>
      <trkpt lat="-0.73992" lon="36.2773899">
        <ele>1911.9</ele>
      </trkpt>
      <trkpt lat="-0.7398" lon="36.27752">
        <ele>1912.3</ele>
      </trkpt>
      <trkpt lat="-0.7397399" lon="36.2775899">
        <ele>1912.9</ele>
      </trkpt>
      <trkpt lat="-0.73967" lon="36.27764">
        <ele>1913.7</ele>
      </trkpt>
      <trkpt lat="-0.73961" lon="36.27767">
        <ele>1914.4</ele>
      </trkpt>
      <trkpt lat="-0.73951" lon="36.27773">
        <ele>1915.4</ele>
      </trkpt>
      <trkpt lat="-0.7393999" lon="36.27779">
        <ele>1916.4</ele>
      </trkpt>
      <trkpt lat="-0.73936" lon="36.27782">
        <ele>1916.6</ele>
      </trkpt>
      <trkpt lat="-0.7392" lon="36.27791">
        <ele>1917.7</ele>
      </trkpt>
      <trkpt lat="-0.73917" lon="36.27793">
        <ele>1917.8</ele>
      </trkpt>
      <trkpt lat="-0.73908" lon="36.27804">
        <ele>1917.8</ele>
      </trkpt>
      <trkpt lat="-0.73903" lon="36.2781">
        <ele>1917.6</ele>
      </trkpt>
      <trkpt lat="-0.73898" lon="36.27819">
        <ele>1916.9</ele>
      </trkpt>
      <trkpt lat="-0.7389599" lon="36.27822">
        <ele>1916.7</ele>
      </trkpt>
      <trkpt lat="-0.73888" lon="36.27834">
        <ele>1915.7</ele>
      </trkpt>
      <trkpt lat="-0.73877" lon="36.27848">
        <ele>1915.0</ele>
      </trkpt>
      <trkpt lat="-0.73866" lon="36.2786199">
        <ele>1914.1</ele>
      </trkpt>
      <trkpt lat="-0.73862" lon="36.27867">
        <ele>1913.8</ele>
      </trkpt>
      <trkpt lat="-0.73855" lon="36.27877">
        <ele>1913.0</ele>
      </trkpt>
      <trkpt lat="-0.73844" lon="36.27891">
        <ele>1911.9</ele>
      </trkpt>
      <trkpt lat="-0.73833" lon="36.27905">
        <ele>1910.8</ele>
      </trkpt>
      <trkpt lat="-0.73822" lon="36.27919">
        <ele>1911.4</ele>
      </trkpt>
      <trkpt lat="-0.7382" lon="36.27921">
        <ele>1911.6</ele>
      </trkpt>
      <trkpt lat="-0.73811" lon="36.27934">
        <ele>1911.7</ele>
      </trkpt>
      <trkpt lat="-0.73801" lon="36.27948">
        <ele>1911.4</ele>
      </trkpt>
      <trkpt lat="-0.7379" lon="36.27963">
        <ele>1910.7</ele>
      </trkpt>
      <trkpt lat="-0.73787" lon="36.27968">
        <ele>1910.2</ele>
      </trkpt>
      <trkpt lat="-0.7377899" lon="36.27976">
        <ele>1909.8</ele>
      </trkpt>
      <trkpt lat="-0.73766" lon="36.27989">
        <ele>1908.8</ele>
      </trkpt>
      <trkpt lat="-0.73753" lon="36.28002">
        <ele>1907.5</ele>
      </trkpt>
      <trkpt lat="-0.73739" lon="36.28013">
        <ele>1910.3</ele>
      </trkpt>
      <trkpt lat="-0.7373499" lon="36.28017">
        <ele>1911.2</ele>
      </trkpt>
      <trkpt lat="-0.73727" lon="36.28026">
        <ele>1912.6</ele>
      </trkpt>
      <trkpt lat="-0.7372" lon="36.28036">
        <ele>1913.5</ele>
      </trkpt>
      <trkpt lat="-0.73717" lon="36.28041">
        <ele>1913.8</ele>
      </trkpt>
      <trkpt lat="-0.73708" lon="36.28057">
        <ele>1914.2</ele>
      </trkpt>
      <trkpt lat="-0.73699" lon="36.28072">
        <ele>1914.5</ele>
      </trkpt>
      <trkpt lat="-0.73692" lon="36.28085">
        <ele>1914.4</ele>
      </trkpt>
      <trkpt lat="-0.73691" lon="36.28088">
        <ele>1914.2</ele>
      </trkpt>
      <trkpt lat="-0.73685" lon="36.28105">
        <ele>1913.3</ele>
      </trkpt>
      <trkpt lat="-0.73682" lon="36.28112">
        <ele>1913.0</ele>
      </trkpt>
      <trkpt lat="-0.7367899" lon="36.28122">
        <ele>1912.3</ele>
      </trkpt>
      <trkpt lat="-0.73673" lon="36.28139">
        <ele>1911.0</ele>
      </trkpt>
      <trkpt lat="-0.73667" lon="36.28156">
        <ele>1909.6</ele>
      </trkpt>
      <trkpt lat="-0.73666" lon="36.28158">
        <ele>1909.6</ele>
      </trkpt>
      <trkpt lat="-0.73659" lon="36.28172">
        <ele>1909.5</ele>
      </trkpt>
      <trkpt lat="-0.73655" lon="36.2817999">
        <ele>1909.4</ele>
      </trkpt>
      <trkpt lat="-0.7365" lon="36.28188">
        <ele>1909.4</ele>
      </trkpt>
      <trkpt lat="-0.7364" lon="36.28203">
        <ele>1909.1</ele>
      </trkpt>
      <trkpt lat="-0.73636" lon="36.28208">
        <ele>1909.0</ele>
      </trkpt>
      <trkpt lat="-0.73627" lon="36.28215">
        <ele>1909.4</ele>
      </trkpt>
      <trkpt lat="-0.7361299" lon="36.28226">
        <ele>1909.4</ele>
      </trkpt>
      <trkpt lat="-0.73608" lon="36.2823">
        <ele>1909.2</ele>
      </trkpt>
      <trkpt lat="-0.73598" lon="36.28237">
        <ele>1908.9</ele>
      </trkpt>
      <trkpt lat="-0.73583" lon="36.28246">
        <ele>1908.3</ele>
      </trkpt>
      <trkpt lat="-0.73568" lon="36.2825599">
        <ele>1909.0</ele>
      </trkpt>
      <trkpt lat="-0.73553" lon="36.28266">
        <ele>1909.6</ele>
      </trkpt>
      <trkpt lat="-0.7355" lon="36.28268">
        <ele>1909.7</ele>
      </trkpt>
      <trkpt lat="-0.73538" lon="36.28275">
        <ele>1910.0</ele>
      </trkpt>
      <trkpt lat="-0.73522" lon="36.28284">
        <ele>1910.1</ele>
      </trkpt>
      <trkpt lat="-0.73506" lon="36.28292">
        <ele>1910.0</ele>
      </trkpt>
      <trkpt lat="-0.7349" lon="36.28301">
        <ele>1909.3</ele>
      </trkpt>
      <trkpt lat="-0.73489" lon="36.28302">
        <ele>1909.1</ele>
      </trkpt>
      <trkpt lat="-0.7347399" lon="36.28308">
        <ele>1909.2</ele>
      </trkpt>
      <trkpt lat="-0.7345699" lon="36.28315">
        <ele>1909.0</ele>
      </trkpt>
      <trkpt lat="-0.73441" lon="36.28322">
        <ele>1908.5</ele>
      </trkpt>
      <trkpt lat="-0.73424" lon="36.28329">
        <ele>1907.9</ele>
      </trkpt>
      <trkpt lat="-0.73422" lon="36.2832999">
        <ele>1907.7</ele>
      </trkpt>
      <trkpt lat="-0.73406" lon="36.28332">
        <ele>1908.3</ele>
      </trkpt>
      <trkpt lat="-0.73389" lon="36.28335">
        <ele>1908.6</ele>
      </trkpt>
      <trkpt lat="-0.73371" lon="36.28338">
        <ele>1909.2</ele>
      </trkpt>
      <trkpt lat="-0.73368" lon="36.28338">
        <ele>1909.4</ele>
      </trkpt>
      <trkpt lat="-0.73353" lon="36.28339">
        <ele>1910.3</ele>
      </trkpt>
      <trkpt lat="-0.7333499" lon="36.2834">
        <ele>1911.3</ele>
      </trkpt>
      <trkpt lat="-0.73331" lon="36.2834">
        <ele>1911.4</ele>
      </trkpt>
      <trkpt lat="-0.73317" lon="36.28341">
        <ele>1910.9</ele>
      </trkpt>
      <trkpt lat="-0.73299" lon="36.28343">
        <ele>1910.1</ele>
      </trkpt>
      <trkpt lat="-0.73281" lon="36.28344">
        <ele>1909.5</ele>
      </trkpt>
      <trkpt lat="-0.73272" lon="36.28345">
        <ele>1909.1</ele>
      </trkpt>
      <trkpt lat="-0.73263" lon="36.28344">
        <ele>1909.2</ele>
      </trkpt>
      <trkpt lat="-0.73245" lon="36.28343">
        <ele>1909.2</ele>
      </trkpt>
      <trkpt lat="-0.73231" lon="36.28341">
        <ele>1909.6</ele>
      </trkpt>
      <trkpt lat="-0.73227" lon="36.28341">
        <ele>1909.5</ele>
      </trkpt>
      <trkpt lat="-0.73212" lon="36.2834">
        <ele>1909.7</ele>
      </trkpt>
      <trkpt lat="-0.73209" lon="36.2834">
        <ele>1909.6</ele>
      </trkpt>
      <trkpt lat="-0.7319099" lon="36.2834">
        <ele>1909.4</ele>
      </trkpt>
      <trkpt lat="-0.73173" lon="36.28339">
        <ele>1909.5</ele>
      </trkpt>
      <trkpt lat="-0.73155" lon="36.28339">
        <ele>1909.2</ele>
      </trkpt>
      <trkpt lat="-0.73137" lon="36.28339">
        <ele>1908.8</ele>
      </trkpt>
      <trkpt lat="-0.73131" lon="36.28339">
        <ele>1908.6</ele>
      </trkpt>
      <trkpt lat="-0.7312" lon="36.28337">
        <ele>1908.9</ele>
      </trkpt>
      <trkpt lat="-0.73102" lon="36.28334">
        <ele>1909.3</ele>
      </trkpt>
      <trkpt lat="-0.73084" lon="36.28331">
        <ele>1910.1</ele>
      </trkpt>
      <trkpt lat="-0.73066" lon="36.28328">
        <ele>1910.6</ele>
      </trkpt>
      <trkpt lat="-0.73048" lon="36.28326">
        <ele>1910.5</ele>
      </trkpt>
      <trkpt lat="-0.73041" lon="36.28325">
        <ele>1910.5</ele>
      </trkpt>
      <trkpt lat="-0.73031" lon="36.28323">
        <ele>1910.8</ele>
      </trkpt>
      <trkpt lat="-0.7301299" lon="36.2832099">
        <ele>1910.5</ele>
      </trkpt>
      <trkpt lat="-0.72995" lon="36.28318">
        <ele>1910.8</ele>
      </trkpt>
      <trkpt lat="-0.72977" lon="36.28316">
        <ele>1911.4</ele>
      </trkpt>
      <trkpt lat="-0.72966" lon="36.28314">
        <ele>1912.0</ele>
      </trkpt>
      <trkpt lat="-0.72959" lon="36.28314">
        <ele>1911.9</ele>
      </trkpt>
      <trkpt lat="-0.72942" lon="36.28311">
        <ele>1912.6</ele>
      </trkpt>
      <trkpt lat="-0.72924" lon="36.28309">
        <ele>1912.9</ele>
      </trkpt>
      <trkpt lat="-0.72911" lon="36.28307">
        <ele>1912.8</ele>
      </trkpt>
      <trkpt lat="-0.72906" lon="36.28306">
        <ele>1912.6</ele>
      </trkpt>
      <trkpt lat="-0.72888" lon="36.28302">
        <ele>1911.9</ele>
      </trkpt>
      <trkpt lat="-0.72871" lon="36.28298">
        <ele>1911.2</ele>
      </trkpt>
      <trkpt lat="-0.72853" lon="36.28294">
        <ele>1910.1</ele>
      </trkpt>
      <trkpt lat="-0.72836" lon="36.2829">
        <ele>1909.1</ele>
      </trkpt>
      <trkpt lat="-0.72828" lon="36.28288">
        <ele>1909.0</ele>
      </trkpt>
      <trkpt lat="-0.72818" lon="36.28289">
        <ele>1908.6</ele>
      </trkpt>
      <trkpt lat="-0.728" lon="36.28289">
        <ele>1908.1</ele>
      </trkpt>
      <trkpt lat="-0.72792" lon="36.2829">
        <ele>1907.8</ele>
      </trkpt>
      <trkpt lat="-0.72782" lon="36.2829">
        <ele>1907.5</ele>
      </trkpt>
      <trkpt lat="-0.72764" lon="36.2829">
        <ele>1907.1</ele>
      </trkpt>
      <trkpt lat="-0.7275" lon="36.2829">
        <ele>1906.7</ele>
      </trkpt>
      <trkpt lat="-0.72746" lon="36.2829">
        <ele>1906.7</ele>
      </trkpt>
      <trkpt lat="-0.72728" lon="36.28293">
        <ele>1906.1</ele>
      </trkpt>
      <trkpt lat="-0.72712" lon="36.28295">
        <ele>1905.6</ele>
      </trkpt>
      <trkpt lat="-0.7271" lon="36.28295">
        <ele>1905.6</ele>
      </trkpt>
      <trkpt lat="-0.72693" lon="36.28296">
        <ele>1905.2</ele>
      </trkpt>
      <trkpt lat="-0.72675" lon="36.28297">
        <ele>1904.9</ele>
      </trkpt>
      <trkpt lat="-0.72657" lon="36.28299">
        <ele>1904.7</ele>
      </trkpt>
      <trkpt lat="-0.72645" lon="36.28299">
        <ele>1905.0</ele>
      </trkpt>
      <trkpt lat="-0.72639" lon="36.28298">
        <ele>1905.2</ele>
      </trkpt>
      <trkpt lat="-0.72621" lon="36.28295">
        <ele>1905.9</ele>
      </trkpt>
      <trkpt lat="-0.72604" lon="36.28291">
        <ele>1906.7</ele>
      </trkpt>
      <trkpt lat="-0.7258599" lon="36.28287">
        <ele>1907.4</ele>
      </trkpt>
      <trkpt lat="-0.72568" lon="36.28284">
        <ele>1907.5</ele>
      </trkpt>
      <trkpt lat="-0.72566" lon="36.28283">
        <ele>1907.6</ele>
      </trkpt>
      <trkpt lat="-0.72551" lon="36.2828">
        <ele>1907.6</ele>
      </trkpt>
      <trkpt lat="-0.72533" lon="36.28276">
        <ele>1907.7</ele>
      </trkpt>
      <trkpt lat="-0.72516" lon="36.28271">
        <ele>1907.8</ele>
      </trkpt>
      <trkpt lat="-0.72498" lon="36.28267">
        <ele>1907.8</ele>
      </trkpt>
      <trkpt lat="-0.72481" lon="36.28263">
        <ele>1907.8</ele>
      </trkpt>
      <trkpt lat="-0.72472" lon="36.28261">
        <ele>1907.9</ele>
      </trkpt>
      <trkpt lat="-0.72463" lon="36.28258">
        <ele>1908.0</ele>
      </trkpt>
      <trkpt lat="-0.72446" lon="36.28254">
        <ele>1908.1</ele>
      </trkpt>
      <trkpt lat="-0.72429" lon="36.28249">
        <ele>1908.4</ele>
      </trkpt>
      <trkpt lat="-0.72412" lon="36.28244">
        <ele>1909.1</ele>
      </trkpt>
      <trkpt lat="-0.72394" lon="36.28239">
        <ele>1909.3</ele>
      </trkpt>
      <trkpt lat="-0.72377" lon="36.28234">
        <ele>1909.3</ele>
      </trkpt>
      <trkpt lat="-0.7236" lon="36.28229">
        <ele>1909.0</ele>
      </trkpt>
      <trkpt lat="-0.7234199" lon="36.28224">
        <ele>1908.4</ele>
      </trkpt>
      <trkpt lat="-0.7232499" lon="36.28219">
        <ele>1908.1</ele>
      </trkpt>
      <trkpt lat="-0.72251" lon="36.28198">
        <ele>1907.3</ele>
      </trkpt>
      <trkpt lat="-0.72234" lon="36.28193">
        <ele>1907.7</ele>
      </trkpt>
      <trkpt lat="-0.72182" lon="36.2817999">
        <ele>1908.8</ele>
      </trkpt>
      <trkpt lat="-0.72095" lon="36.28158">
        <ele>1912.8</ele>
      </trkpt>
      <trkpt lat="-0.72014" lon="36.28137">
        <ele>1916.0</ele>
      </trkpt>
      <trkpt lat="-0.71871" lon="36.2813">
        <ele>1918.3</ele>
      </trkpt>
      <trkpt lat="-0.71761" lon="36.28167">
        <ele>1914.7</ele>
      </trkpt>
      <trkpt lat="-0.71752" lon="36.28172">
        <ele>1914.8</ele>
      </trkpt>
      <trkpt lat="-0.71736" lon="36.28179">
        <ele>1914.9</ele>
      </trkpt>
      <trkpt lat="-0.71727" lon="36.28184">
        <ele>1914.9</ele>
      </trkpt>
      <trkpt lat="-0.7170299" lon="36.28204">
        <ele>1914.5</ele>
      </trkpt>
      <trkpt lat="-0.71687" lon="36.28225">
        <ele>1913.9</ele>
      </trkpt>
      <trkpt lat="-0.71683" lon="36.28231">
        <ele>1913.7</ele>
      </trkpt>
      <trkpt lat="-0.71677" lon="36.2824">
        <ele>1913.3</ele>
      </trkpt>
      <trkpt lat="-0.7167" lon="36.28252">
        <ele>1912.9</ele>
      </trkpt>
      <trkpt lat="-0.71664" lon="36.28273">
        <ele>1912.8</ele>
      </trkpt>
      <trkpt lat="-0.71658" lon="36.28297">
        <ele>1912.8</ele>
      </trkpt>
      <trkpt lat="-0.71648" lon="36.2834">
        <ele>1912.8</ele>
      </trkpt>
      <trkpt lat="-0.71648" lon="36.28343">
        <ele>1912.8</ele>
      </trkpt>
      <trkpt lat="-0.7163699" lon="36.28396">
        <ele>1912.4</ele>
      </trkpt>
      <trkpt lat="-0.71634" lon="36.2841">
        <ele>1912.1</ele>
      </trkpt>
      <trkpt lat="-0.71631" lon="36.28467">
        <ele>1910.2</ele>
      </trkpt>
      <trkpt lat="-0.71632" lon="36.28485">
        <ele>1909.5</ele>
      </trkpt>
      <trkpt lat="-0.71632" lon="36.28503">
        <ele>1909.1</ele>
      </trkpt>
      <trkpt lat="-0.71635" lon="36.28557">
        <ele>1910.8</ele>
      </trkpt>
      <trkpt lat="-0.71636" lon="36.28575">
        <ele>1911.4</ele>
      </trkpt>
      <trkpt lat="-0.71639" lon="36.28611">
        <ele>1910.6</ele>
      </trkpt>
      <trkpt lat="-0.71644" lon="36.28683">
        <ele>1908.4</ele>
      </trkpt>
      <trkpt lat="-0.71644" lon="36.28685">
        <ele>1908.4</ele>
      </trkpt>
      <trkpt lat="-0.71646" lon="36.28719">
        <ele>1909.1</ele>
      </trkpt>
      <trkpt lat="-0.71647" lon="36.28737">
        <ele>1909.5</ele>
      </trkpt>
      <trkpt lat="-0.71648" lon="36.28746">
        <ele>1909.7</ele>
      </trkpt>
      <trkpt lat="-0.71649" lon="36.2879099">
        <ele>1910.2</ele>
      </trkpt>
      <trkpt lat="-0.71649" lon="36.28792">
        <ele>1910.2</ele>
      </trkpt>
      <trkpt lat="-0.7165" lon="36.28808">
        <ele>1910.4</ele>
      </trkpt>
      <trkpt lat="-0.71652" lon="36.28827">
        <ele>1910.6</ele>
      </trkpt>
      <trkpt lat="-0.71649" lon="36.28857">
        <ele>1910.6</ele>
      </trkpt>
      <trkpt lat="-0.71647" lon="36.28862">
        <ele>1910.6</ele>
      </trkpt>
      <trkpt lat="-0.71643" lon="36.28874">
        <ele>1910.6</ele>
      </trkpt>
      <trkpt lat="-0.71641" lon="36.28878">
        <ele>1910.5</ele>
      </trkpt>
      <trkpt lat="-0.71641" lon="36.28879">
        <ele>1910.6</ele>
      </trkpt>
      <trkpt lat="-0.71639" lon="36.28882">
        <ele>1910.5</ele>
      </trkpt>
      <trkpt lat="-0.71624" lon="36.28902">
        <ele>1910.4</ele>
      </trkpt>
      <trkpt lat="-0.71602" lon="36.28924">
        <ele>1910.2</ele>
      </trkpt>
      <trkpt lat="-0.71593" lon="36.2893199">
        <ele>1910.2</ele>
      </trkpt>
      <trkpt lat="-0.7158" lon="36.28945">
        <ele>1910.4</ele>
      </trkpt>
      <trkpt lat="-0.71579" lon="36.28946">
        <ele>1910.4</ele>
      </trkpt>
      <trkpt lat="-0.71553" lon="36.28968">
        <ele>1911.5</ele>
      </trkpt>
      <trkpt lat="-0.71517" lon="36.28998">
        <ele>1914.1</ele>
      </trkpt>
      <trkpt lat="-0.71483" lon="36.29025">
        <ele>1915.7</ele>
      </trkpt>
      <trkpt lat="-0.71469" lon="36.29036">
        <ele>1916.0</ele>
      </trkpt>
      <trkpt lat="-0.71455" lon="36.29047">
        <ele>1916.4</ele>
      </trkpt>
      <trkpt lat="-0.71438" lon="36.2906">
        <ele>1917.0</ele>
      </trkpt>
      <trkpt lat="-0.71412" lon="36.2908">
        <ele>1917.9</ele>
      </trkpt>
      <trkpt lat="-0.7139799" lon="36.2909099">
        <ele>1918.0</ele>
      </trkpt>
      <trkpt lat="-0.71358" lon="36.29122">
        <ele>1918.3</ele>
      </trkpt>
      <trkpt lat="-0.71325" lon="36.29148">
        <ele>1919.1</ele>
      </trkpt>
      <trkpt lat="-0.71299" lon="36.29168">
        <ele>1920.2</ele>
      </trkpt>
      <trkpt lat="-0.71255" lon="36.29202">
        <ele>1921.4</ele>
      </trkpt>
      <trkpt lat="-0.7119799" lon="36.29247">
        <ele>1922.2</ele>
      </trkpt>
      <trkpt lat="-0.71085" lon="36.2933499">
        <ele>1926.0</ele>
      </trkpt>
      <trkpt lat="-0.71061" lon="36.2935299">
        <ele>1926.0</ele>
      </trkpt>
      <trkpt lat="-0.71059" lon="36.29355">
        <ele>1926.0</ele>
      </trkpt>
      <trkpt lat="-0.7103199" lon="36.29376">
        <ele>1926.2</ele>
      </trkpt>
      <trkpt lat="-0.70998" lon="36.29402">
        <ele>1926.7</ele>
      </trkpt>
      <trkpt lat="-0.70984" lon="36.29414">
        <ele>1927.1</ele>
      </trkpt>
      <trkpt lat="-0.70956" lon="36.29436">
        <ele>1927.6</ele>
      </trkpt>
      <trkpt lat="-0.70926" lon="36.29461">
        <ele>1927.5</ele>
      </trkpt>
      <trkpt lat="-0.70883" lon="36.2949399">
        <ele>1929.4</ele>
      </trkpt>
      <trkpt lat="-0.70882" lon="36.29495">
        <ele>1929.5</ele>
      </trkpt>
      <trkpt lat="-0.7088" lon="36.29497">
        <ele>1929.6</ele>
      </trkpt>
      <trkpt lat="-0.70825" lon="36.29539">
        <ele>1933.7</ele>
      </trkpt>
      <trkpt lat="-0.70818" lon="36.29545">
        <ele>1933.9</ele>
      </trkpt>
      <trkpt lat="-0.7077099" lon="36.29581">
        <ele>1934.8</ele>
      </trkpt>
      <trkpt lat="-0.70768" lon="36.29583">
        <ele>1934.8</ele>
      </trkpt>
      <trkpt lat="-0.70757" lon="36.29592">
        <ele>1934.9</ele>
      </trkpt>
      <trkpt lat="-0.70746" lon="36.29601">
        <ele>1935.1</ele>
      </trkpt>
      <trkpt lat="-0.70726" lon="36.2961699">
        <ele>1935.4</ele>
      </trkpt>
      <trkpt lat="-0.7069" lon="36.29645">
        <ele>1936.3</ele>
      </trkpt>
      <trkpt lat="-0.70686" lon="36.29648">
        <ele>1936.4</ele>
      </trkpt>
      <trkpt lat="-0.70628" lon="36.29694">
        <ele>1937.6</ele>
      </trkpt>
      <trkpt lat="-0.70599" lon="36.29717">
        <ele>1937.6</ele>
      </trkpt>
      <trkpt lat="-0.70559" lon="36.29748">
        <ele>1937.6</ele>
      </trkpt>
      <trkpt lat="-0.7055" lon="36.29755">
        <ele>1937.8</ele>
      </trkpt>
      <trkpt lat="-0.7046599" lon="36.29821">
        <ele>1939.0</ele>
      </trkpt>
      <trkpt lat="-0.70375" lon="36.29893">
        <ele>1940.6</ele>
      </trkpt>
      <trkpt lat="-0.70374" lon="36.29894">
        <ele>1940.6</ele>
      </trkpt>
      <trkpt lat="-0.70348" lon="36.29915">
        <ele>1940.1</ele>
      </trkpt>
      <trkpt lat="-0.70116" lon="36.3008">
        <ele>1946.0</ele>
      </trkpt>
      <trkpt lat="-0.70082" lon="36.30099">
        <ele>1946.2</ele>
      </trkpt>
      <trkpt lat="-0.69858" lon="36.3022599">
        <ele>1949.4</ele>
      </trkpt>
      <trkpt lat="-0.69749" lon="36.30285">
        <ele>1951.0</ele>
      </trkpt>
      <trkpt lat="-0.69739" lon="36.30291">
        <ele>1951.5</ele>
      </trkpt>
      <trkpt lat="-0.69591" lon="36.30371">
        <ele>1960.1</ele>
      </trkpt>
      <trkpt lat="-0.69575" lon="36.3038">
        <ele>1961.1</ele>
      </trkpt>
      <trkpt lat="-0.6956" lon="36.30389">
        <ele>1962.3</ele>
      </trkpt>
      <trkpt lat="-0.69545" lon="36.30399">
        <ele>1963.5</ele>
      </trkpt>
      <trkpt lat="-0.69529" lon="36.30408">
        <ele>1964.7</ele>
      </trkpt>
      <trkpt lat="-0.69514" lon="36.30417">
        <ele>1966.0</ele>
      </trkpt>
      <trkpt lat="-0.69498" lon="36.30426">
        <ele>1967.4</ele>
      </trkpt>
      <trkpt lat="-0.6948299" lon="36.30435">
        <ele>1968.1</ele>
      </trkpt>
      <trkpt lat="-0.69467" lon="36.30444">
        <ele>1968.9</ele>
      </trkpt>
      <trkpt lat="-0.69452" lon="36.30454">
        <ele>1969.8</ele>
      </trkpt>
      <trkpt lat="-0.69436" lon="36.30463">
        <ele>1970.6</ele>
      </trkpt>
      <trkpt lat="-0.69421" lon="36.30472">
        <ele>1971.5</ele>
      </trkpt>
      <trkpt lat="-0.6940499" lon="36.30481">
        <ele>1972.0</ele>
      </trkpt>
      <trkpt lat="-0.6939" lon="36.3049">
        <ele>1972.3</ele>
      </trkpt>
      <trkpt lat="-0.69374" lon="36.305">
        <ele>1972.5</ele>
      </trkpt>
      <trkpt lat="-0.69373" lon="36.30501">
        <ele>1972.5</ele>
      </trkpt>
      <trkpt lat="-0.69359" lon="36.30509">
        <ele>1972.9</ele>
      </trkpt>
      <trkpt lat="-0.69343" lon="36.30518">
        <ele>1973.2</ele>
      </trkpt>
      <trkpt lat="-0.69328" lon="36.30527">
        <ele>1973.6</ele>
      </trkpt>
      <trkpt lat="-0.69312" lon="36.30536">
        <ele>1974.3</ele>
      </trkpt>
      <trkpt lat="-0.69296" lon="36.30544">
        <ele>1974.9</ele>
      </trkpt>
      <trkpt lat="-0.69281" lon="36.30553">
        <ele>1975.6</ele>
      </trkpt>
      <trkpt lat="-0.6928" lon="36.30554">
        <ele>1975.7</ele>
      </trkpt>
      <trkpt lat="-0.69268" lon="36.30566">
        <ele>1976.6</ele>
      </trkpt>
      <trkpt lat="-0.69255" lon="36.30579">
        <ele>1977.6</ele>
      </trkpt>
      <trkpt lat="-0.69242" lon="36.30591">
        <ele>1978.8</ele>
      </trkpt>
      <trkpt lat="-0.6923" lon="36.30604">
        <ele>1980.1</ele>
      </trkpt>
      <trkpt lat="-0.6921699" lon="36.30617">
        <ele>1981.5</ele>
      </trkpt>
      <trkpt lat="-0.69204" lon="36.30629">
        <ele>1982.6</ele>
      </trkpt>
      <trkpt lat="-0.69197" lon="36.30637">
        <ele>1983.4</ele>
      </trkpt>
      <trkpt lat="-0.69192" lon="36.30643">
        <ele>1983.9</ele>
      </trkpt>
      <trkpt lat="-0.6918299" lon="36.3065799">
        <ele>1985.1</ele>
      </trkpt>
      <trkpt lat="-0.69173" lon="36.30673">
        <ele>1985.7</ele>
      </trkpt>
      <trkpt lat="-0.69163" lon="36.30688">
        <ele>1985.5</ele>
      </trkpt>
      <trkpt lat="-0.69153" lon="36.30703">
        <ele>1985.3</ele>
      </trkpt>
      <trkpt lat="-0.69143" lon="36.30718">
        <ele>1985.1</ele>
      </trkpt>
      <trkpt lat="-0.69134" lon="36.30731">
        <ele>1984.8</ele>
      </trkpt>
      <trkpt lat="-0.69133" lon="36.30733">
        <ele>1984.8</ele>
      </trkpt>
      <trkpt lat="-0.69126" lon="36.3075">
        <ele>1984.5</ele>
      </trkpt>
      <trkpt lat="-0.69119" lon="36.30766">
        <ele>1984.2</ele>
      </trkpt>
      <trkpt lat="-0.69111" lon="36.30782">
        <ele>1983.9</ele>
      </trkpt>
      <trkpt lat="-0.69104" lon="36.3079899">
        <ele>1983.4</ele>
      </trkpt>
      <trkpt lat="-0.69097" lon="36.30815">
        <ele>1982.9</ele>
      </trkpt>
      <trkpt lat="-0.69089" lon="36.30832">
        <ele>1982.2</ele>
      </trkpt>
      <trkpt lat="-0.69082" lon="36.30848">
        <ele>1981.4</ele>
      </trkpt>
      <trkpt lat="-0.69081" lon="36.3085">
        <ele>1981.4</ele>
      </trkpt>
      <trkpt lat="-0.69075" lon="36.30865">
        <ele>1980.7</ele>
      </trkpt>
      <trkpt lat="-0.69068" lon="36.30881">
        <ele>1979.9</ele>
      </trkpt>
      <trkpt lat="-0.6906099" lon="36.30898">
        <ele>1979.0</ele>
      </trkpt>
      <trkpt lat="-0.69055" lon="36.30915">
        <ele>1978.1</ele>
      </trkpt>
      <trkpt lat="-0.69048" lon="36.30931">
        <ele>1977.4</ele>
      </trkpt>
      <trkpt lat="-0.69041" lon="36.30948">
        <ele>1976.7</ele>
      </trkpt>
      <trkpt lat="-0.69034" lon="36.30964">
        <ele>1976.2</ele>
      </trkpt>
      <trkpt lat="-0.6903" lon="36.30973">
        <ele>1975.9</ele>
      </trkpt>
      <trkpt lat="-0.69027" lon="36.30981">
        <ele>1975.7</ele>
      </trkpt>
      <trkpt lat="-0.69019" lon="36.30997">
        <ele>1975.3</ele>
      </trkpt>
      <trkpt lat="-0.69011" lon="36.31013">
        <ele>1974.5</ele>
      </trkpt>
      <trkpt lat="-0.69003" lon="36.31029">
        <ele>1973.6</ele>
      </trkpt>
      <trkpt lat="-0.6899499" lon="36.31046">
        <ele>1972.7</ele>
      </trkpt>
      <trkpt lat="-0.68987" lon="36.31062">
        <ele>1971.8</ele>
      </trkpt>
      <trkpt lat="-0.6898" lon="36.31078">
        <ele>1971.2</ele>
      </trkpt>
      <trkpt lat="-0.68972" lon="36.31094">
        <ele>1970.6</ele>
      </trkpt>
      <trkpt lat="-0.68964" lon="36.3111">
        <ele>1970.0</ele>
      </trkpt>
      <trkpt lat="-0.6895599" lon="36.31127">
        <ele>1969.4</ele>
      </trkpt>
      <trkpt lat="-0.68948" lon="36.31143">
        <ele>1968.9</ele>
      </trkpt>
      <trkpt lat="-0.68941" lon="36.31159">
        <ele>1968.3</ele>
      </trkpt>
      <trkpt lat="-0.68933" lon="36.31175">
        <ele>1967.8</ele>
      </trkpt>
      <trkpt lat="-0.68925" lon="36.31191">
        <ele>1967.4</ele>
      </trkpt>
      <trkpt lat="-0.6891699" lon="36.31208">
        <ele>1967.0</ele>
      </trkpt>
      <trkpt lat="-0.68909" lon="36.31224">
        <ele>1966.7</ele>
      </trkpt>
      <trkpt lat="-0.68901" lon="36.3123999">
        <ele>1966.4</ele>
      </trkpt>
      <trkpt lat="-0.68894" lon="36.31256">
        <ele>1966.3</ele>
      </trkpt>
      <trkpt lat="-0.68886" lon="36.31272">
        <ele>1966.6</ele>
      </trkpt>
      <trkpt lat="-0.6887799" lon="36.31289">
        <ele>1966.9</ele>
      </trkpt>
      <trkpt lat="-0.6887" lon="36.3130499">
        <ele>1967.2</ele>
      </trkpt>
      <trkpt lat="-0.68862" lon="36.31321">
        <ele>1967.5</ele>
      </trkpt>
      <trkpt lat="-0.68855" lon="36.31337">
        <ele>1967.8</ele>
      </trkpt>
      <trkpt lat="-0.68847" lon="36.31353">
        <ele>1968.3</ele>
      </trkpt>
      <trkpt lat="-0.6883899" lon="36.3137">
        <ele>1968.8</ele>
      </trkpt>
      <trkpt lat="-0.68831" lon="36.31386">
        <ele>1969.4</ele>
      </trkpt>
      <trkpt lat="-0.68823" lon="36.31402">
        <ele>1970.1</ele>
      </trkpt>
      <trkpt lat="-0.68815" lon="36.31418">
        <ele>1970.7</ele>
      </trkpt>
      <trkpt lat="-0.68808" lon="36.31434">
        <ele>1971.0</ele>
      </trkpt>
      <trkpt lat="-0.6879999" lon="36.31451">
        <ele>1971.3</ele>
      </trkpt>
      <trkpt lat="-0.68792" lon="36.31467">
        <ele>1971.5</ele>
      </trkpt>
      <trkpt lat="-0.68784" lon="36.31483">
        <ele>1971.6</ele>
      </trkpt>
      <trkpt lat="-0.68776" lon="36.31499">
        <ele>1971.7</ele>
      </trkpt>
      <trkpt lat="-0.68769" lon="36.31515">
        <ele>1971.5</ele>
      </trkpt>
      <trkpt lat="-0.68761" lon="36.31532">
        <ele>1971.3</ele>
      </trkpt>
      <trkpt lat="-0.68753" lon="36.31548">
        <ele>1971.3</ele>
      </trkpt>
      <trkpt lat="-0.68745" lon="36.31564">
        <ele>1971.5</ele>
      </trkpt>
      <trkpt lat="-0.68737" lon="36.3158">
        <ele>1971.7</ele>
      </trkpt>
      <trkpt lat="-0.68729" lon="36.3159599">
        <ele>1971.8</ele>
      </trkpt>
      <trkpt lat="-0.68723" lon="36.3161">
        <ele>1971.9</ele>
      </trkpt>
      <trkpt lat="-0.68658" lon="36.31679">
        <ele>1973.1</ele>
      </trkpt>
      <trkpt lat="-0.68646" lon="36.31692">
        <ele>1973.1</ele>
      </trkpt>
      <trkpt lat="-0.6851" lon="36.31836">
        <ele>1974.5</ele>
      </trkpt>
      <trkpt lat="-0.68303" lon="36.32045">
        <ele>1980.0</ele>
      </trkpt>
      <trkpt lat="-0.6822" lon="36.32088">
        <ele>1981.1</ele>
      </trkpt>
      <trkpt lat="-0.68045" lon="36.32153">
        <ele>1988.3</ele>
      </trkpt>
      <trkpt lat="-0.68028" lon="36.32159">
        <ele>1988.6</ele>
      </trkpt>
      <trkpt lat="-0.67944" lon="36.32191">
        <ele>1993.9</ele>
      </trkpt>
      <trkpt lat="-0.67843" lon="36.32228">
        <ele>1996.7</ele>
      </trkpt>
      <trkpt lat="-0.67832" lon="36.32232">
        <ele>1996.5</ele>
      </trkpt>
      <trkpt lat="-0.67803" lon="36.32243">
        <ele>1996.4</ele>
      </trkpt>
      <trkpt lat="-0.67786" lon="36.32249">
        <ele>1996.3</ele>
      </trkpt>
      <trkpt lat="-0.67779" lon="36.32252">
        <ele>1996.5</ele>
      </trkpt>
      <trkpt lat="-0.67769" lon="36.3225399">
        <ele>1997.3</ele>
      </trkpt>
      <trkpt lat="-0.6775099" lon="36.32258">
        <ele>1998.5</ele>
      </trkpt>
      <trkpt lat="-0.67716" lon="36.32266">
        <ele>2002.1</ele>
      </trkpt>
      <trkpt lat="-0.67699" lon="36.32271">
        <ele>2003.7</ele>
      </trkpt>
      <trkpt lat="-0.67694" lon="36.3227199">
        <ele>2004.1</ele>
      </trkpt>
      <trkpt lat="-0.67541" lon="36.32307">
        <ele>2013.8</ele>
      </trkpt>
      <trkpt lat="-0.67471" lon="36.32324">
        <ele>2017.9</ele>
      </trkpt>
      <trkpt lat="-0.67436" lon="36.32332">
        <ele>2021.6</ele>
      </trkpt>
      <trkpt lat="-0.67419" lon="36.32336">
        <ele>2024.0</ele>
      </trkpt>
      <trkpt lat="-0.67399" lon="36.32341">
        <ele>2026.4</ele>
      </trkpt>
      <trkpt lat="-0.67376" lon="36.32346">
        <ele>2028.7</ele>
      </trkpt>
      <trkpt lat="-0.67366" lon="36.32348">
        <ele>2029.6</ele>
      </trkpt>
      <trkpt lat="-0.67348" lon="36.32353">
        <ele>2031.0</ele>
      </trkpt>
      <trkpt lat="-0.67331" lon="36.3235699">
        <ele>2032.1</ele>
      </trkpt>
      <trkpt lat="-0.67261" lon="36.32374">
        <ele>2033.0</ele>
      </trkpt>
      <trkpt lat="-0.67226" lon="36.32382">
        <ele>2032.9</ele>
      </trkpt>
      <trkpt lat="-0.67156" lon="36.32399">
        <ele>2032.9</ele>
      </trkpt>
      <trkpt lat="-0.67139" lon="36.32403">
        <ele>2032.9</ele>
      </trkpt>
      <trkpt lat="-0.67061" lon="36.3242199">
        <ele>2033.5</ele>
      </trkpt>
      <trkpt lat="-0.66997" lon="36.32454">
        <ele>2033.2</ele>
      </trkpt>
      <trkpt lat="-0.66983" lon="36.32461">
        <ele>2032.8</ele>
      </trkpt>
      <trkpt lat="-0.66981" lon="36.32462">
        <ele>2032.8</ele>
      </trkpt>
      <trkpt lat="-0.66913" lon="36.32487">
        <ele>2030.3</ele>
      </trkpt>
      <trkpt lat="-0.66897" lon="36.32493">
        <ele>2029.9</ele>
      </trkpt>
      <trkpt lat="-0.66873" lon="36.32502">
        <ele>2029.4</ele>
      </trkpt>
      <trkpt lat="-0.66855" lon="36.32503">
        <ele>2029.5</ele>
      </trkpt>
      <trkpt lat="-0.66837" lon="36.32504">
        <ele>2029.5</ele>
      </trkpt>
      <trkpt lat="-0.6681899" lon="36.32505">
        <ele>2028.5</ele>
      </trkpt>
      <trkpt lat="-0.66801" lon="36.32506">
        <ele>2027.1</ele>
      </trkpt>
      <trkpt lat="-0.66783" lon="36.3250699">
        <ele>2025.8</ele>
      </trkpt>
      <trkpt lat="-0.66765" lon="36.32508">
        <ele>2024.5</ele>
      </trkpt>
      <trkpt lat="-0.66747" lon="36.32509">
        <ele>2023.3</ele>
      </trkpt>
      <trkpt lat="-0.66729" lon="36.3251">
        <ele>2022.1</ele>
      </trkpt>
      <trkpt lat="-0.66711" lon="36.32511">
        <ele>2020.9</ele>
      </trkpt>
      <trkpt lat="-0.66693" lon="36.32513">
        <ele>2019.7</ele>
      </trkpt>
      <trkpt lat="-0.66675" lon="36.32515">
        <ele>2018.4</ele>
      </trkpt>
      <trkpt lat="-0.66657" lon="36.32517">
        <ele>2017.9</ele>
      </trkpt>
      <trkpt lat="-0.6664" lon="36.32519">
        <ele>2017.9</ele>
      </trkpt>
      <trkpt lat="-0.66622" lon="36.3252">
        <ele>2018.0</ele>
      </trkpt>
      <trkpt lat="-0.66604" lon="36.32522">
        <ele>2017.9</ele>
      </trkpt>
      <trkpt lat="-0.66586" lon="36.32524">
        <ele>2017.8</ele>
      </trkpt>
      <trkpt lat="-0.66568" lon="36.32526">
        <ele>2016.9</ele>
      </trkpt>
      <trkpt lat="-0.66551" lon="36.32528">
        <ele>2015.9</ele>
      </trkpt>
      <trkpt lat="-0.6655" lon="36.32528">
        <ele>2015.8</ele>
      </trkpt>
      <trkpt lat="-0.66532" lon="36.32527">
        <ele>2015.2</ele>
      </trkpt>
      <trkpt lat="-0.66514" lon="36.32527">
        <ele>2014.4</ele>
      </trkpt>
      <trkpt lat="-0.66496" lon="36.32527">
        <ele>2013.7</ele>
      </trkpt>
      <trkpt lat="-0.66478" lon="36.32526">
        <ele>2013.3</ele>
      </trkpt>
      <trkpt lat="-0.6646" lon="36.32526">
        <ele>2012.8</ele>
      </trkpt>
      <trkpt lat="-0.66442" lon="36.32526">
        <ele>2012.3</ele>
      </trkpt>
      <trkpt lat="-0.66424" lon="36.3252499">
        <ele>2012.0</ele>
      </trkpt>
      <trkpt lat="-0.66406" lon="36.3252499">
        <ele>2011.5</ele>
      </trkpt>
      <trkpt lat="-0.66388" lon="36.32524">
        <ele>2011.2</ele>
      </trkpt>
      <trkpt lat="-0.6637" lon="36.32524">
        <ele>2010.8</ele>
      </trkpt>
      <trkpt lat="-0.66369" lon="36.32524">
        <ele>2010.7</ele>
      </trkpt>
      <trkpt lat="-0.6635" lon="36.32522">
        <ele>2010.5</ele>
      </trkpt>
      <trkpt lat="-0.66262" lon="36.3251">
        <ele>2008.2</ele>
      </trkpt>
      <trkpt lat="-0.66245" lon="36.3250699">
        <ele>2008.0</ele>
      </trkpt>
      <trkpt lat="-0.66162" lon="36.32496">
        <ele>2008.8</ele>
      </trkpt>
      <trkpt lat="-0.6611399" lon="36.32483">
        <ele>2011.8</ele>
      </trkpt>
      <trkpt lat="-0.66011" lon="36.32531">
        <ele>2018.7</ele>
      </trkpt>
      <trkpt lat="-0.66002" lon="36.32535">
        <ele>2019.8</ele>
      </trkpt>
      <trkpt lat="-0.65996" lon="36.3254">
        <ele>2020.6</ele>
      </trkpt>
      <trkpt lat="-0.65982" lon="36.32551">
        <ele>2022.4</ele>
      </trkpt>
      <trkpt lat="-0.65968" lon="36.32562">
        <ele>2024.1</ele>
      </trkpt>
      <trkpt lat="-0.65954" lon="36.32574">
        <ele>2025.7</ele>
      </trkpt>
      <trkpt lat="-0.65917" lon="36.32604">
        <ele>2029.7</ele>
      </trkpt>
      <trkpt lat="-0.6591" lon="36.32603">
        <ele>2030.3</ele>
      </trkpt>
      <trkpt lat="-0.65893" lon="36.32602">
        <ele>2031.7</ele>
      </trkpt>
      <trkpt lat="-0.6587499" lon="36.32602">
        <ele>2033.2</ele>
      </trkpt>
      <trkpt lat="-0.65857" lon="36.3260099">
        <ele>2034.8</ele>
      </trkpt>
      <trkpt lat="-0.65821" lon="36.32599">
        <ele>2037.3</ele>
      </trkpt>
      <trkpt lat="-0.65785" lon="36.32597">
        <ele>2038.8</ele>
      </trkpt>
      <trkpt lat="-0.65749" lon="36.32596">
        <ele>2040.1</ele>
      </trkpt>
      <trkpt lat="-0.65736" lon="36.32595">
        <ele>2039.8</ele>
      </trkpt>
      <trkpt lat="-0.6573099" lon="36.32594">
        <ele>2039.7</ele>
      </trkpt>
      <trkpt lat="-0.6571399" lon="36.32589">
        <ele>2039.7</ele>
      </trkpt>
      <trkpt lat="-0.65696" lon="36.32584">
        <ele>2039.6</ele>
      </trkpt>
      <trkpt lat="-0.65644" lon="36.3257">
        <ele>2037.1</ele>
      </trkpt>
      <trkpt lat="-0.65582" lon="36.32552">
        <ele>2030.9</ele>
      </trkpt>
      <trkpt lat="-0.65552" lon="36.32521">
        <ele>2030.3</ele>
      </trkpt>
      <trkpt lat="-0.6554" lon="36.32508">
        <ele>2030.1</ele>
      </trkpt>
      <trkpt lat="-0.65527" lon="36.32495">
        <ele>2029.8</ele>
      </trkpt>
      <trkpt lat="-0.65502" lon="36.3246899">
        <ele>2028.9</ele>
      </trkpt>
      <trkpt lat="-0.65478" lon="36.32443">
        <ele>2031.3</ele>
      </trkpt>
      <trkpt lat="-0.65478" lon="36.32443">
        <ele>2031.3</ele>
      </trkpt>
      <trkpt lat="-0.65482" lon="36.32377">
        <ele>2037.2</ele>
      </trkpt>
      <trkpt lat="-0.65481" lon="36.32371">
        <ele>2037.7</ele>
      </trkpt>
      <trkpt lat="-0.65473" lon="36.3232799">
        <ele>2041.6</ele>
      </trkpt>
      <trkpt lat="-0.65457" lon="36.32292">
        <ele>2045.5</ele>
      </trkpt>
      <trkpt lat="-0.65438" lon="36.3226299">
        <ele>2046.5</ele>
      </trkpt>
      <trkpt lat="-0.65412" lon="36.32235">
        <ele>2047.6</ele>
      </trkpt>
      <trkpt lat="-0.65394" lon="36.3222">
        <ele>2050.9</ele>
      </trkpt>
      <trkpt lat="-0.65386" lon="36.32213">
        <ele>2052.4</ele>
      </trkpt>
      <trkpt lat="-0.65351" lon="36.32202">
        <ele>2054.2</ele>
      </trkpt>
      <trkpt lat="-0.65295" lon="36.3217799">
        <ele>2056.5</ele>
      </trkpt>
      <trkpt lat="-0.6526999" lon="36.32152">
        <ele>2057.7</ele>
      </trkpt>
      <trkpt lat="-0.65252" lon="36.32133">
        <ele>2057.6</ele>
      </trkpt>
      <trkpt lat="-0.65215" lon="36.32082">
        <ele>2057.3</ele>
      </trkpt>
      <trkpt lat="-0.65194" lon="36.32032">
        <ele>2057.4</ele>
      </trkpt>
      <trkpt lat="-0.6519" lon="36.32022">
        <ele>2057.5</ele>
      </trkpt>
      <trkpt lat="-0.65177" lon="36.31988">
        <ele>2058.1</ele>
      </trkpt>
      <trkpt lat="-0.65135" lon="36.31921">
        <ele>2058.9</ele>
      </trkpt>
      <trkpt lat="-0.65132" lon="36.3191599">
        <ele>2058.9</ele>
      </trkpt>
      <trkpt lat="-0.65124" lon="36.31906">
        <ele>2059.1</ele>
      </trkpt>
      <trkpt lat="-0.65051" lon="36.31819">
        <ele>2059.2</ele>
      </trkpt>
      <trkpt lat="-0.65027" lon="36.31778">
        <ele>2059.5</ele>
      </trkpt>
      <trkpt lat="-0.6500899" lon="36.3174599">
        <ele>2058.7</ele>
      </trkpt>
      <trkpt lat="-0.64993" lon="36.3171899">
        <ele>2059.0</ele>
      </trkpt>
      <trkpt lat="-0.64942" lon="36.3164">
        <ele>2067.4</ele>
      </trkpt>
      <trkpt lat="-0.64933" lon="36.3162499">
        <ele>2068.6</ele>
      </trkpt>
      <trkpt lat="-0.6488699" lon="36.31574">
        <ele>2072.1</ele>
      </trkpt>
      <trkpt lat="-0.6488699" lon="36.31574">
        <ele>2072.1</ele>
      </trkpt>
      <trkpt lat="-0.64879" lon="36.31568">
        <ele>2072.9</ele>
      </trkpt>
      <trkpt lat="-0.64866" lon="36.31558">
        <ele>2073.7</ele>
      </trkpt>
      <trkpt lat="-0.64853" lon="36.31548">
        <ele>2074.0</ele>
      </trkpt>
      <trkpt lat="-0.6482599" lon="36.31517">
        <ele>2074.1</ele>
      </trkpt>
      <trkpt lat="-0.64816" lon="36.31494">
        <ele>2075.1</ele>
      </trkpt>
      <trkpt lat="-0.64806" lon="36.31471">
        <ele>2077.1</ele>
      </trkpt>
      <trkpt lat="-0.64789" lon="36.31429">
        <ele>2079.2</ele>
      </trkpt>
      <trkpt lat="-0.64736" lon="36.3130499">
        <ele>2086.1</ele>
      </trkpt>
      <trkpt lat="-0.6472" lon="36.3127">
        <ele>2086.8</ele>
      </trkpt>
      <trkpt lat="-0.64674" lon="36.31196">
        <ele>2086.1</ele>
      </trkpt>
      <trkpt lat="-0.64667" lon="36.3118399">
        <ele>2086.0</ele>
      </trkpt>
      <trkpt lat="-0.64635" lon="36.31135">
        <ele>2088.0</ele>
      </trkpt>
      <trkpt lat="-0.64628" lon="36.31124">
        <ele>2088.5</ele>
      </trkpt>
      <trkpt lat="-0.64601" lon="36.31054">
        <ele>2091.3</ele>
      </trkpt>
      <trkpt lat="-0.6458199" lon="36.30997">
        <ele>2093.3</ele>
      </trkpt>
      <trkpt lat="-0.64581" lon="36.30992">
        <ele>2093.7</ele>
      </trkpt>
      <trkpt lat="-0.64579" lon="36.30927">
        <ele>2098.4</ele>
      </trkpt>
      <trkpt lat="-0.64586" lon="36.30824">
        <ele>2104.4</ele>
      </trkpt>
      <trkpt lat="-0.64586" lon="36.30822">
        <ele>2104.6</ele>
      </trkpt>
      <trkpt lat="-0.64586" lon="36.30684">
        <ele>2114.4</ele>
      </trkpt>
      <trkpt lat="-0.64584" lon="36.30624">
        <ele>2118.5</ele>
      </trkpt>
      <trkpt lat="-0.64581" lon="36.30539">
        <ele>2122.6</ele>
      </trkpt>
      <trkpt lat="-0.64575" lon="36.30436">
        <ele>2127.3</ele>
      </trkpt>
      <trkpt lat="-0.64572" lon="36.30403">
        <ele>2129.3</ele>
      </trkpt>
      <trkpt lat="-0.64568" lon="36.30305">
        <ele>2135.6</ele>
      </trkpt>
      <trkpt lat="-0.64562" lon="36.30254">
        <ele>2138.3</ele>
      </trkpt>
      <trkpt lat="-0.64551" lon="36.30225">
        <ele>2140.6</ele>
      </trkpt>
      <trkpt lat="-0.64528" lon="36.30183">
        <ele>2144.2</ele>
      </trkpt>
      <trkpt lat="-0.64517" lon="36.30163">
        <ele>2145.7</ele>
      </trkpt>
      <trkpt lat="-0.64501" lon="36.30137">
        <ele>2147.4</ele>
      </trkpt>
      <trkpt lat="-0.64428" lon="36.30019">
        <ele>2153.0</ele>
      </trkpt>
      <trkpt lat="-0.64342" lon="36.29876">
        <ele>2162.3</ele>
      </trkpt>
      <trkpt lat="-0.64333" lon="36.2986099">
        <ele>2163.4</ele>
      </trkpt>
      <trkpt lat="-0.64293" lon="36.298">
        <ele>2167.0</ele>
      </trkpt>
      <trkpt lat="-0.64184" lon="36.2963499">
        <ele>2179.9</ele>
      </trkpt>
      <trkpt lat="-0.64159" lon="36.29598">
        <ele>2181.6</ele>
      </trkpt>
      <trkpt lat="-0.64102" lon="36.29517">
        <ele>2188.9</ele>
      </trkpt>
      <trkpt lat="-0.64041" lon="36.29428">
        <ele>2196.7</ele>
      </trkpt>
      <trkpt lat="-0.64009" lon="36.2938199">
        <ele>2200.8</ele>
      </trkpt>
      <trkpt lat="-0.63952" lon="36.29302">
        <ele>2210.9</ele>
      </trkpt>
      <trkpt lat="-0.63912" lon="36.29253">
        <ele>2217.0</ele>
      </trkpt>
      <trkpt lat="-0.63848" lon="36.29192">
        <ele>2224.8</ele>
      </trkpt>
      <trkpt lat="-0.63781" lon="36.29137">
        <ele>2234.9</ele>
      </trkpt>
      <trkpt lat="-0.63742" lon="36.29113">
        <ele>2240.0</ele>
      </trkpt>
      <trkpt lat="-0.63721" lon="36.29098">
        <ele>2241.8</ele>
      </trkpt>
      <trkpt lat="-0.63718" lon="36.29096">
        <ele>2242.1</ele>
      </trkpt>
      <trkpt lat="-0.637" lon="36.29086">
        <ele>2243.6</ele>
      </trkpt>
      <trkpt lat="-0.6369" lon="36.29077">
        <ele>2244.8</ele>
      </trkpt>
      <trkpt lat="-0.63682" lon="36.2906199">
        <ele>2246.6</ele>
      </trkpt>
      <trkpt lat="-0.6368" lon="36.29022">
        <ele>2250.7</ele>
      </trkpt>
      <trkpt lat="-0.63673" lon="36.28992">
        <ele>2254.4</ele>
      </trkpt>
      <trkpt lat="-0.63658" lon="36.28967">
        <ele>2258.5</ele>
      </trkpt>
      <trkpt lat="-0.63623" lon="36.28937">
        <ele>2265.3</ele>
      </trkpt>
      <trkpt lat="-0.6361599" lon="36.2893">
        <ele>2266.6</ele>
      </trkpt>
      <trkpt lat="-0.63607" lon="36.28929">
        <ele>2267.6</ele>
      </trkpt>
      <trkpt lat="-0.6359399" lon="36.28928">
        <ele>2269.0</ele>
      </trkpt>
      <trkpt lat="-0.63569" lon="36.28935">
        <ele>2270.7</ele>
      </trkpt>
      <trkpt lat="-0.6355499" lon="36.28947">
        <ele>2270.8</ele>
      </trkpt>
      <trkpt lat="-0.63545" lon="36.28958">
        <ele>2270.7</ele>
      </trkpt>
      <trkpt lat="-0.63532" lon="36.28965">
        <ele>2271.3</ele>
      </trkpt>
      <trkpt lat="-0.63529" lon="36.28965">
        <ele>2271.5</ele>
      </trkpt>
      <trkpt lat="-0.63518" lon="36.28968">
        <ele>2272.2</ele>
      </trkpt>
      <trkpt lat="-0.63505" lon="36.28965">
        <ele>2273.5</ele>
      </trkpt>
      <trkpt lat="-0.63495" lon="36.2896">
        <ele>2274.1</ele>
      </trkpt>
      <trkpt lat="-0.63491" lon="36.28958">
        <ele>2274.0</ele>
      </trkpt>
      <trkpt lat="-0.63481" lon="36.28924">
        <ele>2276.8</ele>
      </trkpt>
      <trkpt lat="-0.63469" lon="36.2889399">
        <ele>2280.2</ele>
      </trkpt>
      <trkpt lat="-0.63458" lon="36.2886499">
        <ele>2283.8</ele>
      </trkpt>
      <trkpt lat="-0.63438" lon="36.28815">
        <ele>2291.1</ele>
      </trkpt>
      <trkpt lat="-0.63415" lon="36.2878">
        <ele>2296.9</ele>
      </trkpt>
      <trkpt lat="-0.63391" lon="36.28755">
        <ele>2300.6</ele>
      </trkpt>
      <trkpt lat="-0.6337699" lon="36.2874">
        <ele>2302.6</ele>
      </trkpt>
      <trkpt lat="-0.63364" lon="36.28731">
        <ele>2303.6</ele>
      </trkpt>
      <trkpt lat="-0.63324" lon="36.28699">
        <ele>2306.7</ele>
      </trkpt>
      <trkpt lat="-0.63254" lon="36.28658">
        <ele>2310.2</ele>
      </trkpt>
      <trkpt lat="-0.63219" lon="36.28632">
        <ele>2313.4</ele>
      </trkpt>
      <trkpt lat="-0.63197" lon="36.28616">
        <ele>2315.3</ele>
      </trkpt>
      <trkpt lat="-0.63163" lon="36.28584">
        <ele>2318.7</ele>
      </trkpt>
      <trkpt lat="-0.63124" lon="36.28558">
        <ele>2320.8</ele>
      </trkpt>
      <trkpt lat="-0.631" lon="36.28538">
        <ele>2322.8</ele>
      </trkpt>
      <trkpt lat="-0.63098" lon="36.28533">
        <ele>2323.4</ele>
      </trkpt>
      <trkpt lat="-0.63088" lon="36.28513">
        <ele>2326.1</ele>
      </trkpt>
      <trkpt lat="-0.63085" lon="36.2849999">
        <ele>2328.1</ele>
      </trkpt>
      <trkpt lat="-0.63079" lon="36.2848">
        <ele>2329.8</ele>
      </trkpt>
      <trkpt lat="-0.6307199" lon="36.2844399">
        <ele>2333.2</ele>
      </trkpt>
      <trkpt lat="-0.63069" lon="36.28437">
        <ele>2333.8</ele>
      </trkpt>
      <trkpt lat="-0.63058" lon="36.2844">
        <ele>2332.7</ele>
      </trkpt>
      <trkpt lat="-0.63041" lon="36.28421">
        <ele>2333.9</ele>
      </trkpt>
      <trkpt lat="-0.63023" lon="36.28403">
        <ele>2334.8</ele>
      </trkpt>
      <trkpt lat="-0.63014" lon="36.28393">
        <ele>2335.2</ele>
      </trkpt>
      <trkpt lat="-0.63008" lon="36.28381">
        <ele>2336.0</ele>
      </trkpt>
      <trkpt lat="-0.62998" lon="36.28371">
        <ele>2336.3</ele>
      </trkpt>
      <trkpt lat="-0.6297199" lon="36.28354">
        <ele>2337.0</ele>
      </trkpt>
      <trkpt lat="-0.6296" lon="36.28352">
        <ele>2336.8</ele>
      </trkpt>
      <trkpt lat="-0.62925" lon="36.28352">
        <ele>2335.5</ele>
      </trkpt>
      <trkpt lat="-0.62875" lon="36.28357">
        <ele>2332.9</ele>
      </trkpt>
      <trkpt lat="-0.628" lon="36.28367">
        <ele>2325.8</ele>
      </trkpt>
      <trkpt lat="-0.62771" lon="36.28366">
        <ele>2322.2</ele>
      </trkpt>
      <trkpt lat="-0.62758" lon="36.28361">
        <ele>2321.0</ele>
      </trkpt>
      <trkpt lat="-0.6274499" lon="36.28354">
        <ele>2320.2</ele>
      </trkpt>
      <trkpt lat="-0.62692" lon="36.28307">
        <ele>2316.5</ele>
      </trkpt>
      <trkpt lat="-0.62559" lon="36.28206">
        <ele>2311.3</ele>
      </trkpt>
      <trkpt lat="-0.6248399" lon="36.28144">
        <ele>2310.0</ele>
      </trkpt>
      <trkpt lat="-0.62415" lon="36.28083">
        <ele>2309.0</ele>
      </trkpt>
      <trkpt lat="-0.62403" lon="36.28074">
        <ele>2308.7</ele>
      </trkpt>
      <trkpt lat="-0.62383" lon="36.28056">
        <ele>2308.0</ele>
      </trkpt>
      <trkpt lat="-0.6236" lon="36.28042">
        <ele>2307.1</ele>
      </trkpt>
      <trkpt lat="-0.62332" lon="36.28031">
        <ele>2306.0</ele>
      </trkpt>
      <trkpt lat="-0.623" lon="36.2802099">
        <ele>2303.5</ele>
      </trkpt>
      <trkpt lat="-0.62251" lon="36.2801">
        <ele>2300.1</ele>
      </trkpt>
      <trkpt lat="-0.62125" lon="36.27976">
        <ele>2291.8</ele>
      </trkpt>
      <trkpt lat="-0.62103" lon="36.27967">
        <ele>2290.7</ele>
      </trkpt>
      <trkpt lat="-0.6202569" lon="36.279195">
        <ele>2280.9</ele>
      </trkpt>
      <trkpt lat="-0.619483" lon="36.27872">
        <ele>2272.7</ele>
      </trkpt>
      <trkpt lat="-0.61871" lon="36.278245">
        <ele>2263.7</ele>
      </trkpt>
      <trkpt lat="-0.617937" lon="36.2777699">
        <ele>2255.9</ele>
      </trkpt>
      <trkpt lat="-0.617163" lon="36.277295">
        <ele>2252.1</ele>
      </trkpt>
      <trkpt lat="-0.61639" lon="36.27682">
        <ele>2250.7</ele>
      </trkpt>
      <trkpt lat="-0.6153499" lon="36.27631">
        <ele>2245.6</ele>
      </trkpt>
      <trkpt lat="-0.6131" lon="36.27517">
        <ele>2235.1</ele>
      </trkpt>
      <trkpt lat="-0.61082" lon="36.27403">
        <ele>2223.2</ele>
      </trkpt>
      <trkpt lat="-0.61044" lon="36.27385">
        <ele>2220.9</ele>
      </trkpt>
      <trkpt lat="-0.61" lon="36.27371">
        <ele>2218.8</ele>
      </trkpt>
      <trkpt lat="-0.60993" lon="36.27371">
        <ele>2218.3</ele>
      </trkpt>
      <trkpt lat="-0.60972" lon="36.27373">
        <ele>2216.5</ele>
      </trkpt>
      <trkpt lat="-0.6092" lon="36.27387">
        <ele>2211.1</ele>
      </trkpt>
      <trkpt lat="-0.60844" lon="36.2741">
        <ele>2203.4</ele>
      </trkpt>
      <trkpt lat="-0.60589" lon="36.27482">
        <ele>2193.6</ele>
      </trkpt>
      <trkpt lat="-0.6048" lon="36.27516">
        <ele>2187.5</ele>
      </trkpt>
      <trkpt lat="-0.60432" lon="36.27527">
        <ele>2183.7</ele>
      </trkpt>
      <trkpt lat="-0.60405" lon="36.2753">
        <ele>2181.2</ele>
      </trkpt>
      <trkpt lat="-0.6038599" lon="36.2753299">
        <ele>2178.9</ele>
      </trkpt>
      <trkpt lat="-0.60373" lon="36.27532">
        <ele>2177.4</ele>
      </trkpt>
      <trkpt lat="-0.60359" lon="36.27529">
        <ele>2175.7</ele>
      </trkpt>
      <trkpt lat="-0.6035" lon="36.27525">
        <ele>2174.7</ele>
      </trkpt>
      <trkpt lat="-0.60332" lon="36.27513">
        <ele>2172.7</ele>
      </trkpt>
      <trkpt lat="-0.60294" lon="36.27482">
        <ele>2169.8</ele>
      </trkpt>
      <trkpt lat="-0.60124" lon="36.2732699">
        <ele>2165.5</ele>
      </trkpt>
      <trkpt lat="-0.60014" lon="36.27227">
        <ele>2164.3</ele>
      </trkpt>
      <trkpt lat="-0.59985" lon="36.27208">
        <ele>2164.8</ele>
      </trkpt>
      <trkpt lat="-0.59959" lon="36.27197">
        <ele>2164.9</ele>
      </trkpt>
      <trkpt lat="-0.59946" lon="36.2719499">
        <ele>2164.7</ele>
      </trkpt>
      <trkpt lat="-0.59885" lon="36.27193">
        <ele>2162.5</ele>
      </trkpt>
      <trkpt lat="-0.59871" lon="36.27191">
        <ele>2161.9</ele>
      </trkpt>
      <trkpt lat="-0.59855" lon="36.2718599">
        <ele>2161.1</ele>
      </trkpt>
      <trkpt lat="-0.59828" lon="36.27173">
        <ele>2159.4</ele>
      </trkpt>
      <trkpt lat="-0.59811" lon="36.27156">
        <ele>2157.6</ele>
      </trkpt>
      <trkpt lat="-0.59805" lon="36.27147">
        <ele>2156.9</ele>
      </trkpt>
      <trkpt lat="-0.59753" lon="36.27055">
        <ele>2150.5</ele>
      </trkpt>
      <trkpt lat="-0.59726" lon="36.27014">
        <ele>2148.9</ele>
      </trkpt>
      <trkpt lat="-0.59726" lon="36.26992">
        <ele>2150.1</ele>
      </trkpt>
      <trkpt lat="-0.59723" lon="36.26977">
        <ele>2151.2</ele>
      </trkpt>
      <trkpt lat="-0.59715" lon="36.26949">
        <ele>2152.9</ele>
      </trkpt>
      <trkpt lat="-0.59709" lon="36.26936">
        <ele>2153.3</ele>
      </trkpt>
      <trkpt lat="-0.59708" lon="36.26923">
        <ele>2154.4</ele>
      </trkpt>
      <trkpt lat="-0.59702" lon="36.26905">
        <ele>2155.3</ele>
      </trkpt>
      <trkpt lat="-0.597" lon="36.26893">
        <ele>2156.1</ele>
      </trkpt>
      <trkpt lat="-0.59702" lon="36.26878">
        <ele>2157.6</ele>
      </trkpt>
      <trkpt lat="-0.59715" lon="36.26864">
        <ele>2160.0</ele>
      </trkpt>
      <trkpt lat="-0.59735" lon="36.26835">
        <ele>2163.8</ele>
      </trkpt>
      <trkpt lat="-0.59745" lon="36.26827">
        <ele>2164.7</ele>
      </trkpt>
      <trkpt lat="-0.59751" lon="36.26817">
        <ele>2165.3</ele>
      </trkpt>
      <trkpt lat="-0.59755" lon="36.26807">
        <ele>2165.7</ele>
      </trkpt>
      <trkpt lat="-0.59757" lon="36.26793">
        <ele>2166.0</ele>
      </trkpt>
      <trkpt lat="-0.59758" lon="36.26784">
        <ele>2166.2</ele>
      </trkpt>
      <trkpt lat="-0.59751" lon="36.26743">
        <ele>2165.6</ele>
      </trkpt>
      <trkpt lat="-0.5974" lon="36.26728">
        <ele>2163.6</ele>
      </trkpt>
      <trkpt lat="-0.59739" lon="36.26723">
        <ele>2163.2</ele>
      </trkpt>
      <trkpt lat="-0.59739" lon="36.26715">
        <ele>2162.6</ele>
      </trkpt>
      <trkpt lat="-0.59743" lon="36.26702">
        <ele>2162.0</ele>
      </trkpt>
      <trkpt lat="-0.59768" lon="36.26663">
        <ele>2161.4</ele>
      </trkpt>
      <trkpt lat="-0.59806" lon="36.26611">
        <ele>2160.0</ele>
      </trkpt>
      <trkpt lat="-0.59822" lon="36.26581">
        <ele>2158.9</ele>
      </trkpt>
      <trkpt lat="-0.59836" lon="36.26563">
        <ele>2160.6</ele>
      </trkpt>
      <trkpt lat="-0.59844" lon="36.26555">
        <ele>2161.6</ele>
      </trkpt>
      <trkpt lat="-0.59852" lon="36.26553">
        <ele>2162.6</ele>
      </trkpt>
      <trkpt lat="-0.59916" lon="36.26561">
        <ele>2170.2</ele>
      </trkpt>
      <trkpt lat="-0.59948" lon="36.2655699">
        <ele>2172.7</ele>
      </trkpt>
      <trkpt lat="-0.59963" lon="36.26553">
        <ele>2173.9</ele>
      </trkpt>
      <trkpt lat="-0.59973" lon="36.26553">
        <ele>2174.7</ele>
      </trkpt>
      <trkpt lat="-0.6000799" lon="36.26559">
        <ele>2176.9</ele>
      </trkpt>
      <trkpt lat="-0.60024" lon="36.26559">
        <ele>2177.5</ele>
      </trkpt>
      <trkpt lat="-0.60035" lon="36.26556">
        <ele>2177.9</ele>
      </trkpt>
      <trkpt lat="-0.60044" lon="36.26552">
        <ele>2178.3</ele>
      </trkpt>
      <trkpt lat="-0.60051" lon="36.26542">
        <ele>2178.5</ele>
      </trkpt>
      <trkpt lat="-0.60068" lon="36.26498">
        <ele>2178.8</ele>
      </trkpt>
      <trkpt lat="-0.60072" lon="36.2649199">
        <ele>2178.8</ele>
      </trkpt>
      <trkpt lat="-0.60093" lon="36.26475">
        <ele>2179.2</ele>
      </trkpt>
      <trkpt lat="-0.60115" lon="36.26453">
        <ele>2179.8</ele>
      </trkpt>
      <trkpt lat="-0.6012999" lon="36.26434">
        <ele>2180.4</ele>
      </trkpt>
      <trkpt lat="-0.60142" lon="36.26415">
        <ele>2181.2</ele>
      </trkpt>
      <trkpt lat="-0.60155" lon="36.26401">
        <ele>2182.1</ele>
      </trkpt>
      <trkpt lat="-0.60176" lon="36.26383">
        <ele>2183.7</ele>
      </trkpt>
      <trkpt lat="-0.60257" lon="36.26324">
        <ele>2187.7</ele>
      </trkpt>
      <trkpt lat="-0.60327" lon="36.26254">
        <ele>2190.9</ele>
      </trkpt>
      <trkpt lat="-0.6034699" lon="36.26237">
        <ele>2193.1</ele>
      </trkpt>
      <trkpt lat="-0.6035199" lon="36.2623">
        <ele>2193.9</ele>
      </trkpt>
      <trkpt lat="-0.60361" lon="36.26204">
        <ele>2195.4</ele>
      </trkpt>
      <trkpt lat="-0.60383" lon="36.2618">
        <ele>2197.3</ele>
      </trkpt>
      <trkpt lat="-0.60394" lon="36.26161">
        <ele>2198.2</ele>
      </trkpt>
      <trkpt lat="-0.60425" lon="36.26095">
        <ele>2202.7</ele>
      </trkpt>
      <trkpt lat="-0.60444" lon="36.26061">
        <ele>2204.8</ele>
      </trkpt>
      <trkpt lat="-0.60449" lon="36.26048">
        <ele>2205.6</ele>
      </trkpt>
      <trkpt lat="-0.6045199" lon="36.26046">
        <ele>2205.7</ele>
      </trkpt>
      <trkpt lat="-0.6034" lon="36.2593">
        <ele>2216.4</ele>
      </trkpt>
      <trkpt lat="-0.60339" lon="36.25923">
        <ele>2217.2</ele>
      </trkpt>
      <trkpt lat="-0.60342" lon="36.25914">
        <ele>2217.9</ele>
      </trkpt>
      <trkpt lat="-0.60355" lon="36.25901">
        <ele>2218.5</ele>
      </trkpt>
      <trkpt lat="-0.60357" lon="36.25898">
        <ele>2218.6</ele>
      </trkpt>
      <trkpt lat="-0.60353" lon="36.25897">
        <ele>2218.8</ele>
      </trkpt>
      <trkpt lat="-0.60451" lon="36.25795">
        <ele>2228.1</ele>
      </trkpt>
      <trkpt lat="-0.60467" lon="36.25791">
        <ele>2228.6</ele>
      </trkpt>
    </trkseg>
  </trk>
</gpx>